firstName,lastName,grade,mobile,fatherMobile,motherMobile,lifecycleStatus,readinessStatus,origin
بهنیا,؟,4,,09151091861,09155192041,unknown,normal,import
محمد پارسا,آبی,4,,09157025724,09155070515,unknown,normal,import
امیررضا,آتشکار,3,,09155051628,09354943452,unknown,normal,import
محمدامین,آجیلیان,3,,09153259512,09022259512,unknown,normal,import
محمدسجاد,آذر,3,,09159520573,09150518528,unknown,normal,import
محمدسجاد,آذرم نیا,6,,09153076303,09055416303,unknown,normal,import
ابوالفضل,آذرمهری,4,,09332667691,09354763793,unknown,normal,import
محمد رئوف,آذری,3,,09381531601,09363698155,unknown,normal,import
پرهام,آذری,6,,09151224181,09158836650,unknown,normal,import
سهیل,آرمان پژوه,5,,09155200710,09151587686,unknown,normal,import
سید محمد,آزاد,6,,09359825428,09359825428,unknown,normal,import
علی اصغر,آزاد,5,,09155681730,,unknown,normal,import
رهام,آزادنیا,6,,09911712183,09911712184,unknown,normal,import
احسان,آزادپور,5,,09394796456,09059495042,unknown,normal,import
امیرعلی,آزرم جو,3,,09931697739,09931697739,unknown,normal,import
محمد پارسا,آزرم جو,5,,09155239519,09365150436,unknown,normal,import
محمد سجاد,آزرم نیا,6,09377332853,09377874723,09055416303,class_seeker,normal,import
امیر مهدی,آشمیدن,4,,09308680841,09381777231,unknown,normal,import
علی,آصفی,4,,09151152282,09151038251,unknown,normal,import
حسن,آقاسی زاده,6,,,09037621467,class_seeker,normal,import
طاها,آقاسی زاده,4,,09397151290,,unknown,normal,import
امیرمحمد,آقاسی زاده شعرباف,3,,09158921050,09150023127,unknown,normal,import
سید محمدعلی,آقایی,6,,09156135992,09155105992,unknown,normal,import
محمد,آقایی فر,4,,09153194150,09151063959,unknown,normal,import
علیرضا,آقایی یزدی,4,,09158806386,09153146386,class_seeker,normal,import
سید مبین,آل هاشمی,6,,09155045216,09370365554,unknown,normal,import
مهدی,آمنده,5,,09155170600,09157003024,unknown,normal,import
آریا,آموزگار,3,,09154139775,09153254911,unknown,normal,import
سینا,آموزگار,4,,09157064652,09155224652,unknown,normal,import
مهدی,آموزگار,4,,09155117179,09155117179,unknown,normal,import
آرین مهدی,آهنگی,2,,09037440458,09301915585,unknown,normal,import
کسری,آوار,6,,09309772684,09331851350,unknown,normal,import
محمدصادق,آچکان,6,,09358284064,09105637721,unknown,normal,import
محمدحسین,آگاه,5,,09153888754,09156583211,unknown,normal,import
امیرحافظ,آینه چی,5,,09155571484,09151156371,unknown,normal,import
محمد,آیینه ثانی,5,,09159615412,09358918874,unknown,normal,import
امیر,ابدالی,3,,09157670746,09159148838,unknown,normal,import
امیرحسین,ابدالی,2,,09132430363,09132966101,unknown,normal,import
سجاد,ابراهیم زاده,6,,09153037370,09158086623,unknown,normal,import
علی,ابراهیم زاده,6,,09155245690,09155245690,unknown,normal,import
سید علی,ابراهیم زاده موسویان,4,,09155196422,09103401079,unknown,normal,import
محمد متین,ابراهیم پور,3,,09333992426,09151094425,unknown,normal,import
امیرعلی,ابراهیمی,3,,09153046181,09352566560,unknown,normal,import
امیرعلی,ابراهیمی,3,,09153186254,09376772076,unknown,normal,import
سیدعلی,ابراهیمی,6,,09153031138,09158088197,class_seeker,normal,import
عبدالمهدی,ابراهیمی,6,,09100777257,09130199424,unknown,normal,import
علی,ابراهیمی,3,,09155178175,09156196066,unknown,normal,import
پارسا,ابراهیمی,2,09396713092,09396713092,09035219429,unknown,normal,import
محمد صالح,ابراهیمی فردوسی,6,,09158259474,09151090501,class_seeker,normal,import
امیر سبحان,ابراهیمی مقدم,4,,09155220603,09155220603,unknown,normal,import
محمد کیان,ابراهیمی مقدم,5,,09153128827,09156832168,unknown,normal,import
علی سام,ابراهیمیان,6,,09155082749,09153015904,unknown,normal,import
سید سلمان,ابن,6,,09155009424,09352220044,unknown,normal,import
سید علی,ابن الرضا,4,,09151135240,09155071141,unknown,normal,import
محمدرضا,ابوالحسنی,6,,,,unknown,normal,import
سید سجاد ابولقاسم پور,ابوالقاسم پور,4,,09157709128,09158293307,unknown,normal,import
امیر,ابوتراب زاده,6,,09152222236,09307789334,unknown,normal,import
محمدرضا,ابیار,6,,09153290846,09153083166,unknown,normal,import
سید محمدحسین,اتابکی شریعتی,6,,09152153976,09151010073,unknown,normal,import
امیرعباس,اتش روز,4,,09354157004,09015536980,class_seeker,normal,import
محمد متین,اتوت,6,,09155253517,09155053720,unknown,normal,import
احسان,اثباتی,5,,09354074130,09105006242,class_seeker,normal,import
امیرعلی,اثنا عشری,5,,09155189890,09151011203,class_seeker,normal,import
سیدپارسا,احتشام نیک,3,,09154083961,09153018479,unknown,normal,import
میثم,احسان زاده,5,,09151034980,09358057140,unknown,normal,import
سید امیرعلی,احسان پور,5,,09013913242,,unknown,normal,import
محمدصالح,احسانی نیا,5,,09151584020,,unknown,normal,import
سید علی,احمد پناهی,5,,09158003955,09158003755,unknown,normal,import
حنان,احمدزاده,5,,09385061808,09150041808,unknown,normal,import
امیرحسین,احمدنیا,3,,09151042013,09351516027,unknown,normal,import
امیرحسین,احمدی,6,,09156475722,09364112470,unknown,normal,import
امیررضا,احمدی,5,09051961126,09015541993,09051961126,unknown,normal,import
بنیامین,احمدی,6,,09151207970,09154414989,unknown,normal,import
سامیار,احمدی,4,,09153147295,09154147295,unknown,normal,import
محسن,احمدی,6,,09155150822,,unknown,normal,import
محمد حسن,احمدی,5,,09151578850,09150010420,class_seeker,normal,import
محمد صدرا,احمدی,4,,,,unknown,normal,import
محمدجواد,احمدی,2,,09156475722,09364112470,unknown,normal,import
معین,احمدی,3,,09158774705,09159230051,unknown,normal,import
یاسر,احمدی,6,,09154032801,09154032801,unknown,normal,import
امیرعباس,احمدی آزاد,6,,09157369137,09153138907,class_seeker,normal,import
محمدمهدی,احمدی خرم,3,,09155178175,09156196066,unknown,normal,import
کیان,احمدی مجیدی,6,,09159138202,09156428202,unknown,normal,import
احمدرضا,احمدی کیا,5,,09151101588,09154089616,unknown,normal,import
علی,احمدیان,6,,09153180344,09156557152,class_seeker,normal,import
میثم,احمدیان,4,,09156007191,09355692826,unknown,normal,import
امیرعلی,احیایی پور,5,,09151231526,09151231526,unknown,normal,import
الیاس,اخلاقی,2,,09033027973,09025554990,unknown,normal,import
محمد,اخلاقی,5,,09151106885,09151028121,unknown,normal,import
محمد رضا,اخلاقی,3,,09016362050,09352600741,unknown,normal,import
محمدکسرا,اخلاقی,6,,09153145030,09153015279,class_seeker,normal,import
عرفان,اخلاقی سلطان زاده,2,,09159851020,09923804056,unknown,normal,import
امیرعلی,اخوان,3,,09151232604,09151238710,unknown,normal,import
محمد الیاس,اخوان طاهری,6,,09156000469,09156606860,unknown,normal,import
علی,اخوی زاده,3,,09152279286,09153020118,unknown,normal,import
محمدحسین,اخوی زاده,3,,09155176033,09156228562,unknown,normal,import
ابوالفضل,ادبی,3,,09156235609,09378067692,unknown,normal,import
محمدعلی,ارباب,3,,09366108995,09308686669,unknown,normal,import
محمد امین,ارتضاء,3,,,09156245035,unknown,normal,import
محمدحسین,اردکانی,3,,09155120312,09151255271,unknown,normal,import
امیر حسین,ارسطو,4,,09300902600,09015453305,unknown,normal,import
محمدجواد,ارسطو,6,,09013404637,09352707828,unknown,normal,import
ارشیا,ارشیا افچنگی,5,,09151189526,09356032637,unknown,normal,import
ثنا,ازادی,3,09153047390,09372543391,09153047390,unknown,normal,import
امیرعباس,استاد,2,,09029129151,09153085110,unknown,normal,import
محمدحسین,اسحاق زاده,4,,09365791015,09390485835,unknown,normal,import
کیان,اسدزاده,3,,09156260864,09155200183,unknown,normal,import
آریا,اسدی,6,,09159292315,09354197126,unknown,normal,import
سامیار,اسدی,3,,09153034376,09152334376,unknown,normal,import
محمدرضا,اسدی,6,,,09153044629,class_seeker,normal,import
محمدرضا,اسدی ازغدی,6,,09156211600,09151116873,unknown,normal,import
محمد صدرا,اسدی شهیدی,4,,09156540620,09038880713,unknown,normal,import
محمدمهدی,اسدیان,4,,09151104244,09354075595,unknown,normal,import
احمدرضا,اسعدی,4,,09155062005,09155000362,unknown,normal,import
محمدطاها,اسعدی,6,,09155056126,09151019606,unknown,normal,import
هامین,اسلامی,6,,09152001311,09152001311,unknown,normal,import
محمد مهدی,اسلامی فر,4,,09159014227,,unknown,normal,import
امیر,اسمائیل کرمی,6,,09151014077,09155793064,unknown,normal,import
مهدی,اسماعیل زاده,3,,09152022647,09385109607,unknown,normal,import
علی محمد,اسماعیل زادگان,4,,09155039168,09158129168,unknown,normal,import
امیر عباس,اسماعیلی,6,,09151023998,09151251906,class_seeker,normal,import
رادوین,اسماعیلی,3,,09150721360,,unknown,normal,import
سید امیرحسین,اسماعیلی,5,09155004410,09151230973,09151238068,unknown,normal,import
علیرضا,اسماعیلی,4,,09151157560,09151571436,unknown,normal,import
مانی,اسماعیلی,6,,09151597501,09151597501,unknown,normal,import
محمد,اسماعیلی,2,,09359923964,09368279612,unknown,normal,import
مهدیار,اسماعیلی شایه,6,,09152399385,09903342988,unknown,normal,import
محمد,اسماعیلیان,5,,09373419960,09156114476,unknown,normal,import
امیرعباس,اسکندری,3,,09155061968,09105001072,unknown,normal,import
سید مهدی,اشرفی,5,,09055816582,09356788344,unknown,normal,import
علی,اشرفی,3,,09151218086,09155246932,unknown,normal,import
علی,اشکذری,6,,09151155749,09155009586,unknown,normal,import
سیدمجتبی,اشکذری نداف,,,09357263731,,unknown,normal,import
امیرعباس,اصغر زاده,2,,09365016456,09153771151,unknown,normal,import
محمد,اصغری,6,,09156017217,,unknown,normal,import
محمدحسن,اصغری,5,09377332853,09377874723,09301103130,unknown,normal,import
محمدرضا,اصغری,2,,09158880936,,unknown,normal,import
رضا,اصلاح,5,,09156938095,09020260578,unknown,normal,import
محمدطاها,اصلانی,5,,09157172764,09155794189,unknown,normal,import
مهدیار,اطاعتی,5,,09150778870,09150091443,unknown,normal,import
محمد متین,اعتمادی فرد,5,,09153204811,09366730523,unknown,normal,import
زین العابدین,اعدادی,2,,09033404342,,unknown,normal,import
علیرضا,اعظم اسماعیلی,4,,09360397135,09153000433,unknown,normal,import
علیرضا,اعظم شریفی,4,,09151171189,09151040794,unknown,normal,import
سامیار,اعلم,5,,,09355174928,unknown,normal,import
ابوالفضل,اعلمی,5,,09159165158,09052623436,unknown,normal,import
حسین,اغاز,3,,09154351952,,unknown,normal,import
علیرضا,افتخاری پور,4,,09155196544,09155196544,unknown,normal,import
پرهام,افسریان,5,,09155145514,09153584685,unknown,normal,import
محمدباقر,افشار,6,,09151239396,09389757397,class_seeker,normal,import
مهرداد,افشار زاده,5,,09155089523,,unknown,normal,import
امیر حسین,افشاری,4,,09151115146,09153019785,unknown,normal,import
محمدجواد,افضل زاده,2,,09151119278,,unknown,normal,import
سید علیرضا,افهمی,5,,09397329760,,unknown,normal,import
محمدعطا,اقاسی زاده,6,,09023153300,09397151290,unknown,normal,import
علی,اقایی فر,2,,09153194150,09151063959,unknown,normal,import
بارمان,اقبال فر,3,,09155093221,09153138638,unknown,normal,import
محمد یوسف,اقطاعی,4,,09153109327,09153109327,unknown,normal,import
حسین,ال سلمان,2,,09151231526,,unknown,normal,import
محمد متین,الفی,6,,09156487718,09155217141,unknown,normal,import
محمدصدرا,الهی,2,,09154158815,09369016195,unknown,normal,import
مهزیار,امامی,6,,09159154493,09028014584,unknown,normal,import
میکاییل,امامی,5,,09151002956,09153582907,unknown,normal,import
امیرعلی,امامی دوست,5,09920392716,09159087218,09339851371,unknown,normal,import
علی,امبری قلعه نو,4,,09151001994,09151076537,unknown,normal,import
محمد سجاد,امت رضا,6,,09155029313,09152043166,unknown,normal,import
محمدماهان,املح القرا,3,,09350668544,09334350590,unknown,normal,import
حسین,امیدوار,3,,09154255118,09155974047,unknown,normal,import
محسن,امیدوار,4,,09364463272,09367575723,class_seeker,normal,import
محمد علی,امیدوار,6,,09155158162,09151080914,unknown,normal,import
محمد کیان,امیربیک,3,,09151228265,09155050402,unknown,normal,import
هستی,امیرزاده,2,,09154068937,09024929422,unknown,normal,import
علی,امین زاده,4,,09151581913,,unknown,normal,import
امیرسجاد,امینی,5,,09338248486,09303286130,unknown,normal,import
سید سلمان,امینی,3,,09155257517,09155257517,unknown,normal,import
محمدحسین,امینی,6,,09153196084,09153035035,unknown,normal,import
مهدیار,امینی,1,,09151091861,09338079314,unknown,normal,import
پارسا,انتخابی,5,,09365329201,09365329201,unknown,normal,import
امیرعلی,انتظاری,4,,09105004029,09369755096,unknown,normal,import
حسن,اندرگانی,2,,09158211546,,unknown,normal,import
امیرمهدی,انصاری,2,,09171102797,09171102797,unknown,normal,import
علی,انصاری,6,,09154143498,09155143498,unknown,normal,import
علی محمد,انیسی,4,,09151811503,09201811503,unknown,normal,import
محمد عماد,اوغازی,3,,09381389001,09381389001,unknown,normal,import
هادی,اولیا,5,,09155007918,09363751854,unknown,normal,import
یاسین,اژدری,6,,09158246599,09155127251,unknown,normal,import
امیرحسین,اکبرزاده,6,,09156610233,,unknown,normal,import
سید محمدحسین,اکبرزاده,3,,09389058630,09151021266,unknown,normal,import
محمدمهدیار,اکبرزاده,4,,09159185309,09154240831,unknown,normal,import
همایون,اکبرزاده,5,,09151188009,,unknown,normal,import
یزدان,اکبرزاده,5,,09155090144,09155088704,unknown,normal,import
امیرسینا,اکبری,2,,09024155269,09038663705,unknown,normal,import
سید امیرعباس,اکبری,6,,09156118232,09352766022,unknown,normal,import
علیرضا,اکبری,2,,09155132966,,unknown,normal,import
محمد سبحان,اکبری مقدم,2,,09155069960,09155197128,unknown,normal,import
امیرعلی,اکرمی,6,,,09150556521,class_seeker,normal,import
امیریوسف,اکرمی,5,,09155207992,09361145053,unknown,normal,import
محمدادریس,اکرمی,6,,09155204038,09155064986,unknown,normal,import
علیرضا,ایران زاد,5,,09157976966,09380346425,unknown,normal,import
حمید رضا,ایرانمنش,,,09380701818,09016362050,unknown,normal,import
علی,ایرانی,6,,09025388201,09150081892,unknown,normal,import
محسن,ایزد دوست,6,,09154730497,,unknown,normal,import
محمدرضا,ایزدی نجف آبادی,5,,09151584438,09151114335,class_seeker,normal,import
محمدپارسا,ایلخانی,6,,09153094489,09156504489,unknown,normal,import
طاها,ایمانی,3,,09151043022,,unknown,normal,import
محمدمهدی,ایمانی نژاد,5,,09385402727,09352338359,unknown,normal,import
امیرحسین,ایمانیان,1,,09151259531,09153018135,unknown,normal,import
امیرعلی,ایوب زاده,3,,09152058294,09365625902,unknown,normal,import
محمد حسام,با روح,6,,09151007131,,unknown,normal,import
حسین,باباخانی,5,,09125084355,09395084355,unknown,normal,import
محمدمهدی,بابایی,4,09029287468,09158714703,09157993348,unknown,normal,import
محمد مهدی,بابایی اردکانی,3,,09153008825,09023458825,unknown,normal,import
امیرعباس,بازشاد,2,,09155794175,09151045584,unknown,normal,import
امیرحسین,بازه حوضی,5,,09158235358,09155074730,unknown,normal,import
برنا,باستان,3,,09177683368,09157157706,unknown,normal,import
محمد ارمیا,باغبان,6,09156996596,09159273488,09929328177,unknown,normal,import
محمد آیین,باغبانی,3,,09158831766,09158073582,unknown,normal,import
محمدصدرا,باغبانی,4,,09153052475,09156992475,unknown,normal,import
حسین,باغدار,5,,09371154949,09384687673,unknown,normal,import
علی ابر,باغدار,6,,09150019520,,unknown,normal,import
یاسین,باغداران کاشانی,6,,09155225893,09155095140,unknown,normal,import
امیرعباس,باغستانی,4,,09151049013,09151219364,class_seeker,normal,import
محمد جواد,باغشنی,4,,09153595812,09158233985,unknown,normal,import
رضا,باغیشنی,4,,09153125967,09156529488,unknown,normal,import
امیر علی,بافنده,2,,09155061237,09154439816,unknown,normal,import
امیر عباس,بافندگان خداپناه,5,09150486197,09156910225,09151230636,unknown,normal,import
محمدرضا,باقرزاده,2,09155077706,09157157706,,unknown,normal,import
محمد,باقرزاده فلاح,5,,09153582079,09016514684,unknown,normal,import
ابوالفضل,باقری,5,,09151026890,09303286130,unknown,normal,import
امیر کیان,باقری,5,,09156866247,09156903607,unknown,normal,import
سید حسین,باقری,6,,09038501065,,unknown,normal,import
محمد حسین,باقری,3,,09966796594,09966796594,unknown,normal,import
محمدحسین,باقری,4,,09155120567,09158353524,unknown,normal,import
محمدحسین,باقری,5,,09338248486,09303286130,unknown,normal,import
محمدصدرا,باقری,4,,09387668613,09390252151,unknown,normal,import
محمدعلی,باقری,3,,09358057924,09378638077,unknown,normal,import
محمد مهدی,باقی زاده حکاک,3,,09155001182,09355894499,unknown,normal,import
سید محمدحسن,بامشکی,4,,09151041548,09358972604,unknown,normal,import
شاهین,باهوش,,,09153124899,09155059788,unknown,normal,import
طه,باهوش,5,09158215113,09154025686,09158215113,unknown,normal,import
کیان,بتنج براه,4,,09154001204,09039092269,unknown,normal,import
سیدحسین,بحرالعلوم,5,,,09155080913,unknown,normal,import
سید محمدطاها,بحرالعلوم طباطبایی,6,,09154772507,09154772507,class_seeker,normal,import
سید علی,بحرینی,4,,09155083780,09156955397,unknown,normal,import
امیرسام,بحرینی پور,5,,09155072797,,unknown,normal,import
احمد علی,بخارائی,4,09046206038,09378448396,09155052298,unknown,normal,import
سید مهدیار,بخارایی,5,,09153185302,09361274450,unknown,normal,import
محمد امین,بخارایی,1,,09153591744,09916464861,unknown,normal,import
علی,بختی,4,,09151591778,,unknown,normal,import
ابوالفضل,بختیاری,5,,09157035652,09157035652,unknown,normal,import
محمدطاها,بختیاری,6,,09158022040,09354884865,unknown,normal,import
امیرحسین,بخشنده,6,,09154777503,09155007503,unknown,normal,import
علیرضا,بخشنده,,,09151003033,09151181633,unknown,normal,import
احمدرضا,بخشی,5,,09056124056,09151003390,class_seeker,normal,import
محمد حسین,بخشی,5,,09153775956,09158185956,unknown,normal,import
ایلیا,براتی,6,,09158968756,09155139515,unknown,normal,import
عرفان,براتی,5,,09151101588,09154089616,unknown,normal,import
علی اکبر,برادران سلطانی,4,,09156503611,09159090456,unknown,normal,import
امیر عرفان,برادران فرد,6,,09383446144,09379424140,class_seeker,normal,import
ایمان,برادران هاشمی,4,,09155100162,09366234672,unknown,normal,import
محمدحسن,برازنده,3,,09365219643,,unknown,normal,import
مهدیار,برخورداری,6,,09371669686,09028977931,unknown,normal,import
حسین,بردبار,4,,09153163160,09153163160,unknown,normal,import
صدرا,برزنونی,4,,09151225516,09151591016,unknown,normal,import
طاها,برزگر,4,,09158073117,09385404556,unknown,normal,import
محمدهادی,برزگر,6,,09151237436,09159214031,unknown,normal,import
اردلان,برزگری,5,,09156452535,09055318862,unknown,normal,import
محمدطاها,برغمدی,3,,09153244707,,unknown,normal,import
محمدحسین,برلیانی,6,,09151238314,09155126329,unknown,normal,import
امیریوسف,برهانی فر,5,,09155051660,09150041660,unknown,normal,import
محمدمهدی,برهانی فر,6,,09153172306,09151151836,class_seeker,normal,import
امیر رضا,برومند,3,,09158210913,09158210913,unknown,normal,import
امیرحسین,برومند,,09931823009,09370443509,09152007735,unknown,normal,import
کوروش,برومند,6,,09159239239,09155188676,unknown,normal,import
محمدهادی,برکات,2,,09151024935,09392314571,unknown,normal,import
امیرحسین,برکچی,4,,09151214763,09153245214,unknown,normal,import
امیرپویا,بشیر,4,,09155194123,09153063658,unknown,normal,import
امیرمهدی,بصیری,4,,09151069729,09151069729,unknown,normal,import
سید حسن,بقائی نژاد,6,,09303930653,09151103393,unknown,normal,import
محمد حسن,بقالیان,4,,09155577641,09154143665,unknown,normal,import
داتیس,بلوکی,6,,09159150067,09153146123,unknown,normal,import
سنم,بمانی,1,,09155009399,09124254531,unknown,normal,import
محمدهادی,بنائی یزدی,6,,09155108202,09153032459,class_seeker,normal,import
محمد رضا,بنائیان,5,,09151125592,09155115208,unknown,normal,import
امیرعلی,بندار,4,,09150044806,09354305203,unknown,normal,import
محمدرضا,بنی اسعدی,5,,09152001298,,unknown,normal,import
حسام,بهابادی,5,,09156466842,09365927415,unknown,normal,import
علی,بهادری,3,,09019918762,,unknown,normal,import
ابوالفضل,بهاری,6,,09156624758,09156624758,unknown,normal,import
مهدی,بهاری,6,,09153007970,09154038781,unknown,normal,import
محمدطاها,بهاریه,5,,,09387392968,class_seeker,normal,import
شایان,بهامین,3,,,09012083151,unknown,normal,import
امیررضا,بهبودی,6,,09216048095,09939676064,unknown,normal,import
یزدان بهرامفر,بهرام فر,4,,09156143354,09397487779,unknown,normal,import
محمدامین,بهرامی,6,,09153007970,,unknown,normal,import
محیا,بهرامی,6,,09158931398,09151185280,unknown,normal,import
سیدمحمد,بهره مند,3,,09151810761,09144794858,unknown,normal,import
مهدیار,بهره پور,4,,09153145203,09155091822,class_seeker,normal,import
محمدمهدی,بهزاد,6,,09158270841,09019901480,unknown,normal,import
سید حمیدرضا,بهشتی,3,,09964820932,09303331361,unknown,normal,import
محمد حسن,بهشتی,6,,09156126335,09153065061,unknown,normal,import
مهدی,بهشتی,6,,09152097284,,unknown,normal,import
علی,بهشتی صفت,5,,09155042187,09352399307,unknown,normal,import
امیر محمد,بهشتی نیا,3,,09379357949,09359893730,unknown,normal,import
محمد,بهلی,5,,09331291135,09338020721,class_seeker,normal,import
محمد حسین,بهنام,3,,09158248796,09358488975,unknown,normal,import
امیرعلی,بهنیافر,6,,09150566492,09039821980,unknown,normal,import
محمد سجاد,بوذری,3,,09151254197,09159232678,unknown,normal,import
امیر رضا,بوک,3,,,09102206583,unknown,normal,import
طاها,بکائیان,6,,09105512264,09922324356,unknown,normal,import
امیر عباس,بیابانی,4,,09153244153,09158105220,unknown,normal,import
محمد صالح,بیدار,6,,09155746966,09363225188,unknown,normal,import
محمد فاضل,بیدل,5,,09151244225,09155182265,unknown,normal,import
ارشیا,بیرجندی,6,,09152530211,09152094823,unknown,normal,import
سید محمدصدرا,بیضایی,5,,09155105488,09393600357,unknown,normal,import
امیرعلی,بیغم,4,,09152081214,09159053180,unknown,normal,import
سپهر,بینافر,5,,09153107631,09155599362,unknown,normal,import
حسین,بیهقی,3,,09153106556,09393106556,unknown,normal,import
محمدمهدی,بیچندی,3,,09353759003,09335565297,unknown,normal,import
یاسین,بیگی,6,,09158083530,09903580924,unknown,normal,import
حسام,تائبی,6,09393174639,09152047725,09155157725,unknown,normal,import
امیرصدرا,تاج الدین,1,,09151002922,,unknown,normal,import
صالح,تازه بقار,6,,09058739030,09155135956,unknown,normal,import
محمد مهدی,تبریزیان,5,,09365525841,,unknown,normal,import
امیررضا,تحریرچی,3,,09151161073,09155143886,class_seeker,normal,import
علی,تحریرچی,2,,09153198571,09151672135,unknown,normal,import
محمدعلی,تحریرچی,3,,09155176174,09155088576,unknown,normal,import
امیرعلی,تدینی پور,6,,09153613981,,unknown,normal,import
علی,تفقدابراهیم زاده,3,,09153062597,09353274766,unknown,normal,import
علی,تفقدی,4,,09367223007,09153241225,unknown,normal,import
علی,تفکرنیا,5,,09151217382,09395259174,unknown,normal,import
محمدصالح,تفکری,3,,09155148592,09352566560,unknown,normal,import
محمدصالح,تقدیمی,4,,09151093670,09156500057,unknown,normal,import
امیرعلی,تقوی,6,,09151029724,09025763074,unknown,normal,import
تقی,تقوی,5,,09155578984,09156789064,unknown,normal,import
یس,تقوی نیا,6,,,09128883063,class_seeker,normal,import
علی,تقی آبادی,6,,09151024278,09151024278,unknown,normal,import
امیر طاها,تقی زاده,4,,09156152707,09151042456,unknown,normal,import
محمد آرمان,تقی زاده,3,,09365090836,09373190793,unknown,normal,import
محمد مهدی,تقی زاده,3,09153029703,09153042058,09365523763,unknown,normal,import
عماد,تقی زادگان,3,,09155054508,09154414508,class_seeker,normal,import
علی,توانا,6,,09151024203,09159043906,unknown,normal,import
امیرعلی,توانا احمدیان,3,,09151089941,09154279941,unknown,normal,import
ایلیا,توتونچی,6,,09155215172,09151113444,unknown,normal,import
محمد صالح,تولایی فرد,5,,09122946151,09153117157,unknown,normal,import
امیررضا,توکل افشاری,5,,09022810034,09155594309,unknown,normal,import
محمدرضا,توکلی,4,,09154194641,,unknown,normal,import
مهدی,توکلی,3,,09153107913,09150071721,unknown,normal,import
پوریا,توکلی,6,,09151182663,,unknown,normal,import
حسام,تکلوی ثانی,2,,09153209621,09155145097,unknown,normal,import
احسان,تیموری,6,,09016888237,09396092357,unknown,normal,import
محمدامین,تیموری,2,,09155190049,09931743466,unknown,normal,import
پدرام,تیموری کیا,5,,09353612904,,unknown,normal,import
ابوالفضل,تیموریان,2,09151015279,09926323428,09157067138,unknown,normal,import
عرشیا,ثابت,1,,09154005390,09374067290,unknown,normal,import
محمد یاسین,ثابت,5,,09159086907,09363738247,unknown,normal,import
علی اصغر,ثابت قدم,5,,09395175200,09155175200,class_seeker,normal,import
معین,ثابتی,5,,09155077735,,unknown,normal,import
آرش,ثانوی,3,,09153001417,09155110015,unknown,normal,import
پویان,ثانی,3,,09354366280,09151251262,class_seeker,normal,import
محمدحسین,ثقفی,6,,09961134895,09961134895,unknown,normal,import
ارسلان,جابری,6,,09156967720,09223541781,unknown,normal,import
محمدارسلان,جابری,6,,09155625914,09159637279,unknown,normal,import
محمد,جاقوری,6,,09155120108,09302135501,unknown,normal,import
بنیامین,جامی,4,,09153070309,,unknown,normal,import
امیرعلی,جامی پور,6,,09150505291,,unknown,normal,import
ارش,جانباز,3,,09155104268,09151052821,unknown,normal,import
محمدحسین,جانعلی زاده طوسی,5,,09155108849,09916418048,unknown,normal,import
سید نیما,جاوید حسینی,5,,09155256118,09155256118,unknown,normal,import
سید حسین,جاوید شغیعی,6,,09156911399,09158020820,unknown,normal,import
ابوالفضل,جبلی,4,,09155196931,09152176911,unknown,normal,import
حسین,جسمانی,5,09935757215,09159790214,09151039276,class_seeker,normal,import
محمدصدرا,جعفردرواری,5,,09155011502,09153188578,unknown,normal,import
محمدامین,جعفرزاده,3,,09159217445,09159217445,unknown,normal,import
حسین,جعفری,3,,09153071783,09151084331,unknown,normal,import
محمد متین,جعفری,6,,09153254061,09156905946,unknown,normal,import
محمدمتین,جعفری,5,,09155089242,09301997061,unknown,normal,import
هاکان,جعفری,5,,09156012243,09151216769,unknown,normal,import
یاسین,جعفری,5,,09151064667,09151064667,unknown,normal,import
سید علی,جعفری زاده,5,,09153047064,09156977064,unknown,normal,import
علی,جعفری زاده,2,,09366635399,,unknown,normal,import
سیدمجتبی,جعفریه,3,,09158113234,09105653234,unknown,normal,import
محمدحسین,جغتایی,3,,09361083385,09352170778,unknown,normal,import
بنیامین,جلائیان,2,,09150052691,09158075494,unknown,normal,import
محمدصدرا,جلائیان,6,,09151826691,,unknown,normal,import
صدرا,جلالی,5,,09153117335,,unknown,normal,import
حسین,جلالی طلب,3,,09159066800,09152030771,unknown,normal,import
امیررضا,جلالیان,5,,09153168219,09156158219,unknown,normal,import
حسین,جلالیان,6,,09151239273,,unknown,normal,import
محمد کیان,جلالیان,3,,09395080472,09301180152,unknown,normal,import
محمدصدرا,جلالیان,4,,09158588221,09159050891,class_seeker,normal,import
مهدیار,جلالیان,3,,09151115032,,unknown,normal,import
محمدکاظم,جلایر,6,,09155129572,09157949572,unknown,normal,import
امیرمهدی,جلیلی,6,,09155216629,09154216629,unknown,normal,import
محمدرضا,جم,6,,09150665360,09365310810,unknown,normal,import
امیرعباس,جمالی,6,,09155120108,09302135501,unknown,normal,import
محمدمهدی,جمالی,5,,09155084742,09156901990,unknown,normal,import
ابوالفضل,جمشیدی,5,,,09151173127,unknown,normal,import
علیرضا,جمشیدی,6,,09360328980,09158603184,unknown,normal,import
مازیار,جمشیدی,6,,,,unknown,normal,import
امیرحسین,جمشیدیان,4,,09155002144,09158085161,unknown,normal,import
سینا,جمشیدیان,3,,09124344621,09122337567,unknown,normal,import
حمیدرضا,جمعه پور,2,,09155280696,09152209453,unknown,normal,import
عماد,جمعه پور,5,,09158021407,,unknown,normal,import
محمد امین,جنت خواه,6,,09038602870,09038602870,unknown,normal,import
محمدعلی,جندالله,3,,09151178535,09354957322,unknown,normal,import
امیر علی,جنگی,6,,09366055119,09303877947,unknown,normal,import
امیرمحمد,جهان,5,,,09159769377,unknown,normal,import
محمد,جهان آبادی,2,,09338851590,09158227207,unknown,normal,import
امیرعباس,جهان آرا,5,,09361338187,09216378403,unknown,normal,import
احسان,جهان بین,6,,09373488076,09037378856,unknown,normal,import
عرفان,جهان نیا,3,,09105007691,09151098344,unknown,normal,import
امیر مهدی,جهان گیر,2,,09155031388,,unknown,normal,import
پارسا,جهانشیری,6,,09153117363,09157609219,unknown,normal,import
محمدحسین,جهانی,2,,09155103092,09151229343,unknown,normal,import
سید امیرمحمد,جواد پور,2,,09013558132,09152709328,unknown,normal,import
سید محمد یاسین,جوادی,5,,09152046027,09334300819,unknown,normal,import
سید مرتضی,جوادی,3,,09155105025,09385984587,unknown,normal,import
علی,جوادی,5,09334320122,09155020397,09156856112,unknown,normal,import
علیرضا,جوادی,6,,09373495397,09373495397,unknown,normal,import
محمد طاها,جوادی,2,,09159151332,09157036575,unknown,normal,import
امیر علی,جوادیان,2,,09153127708,09393907200,unknown,normal,import
حسین,جوان,3,,09387485819,09151028334,unknown,normal,import
عرفان,جوان,6,,09365218242,09365218242,unknown,normal,import
علیرضا,جوانشیر,3,,09151223160,09153255981,unknown,normal,import
امیرعلی,جوانشیری,2,,09155019539,,unknown,normal,import
مهدی,جواهری,1,,09354763610,,unknown,normal,import
محمد,جودوی,6,,09155134717,,unknown,normal,import
محمد علی,حاتمی,6,,09156460367,09156460367,unknown,normal,import
محمدطاها,حاتمی مقدم,4,,09916252106,09330718279,unknown,normal,import
محمدرضا,حاجی بابائی,4,,09155021840,09155248022,unknown,normal,import
محمدطاها,حاجی حسنی,6,,09151003684,09385253684,unknown,normal,import
شهریار,حاجی حسینی,3,,09155177992,09158207843,unknown,normal,import
امیرحسین,حاجی رحیمی,4,,09151151953,09155240676,class_seeker,normal,import
آرتین,حاجی زاده,3,,09156136952,09156136952,unknown,normal,import
ابوالفضل,حاجی زاده,6,,09153197892,09129176526,unknown,normal,import
امیررضا,حاجی زاده,4,,09031862907,09031862907,unknown,normal,import
شروین,حاجی زاده,5,,09153064255,,unknown,normal,import
علی,حاجی زاده,6,,09153170275,09147897467,class_seeker,normal,import
محمدحسن,حاجیان,5,,09155570511,09155570511,unknown,normal,import
سید محمد طاها,حافظان,4,,09151087931,09151087931,unknown,normal,import
امیرحسن,حامد مقدم,4,,09156472707,09151104966,unknown,normal,import
محمد مهدی,حامد مهدوی,5,09158143098,09902661294,09158143098,unknown,normal,import
محمدمهدی,حامد مهدوی,5,,09356019520,09158143098,unknown,normal,import
مهدیار,حامد مهدوی,5,,09153216616,,unknown,normal,import
معین,حبیب پور,5,,09152073589,09150649345,unknown,normal,import
امیرحسین,حبیبی,6,,09153249426,09154762326,unknown,normal,import
حسین,حبیبی,6,,09155309270,09359365059,unknown,normal,import
محمدحسین,حبیبی,4,,09158124053,09158124062,unknown,normal,import
محمدمهدی,حبیبی,3,,09157026042,,class_seeker,normal,import
ابوالفضل,حبیبی خراسانی,5,,09396684066,09352349487,unknown,normal,import
محمد رضا,حج گذار,5,,09357988801,,unknown,normal,import
محمدیاسین,حجازی فر,5,,09153031308,09151566025,unknown,normal,import
علیرضا,حجربر,6,,09153593523,09153220667,unknown,normal,import
محمدجواد,حدادی,5,,09157154741,09157194741,unknown,normal,import
امیر صدرا,حدادیان,4,09156229171,09156229171,,unknown,normal,import
امیرحسن,حدادیان,6,,09153207159,,unknown,normal,import
مبین,حدادیان,6,,09153175056,09154175056,unknown,normal,import
امیرمهدی,حسامی,4,,09150086581,09303860957,unknown,normal,import
محمدحسین,حسامی,6,,09153150118,09155057944,unknown,normal,import
امیرحسین,حسن آبادی,5,,09151070215,09155092463,unknown,normal,import
علی رضا,حسن آبادی,3,,09151597099,09153585908,unknown,normal,import
محمد,حسن خانی,5,,09157060704,09158190090,unknown,normal,import
ابوالفضل,حسن زاده,4,,09355601522,09159047037,unknown,normal,import
حسین,حسن زاده,6,,09155140471,09153087315,unknown,normal,import
پدرام,حسن زاده,4,,09153249057,09153104148,unknown,normal,import
حبیب حسین,حسن زاده افتخار,5,,09380339492,,unknown,normal,import
سید ابوالفضل,حسن زاده چمنی,3,,09151151644,09157031644,unknown,normal,import
سید ابوالفضل,حسن زاده چنی,2,,09157031644,,unknown,normal,import
طاها,حسن فرخی,6,,09159794490,,unknown,normal,import
سید پویان,حسن نیا,6,,09157220932,09157057154,unknown,normal,import
بنیامین,حسن پور,3,,09153113522,09159961904,unknown,normal,import
محمد طاها,حسن پور,5,,09158087541,09371146691,unknown,normal,import
مهدی,حسن پور,5,09367957947,09362970511,09367957947,unknown,normal,import
سامان,حسنی,2,,09153778827,09151088827,unknown,normal,import
محمدصدرا,حسنی,5,,09356624717,09359868343,unknown,normal,import
محمدمهدی,حسنی,6,09372546066,09013125998,09013125991,class_seeker,normal,import
داریوش,حسین زاده,3,,09363257911,09363257911,unknown,normal,import
دانیال,حسین زاده,6,,09363257911,09363257911,unknown,normal,import
رایان,حسین زاده,3,,09151135025,,unknown,normal,import
سلمان,حسین زاده,4,,09154150175,09054280658,unknown,normal,import
سید محمد,حسین زاده,6,,09150085560,,unknown,normal,import
علی,حسین زاده,3,,09155066961,09153254274,unknown,normal,import
فرهاد,حسین زاده,4,,09153776208,,class_seeker,normal,import
محمد,حسین زاده,6,,09153108214,09159149737,unknown,normal,import
محمد حسن,حسین زاده,4,,09158806972,09154355452,unknown,normal,import
محمدصدرا,حسین زاده,3,,09361125705,09361125705,unknown,normal,import
امیر علی,حسین زاده اصفهانی,5,,09354393643,,unknown,normal,import
ایلیا,حسین زاده اصفهانی,6,,09158833671,09362268260,unknown,normal,import
حسین,حسین غنی,6,,09158245591,09016626184,unknown,normal,import
ابوالفضل,حسین پور,5,,09159137323,09331029061,unknown,normal,import
احسان,حسین پور,3,,09355690475,09308685806,unknown,normal,import
محمد مهزیار,حسین پور,6,,09156000976,09359457454,unknown,normal,import
حسین,حسین پور عرب,5,,09159252343,09036200221,unknown,normal,import
محمد حسن,حسین پور گل خطمی,2,09156260937,09105602956,09330460360,unknown,normal,import
امیرعلی,حسینعلی زاده,4,,09156491520,,unknown,normal,import
ابوالفضل,حسینی,,,09338188001,09338188002,unknown,normal,import
امیرعباس,حسینی,4,09156573921,09151257719,09152455059,unknown,normal,import
رادین,حسینی,5,,09151085063,09151085063,unknown,normal,import
سید احسان,حسینی,5,,09026707227,09371934042,unknown,normal,import
سید ارتین,حسینی,6,,09155163203,09368672539,unknown,normal,import
سید امیر حسین,حسینی,5,,09155183705,09151566321,unknown,normal,import
سید امیرحسین,حسینی,5,,09156603525,09158103391,unknown,normal,import
سید امیرعلی,حسینی,4,,09159804399,09151210344,unknown,normal,import
سید امیرعلی,حسینی,4,,09153228207,09384061439,unknown,normal,import
سید امیرعلی,حسینی,6,09304395919,09152005919,09152005919,class_seeker,normal,import
سید حسین,حسینی,5,,09155122966,09151050063,unknown,normal,import
سید سجاد,حسینی,4,09151031493,09153030665,09151031493,unknown,normal,import
سید طاها,حسینی,4,09155043466,09155043466,09151047146,unknown,normal,import
سید طاها,حسینی,6,09156249256,09151569754,09353319817,unknown,normal,import
سید علیرضا,حسینی,6,,09153106443,09155201202,unknown,normal,import
سید محمد,حسینی,2,,09111758386,09119622564,unknown,normal,import
سید محمد,حسینی,5,,09155246044,09354317494,unknown,normal,import
سید محمد متین,حسینی,5,,09158050868,09158967730,unknown,normal,import
سید محمدحسین,حسینی,6,,09153014535,09151575543,class_seeker,normal,import
سید محمدزهیر,حسینی,6,,09153226757,09158119122,unknown,normal,import
سید محمدطاها,حسینی,6,,09151049013,09151219364,class_seeker,normal,import
سید محمدعلی,حسینی,4,,09376037923,09156538343,unknown,normal,import
سید مهدی,حسینی,3,,09156959855,,unknown,normal,import
سید یاسین,حسینی,5,,09153096507,09188969925,class_seeker,normal,import
سید یوسف,حسینی,6,,09356349596,,unknown,normal,import
عرفان,حسینی,3,,09154118486,,unknown,normal,import
علیرضا,حسینی,5,,09355002432,09338081979,unknown,normal,import
فرشید,حسینی,,,09155051799,,unknown,normal,import
محمد رضا,حسینی,6,,09151152172,09153181854,unknown,normal,import
محمدمحسن,حسینی,4,,,09127034286,unknown,normal,import
پارسا,حسینی,1,,09158191215,09154078071,unknown,normal,import
پارسا,حسینی,6,,09154421367,09015374966,unknown,normal,import
کیان,حسینی,4,09157628221,09153254145,09158588221,unknown,normal,import
سید محمدرضا,حسینی خراسانی,6,,09158184957,09153164018,unknown,normal,import
سید امیرعلی,حسینی طباطبایی,5,,09035481215,09354300179,unknown,normal,import
سید مبین,حسینی طباطبایی,5,,09152762390,09394371198,unknown,normal,import
سید محمدحسین,حسینی فقیه,6,,09157036928,09157982208,class_seeker,normal,import
سید صالح,حسینی مدرس,5,,09155005431,09155182248,unknown,normal,import
پوریا,حسینی مقدم,5,,09353041917,09385662823,unknown,normal,import
سید محمد,حسینی میلانی,3,09151019748,09155582298,09205130433,unknown,normal,import
سید محمدامین,حسینی نیک,4,,09370402092,09331175905,unknown,normal,import
سید حامد,حسینی یزدی,2,,09151582514,09391465571,unknown,normal,import
محمد,حسینیان,5,,,09155599362,unknown,normal,import
پرهام,حسینیان,6,,09155982179,09357225901,unknown,normal,import
امیرعلی,حسینیان بنای یزدی,5,,09359629440,09159001564,class_seeker,normal,import
حسین,حشمتی,6,,09154424028,,unknown,normal,import
امیرعلی,حصاری,4,,,,unknown,normal,import
علی,حقانی منتظری,4,,09355644545,09151021429,unknown,normal,import
امیر محمد,حقایقی,6,,09156475722,09364112470,unknown,normal,import
محمدطاها,حقایقی,6,09054790896,09365309945,09054790896,class_seeker,normal,import
پرهام,حقایقی فر,6,,,09385193065,unknown,normal,import
رضا,حقوقی,3,,09151204261,09157008894,unknown,normal,import
یوسف,حقیر السادات,6,,09150737202,09391151047,unknown,normal,import
محمدحسین,حلیمی,4,,09361773492,09388351196,unknown,normal,import
علی,حمیدی,3,,09155060969,09385060969,unknown,normal,import
محمدعلی,حمیدی,5,,09915493204,09905495091,unknown,normal,import
محمد جواد,حمیدی نژاد,4,,09156493805,,unknown,normal,import
صادق,حنایی,4,,09155047492,09159163638,unknown,normal,import
محمد حسین,حنایی,4,,09012527332,09363625094,unknown,normal,import
محمدحسن,حنایی,4,,09128502900,09157040514,unknown,normal,import
محمدحسین,حنایی,5,,09128502900,09157040514,unknown,normal,import
محمدحسین,حیاتی,3,,09159157995,09381584742,class_seeker,normal,import
امیر پارسا,حیدری,2,,09155509503,09376533226,unknown,normal,import
امیرعلی,حیدری,5,,09353851289,09030327423,unknown,normal,import
حامد,حیدری,3,,09159965092,09155024566,unknown,normal,import
سبحان,حیدری,3,,09020072719,,unknown,normal,import
سید مهدیار,حیدری,4,09158033667,09152002133,09158033667,unknown,normal,import
صالح,حیدری,6,,09157657499,09155166021,unknown,normal,import
محمدحسین,حیدری,4,,09159217445,09159217445,unknown,normal,import
محمدحسین,حیدری,4,,09367474520,09372932271,unknown,normal,import
مهدیار,حیدری,1,,09156790783,,unknown,normal,import
مهدیار,حیدری,5,,09153032260,09151069602,unknown,normal,import
محمداحسان,حیدری ساعی,6,,09337393810,09390249363,unknown,normal,import
سید محمد,خاتمی,6,,09353592790,09154211131,unknown,normal,import
سید محمدعلی,خاتمی,3,,09156964091,09352468912,unknown,normal,import
علی,خاتمی طوسی,2,,09153137155,09151220204,unknown,normal,import
سید محمدعلی,خادم,6,,09155182337,09159159357,unknown,normal,import
طاها,خادم,3,,09156001681,,unknown,normal,import
مرتضی,خادم,3,,09155225630,,unknown,normal,import
کاوه,خادم,4,,09019791966,09154774514,unknown,normal,import
ابوالفضل,خادم حسینی,4,,09151250879,09155041388,unknown,normal,import
حسین,خادم حسینی,5,,09151180635,09906041861,unknown,normal,import
محمدطاها,خادم حسینی,4,,09153214169,09153096670,unknown,normal,import
مصطفی,خادم حسینی,5,,09156997192,09105637344,unknown,normal,import
امیرعلی,خادمان,3,,09151016725,09158986498,unknown,normal,import
حسین,خادمان الحسینی,2,,09153596689,09153231990,unknown,normal,import
علی,خالصی پور,3,,09387356859,09153050657,unknown,normal,import
مهدی,خالق پور,5,,09153102538,09334234435,unknown,normal,import
امیرمحمد,خالقی,4,,09153184206,09372925266,unknown,normal,import
یاسین,خاموشی,5,,09369739827,09150046691,unknown,normal,import
معین,خانزاده,3,09154356438,09333827250,09150054484,unknown,normal,import
ایلیا,خانی,2,,09155180919,09153087282,unknown,normal,import
سبحان,خانی,5,,09154126241,09155126241,unknown,normal,import
محمدعرفان,خانی خلیل اباد,6,,09150060650,09152283851,unknown,normal,import
علی رضا,خاور,3,,09373685914,09159155311,unknown,normal,import
ابوالفضل,خاوری,4,,09018580161,,unknown,normal,import
امیر طاها,خاوری,4,,09153185391,09156589919,unknown,normal,import
علی اصغر,خاوری,4,,09910120766,09364588898,unknown,normal,import
علی,خاوری خراسانی,4,,09155165337,,unknown,normal,import
محمدطاها,خاکساران,3,,09154248694,09154248695,unknown,normal,import
سیدمحمدمهدی,خاکشور,6,,09154504902,09353784068,unknown,normal,import
مهدیار,خاکشور,4,,09384702431,09961950040,unknown,normal,import
مهدی,خاکپور,6,,09033915992,09023589518,unknown,normal,import
محمدرضا,خباز,2,,09356106785,09155204016,unknown,normal,import
سید محمدصالح,خباز حسینی,5,,09153033529,09354030876,unknown,normal,import
محمد مهدی,خباز مافی نژاد,3,,09155227565,09154057565,unknown,normal,import
معین,خبازی,6,,09151036080,09021559882,unknown,normal,import
امیرحسین,خبازیان,6,,09151053023,09354773032,unknown,normal,import
امیرعلی,خبیری,3,,09151190705,09156255023,unknown,normal,import
محمد صدرا,ختایی یزدی,4,,09157043903,09028570308,unknown,normal,import
امیرحسین,خجسته,6,,09157737795,09157737795,unknown,normal,import
محمدسبحان,خجسته کاشانی,5,,09158953628,09353387667,unknown,normal,import
امیرمحمد,خدابخشی,5,,09156294193,09153589517,unknown,normal,import
محمد مهدی,خدادادی,4,,09157434980,,unknown,normal,import
محمدامین,خدادادی,4,,,09158573214,unknown,normal,import
محمدحسین,خدادادی,3,,09155741501,09153591425,unknown,normal,import
محمدرضا,خدادادی,6,,09153596939,,unknown,normal,import
محمدمهدی,خدادادی,3,,09153284480,09154734980,unknown,normal,import
محمد شایان,خدادادیان,4,,09383692979,09399301683,unknown,normal,import
مهزیار,خداشاهی,6,,09159081330,09159068987,unknown,normal,import
اشکان,خراسانی,6,09902410594,09153117203,09153004757,unknown,normal,import
سید ابوالفضل,خراسانی,3,,09153218575,09153349711,class_seeker,normal,import
ابوالفضل,خراسانی زاده,5,,09156488477,09393046665,unknown,normal,import
امیر یزدان,خردمند,5,,09153121099,09055800683,class_seeker,normal,import
سید علی,خرم پژوه,6,,09025651371,09151083282,unknown,normal,import
محمد مهدی,خرمک,4,,09372499834,09373080768,unknown,normal,import
ارسلان,خزائی,6,,09301219479,09037939619,unknown,normal,import
حسین,خزاعی,3,,09156841865,09374090798,unknown,normal,import
سجاد,خزاعی,6,09336651656,09151105130,09336651656,unknown,normal,import
کیان,خزایی,5,09356995621,09153035693,09158951955,unknown,normal,import
پارسا,خزعلی,3,,09120187073,,unknown,normal,import
محمدمهدی,خسروجردی,6,,09155599867,,unknown,normal,import
آرسین,خسروی,6,,09906151529,09030349391,unknown,normal,import
ابوالفضل,خسروی,5,,09151159925,09335336137,unknown,normal,import
محمدحسین,خسروی تبار,6,,09151312667,09152302484,unknown,normal,import
امیر عباس,خشنودی,4,,,,unknown,normal,import
محمد طاها,خطیب بیلندی,2,,09156216920,09156216919,unknown,normal,import
محمدصادق,خطیبی,2,,09155238538,09158978589,unknown,normal,import
محسن,خلیل زاده,5,,09151119003,09155255539,unknown,normal,import
محمدمعین,خلیلی,,,09151061890,09158912040,unknown,normal,import
سامیار,خندان ایزدی,4,,09359815392,09021074777,unknown,normal,import
فرنام,خندانی,3,,09182727833,,unknown,normal,import
محمد عرفان,خنده می,6,,09156016003,09333265104,unknown,normal,import
علی اکبر,خواجوی,6,,09153580056,09157623038,class_seeker,normal,import
محمدحسین,خواجوی,6,,09159750981,09154750981,unknown,normal,import
محمدمهدی,خورسندی,4,,09153214110,09152298894,unknown,normal,import
عرشیا,خورسندی قناد,5,,,09030434872,unknown,normal,import
امیررضا,خورشیدی,2,09030774660,09030774659,09157201025,unknown,normal,import
رادان,خوش خلق,4,09152080440,09357606261,09152080440,unknown,normal,import
محمدمتین,خوش سیما,5,,09152469449,09156536285,unknown,normal,import
بنیامین,خوش نیت,4,,09153073673,09158958799,unknown,normal,import
صدرا,خوش نیت,4,,09151584838,09151170511,unknown,normal,import
امیرمهدی,خوش همدم,2,,09155140362,09151021477,unknown,normal,import
محمد کیان,خوش همدم,6,,09127477880,09156114552,unknown,normal,import
حسین,خوشحال,6,,09151028154,,unknown,normal,import
رادمهر,خوشخو,4,,09155757490,09155757390,unknown,normal,import
مهدی یار,خوشنویس,2,,09156007645,09156007645,unknown,normal,import
محمد,خیاط,6,,09155031800,09157993314,unknown,normal,import
علی اصغر,خیاط ترک,6,,09153000279,09153900279,unknown,normal,import
ارسلان,خیرابادی,2,,09156846200,09156846200,unknown,normal,import
طاها,خیرخواه مزینانی,3,,09354303051,09158249946,unknown,normal,import
محمدمهدی,خیری نژاد,5,09157232956,09157082956,09151232956,class_seeker,normal,import
حیدر,داستانی,5,,09352220419,09941159464,unknown,normal,import
سید امیرمحمد,داماد غرویان,4,,09154050165,09158123158,unknown,normal,import
سید محمدیاسین,داماد غرویان,1,,09152062606,09152062606,unknown,normal,import
مجتبی,دانتاب,5,,09215272294,09216291602,unknown,normal,import
امیرحسین,دانشمند,6,,09151007237,,unknown,normal,import
محمدحسین,دانشمند,5,,09153093960,09155008489,unknown,normal,import
رادوین,داودی,6,,09352701641,09352701640,class_seeker,normal,import
علی اکبر,داودی,5,,09373155422,09380033713,unknown,normal,import
محمد حسام,داوری,5,,09153050054,09351852434,unknown,normal,import
محمد مهدی,داوری,6,,09155599867,,unknown,normal,import
حسن,داوری منش,5,,09391286070,09158003881,unknown,normal,import
امیرعطا,داوودی,6,,09155070627,,unknown,normal,import
اشکان,دایی,6,,09153033321,09153033321,unknown,normal,import
حسین,دبیر,3,,09155102403,09155051976,unknown,normal,import
امیرعباس,دبیری,6,,09128514197,09902514197,unknown,normal,import
سپنتا,دبیری,2,,09155826438,09155826438,unknown,normal,import
ریخانه,دخت مودب,2,09140717917,09140717917,09383124295,unknown,normal,import
محمد مجتبی,درانی,2,09154783459,09150075157,09154783459,unknown,normal,import
محمدمهدی,درمحمدی,3,,09153017344,09153214640,unknown,normal,import
امیرحسام,درودی,6,,09151111288,09352222381,unknown,normal,import
حسن,درودی,3,,09159163026,09158809737,unknown,normal,import
مهدیار,درودی,6,,09158276634,09154006413,unknown,normal,import
ارمیا,درویشی,3,,09157618209,09154406118,unknown,normal,import
امیرحسین,درّی مشهدی,2,,09128502900,09157040514,unknown,normal,import
علی,درّی مشهدی,4,,09128502900,09157040514,unknown,normal,import
علی,درگاهیان,2,,09151019602,09158048710,unknown,normal,import
علی,دری,4,,,09157040514,unknown,normal,import
مهدی,دری,2,,,09157040514,unknown,normal,import
حسین,دست پروری,6,,09153213228,09151239861,unknown,normal,import
سلمان,دستمالچی,4,,09123151289,09153022123,unknown,normal,import
آرمین,دشتبان,4,,09152636623,09152940111,unknown,normal,import
امیرحسین,دشتی,4,,09151593645,,unknown,normal,import
سلمان,دشتیان,6,,09016300343,09150873397,unknown,normal,import
امیرمحمد,دقاق پور,5,09387495004,09155183705,09151019800,unknown,normal,import
سجاد,دل ارام,6,,09153259136,09151044765,unknown,normal,import
کیان,دلگیر,6,,09151156203,09153093340,unknown,normal,import
سید حسین,دلیر,4,,09151207260,09155121837,unknown,normal,import
محمدطاها,دلیری نسب,6,,09151190812,09156500812,unknown,normal,import
محمد مهدی,دنیائی,6,,09155104873,09154216238,unknown,normal,import
کوروش,ده یادگاری,3,,09366408132,09153222243,unknown,normal,import
امیرمهدی,دهباشی,5,,09155053520,09151089624,class_seeker,normal,import
سجاد,دهباشی,4,,09155032003,09370363001,unknown,normal,import
امیر حسین,دهستانی,5,,09155029204,09153244542,unknown,normal,import
امیرحافظ,دهقان,3,,09335470266,09308901772,unknown,normal,import
رضا,دهقان,3,,09153214428,09155587589,unknown,normal,import
سینا,دهقان,3,,09151597476,,unknown,normal,import
امیرحسام,دهقان بافقی,6,,09365746653,,unknown,normal,import
امیرطاها,دهقانی,4,,09156605296,09159756791,unknown,normal,import
حامد,دهقانی,6,,09159796211,09151029724,unknown,normal,import
محمدجواد,دهقانی,3,,09151055568,,unknown,normal,import
علی,دهقانی فیروزآبادی,4,,09155011076,09380243689,unknown,normal,import
محمد مانی,دهقانیان,6,,09159737301,09158979602,unknown,normal,import
عمادرضا,دهنوی,4,,09159217445,09159217445,unknown,normal,import
محمدحسین,دهنوی,3,,09354072862,,unknown,normal,import
امیرحسین,دوست خواه,4,,09151157560,09151571436,unknown,normal,import
امیرحسین,دوست زاده,4,,09151001134,09156208568,unknown,normal,import
سیدرضا,دوستی نژاد,3,,09365364503,09366994485,unknown,normal,import
فرهان,دولتشاهی,5,,09153581828,09366800253,unknown,normal,import
محمد,دولتی,4,,09154083961,09153018479,unknown,normal,import
ایمان,دیزبادی,4,,09386982584,,unknown,normal,import
محمد جواد,ذاکر,5,,09901442343,09901442311,unknown,normal,import
علی,ذاکری,5,,09388442340,09155136791,unknown,normal,import
الیاس,ذاکری راد,6,,09387675784,09221051830,unknown,normal,import
کیان,ذهانی,6,09300710595,09300710559,09300710595,unknown,normal,import
سامیار,ذهبی,5,09155021802,09157350509,09383298847,unknown,normal,import
محمد,ذهبی,3,,09153075259,09155205042,unknown,normal,import
کیان,ذونعمت کرمانی,5,,09155055721,09154065721,unknown,normal,import
امیرعباس,ذکاوتی,4,,09151001266,09380700886,unknown,normal,import
امیرعلی,رئیسی مستشاری,5,,09151074525,09399325067,unknown,normal,import
مهدی,راجعی,6,,,09158075285,unknown,normal,import
محمدمبین,رادان,4,,09105648710,09389622968,unknown,normal,import
محمدطاها,رادمرد,6,,09151110943,09156110943,unknown,normal,import
روزبه,رادمهر,6,,09153216861,09153012287,unknown,normal,import
امیرعلی,راستگو,6,,09157720064,09154203096,unknown,normal,import
سامیار,راسخی,4,,09153012045,09153012045,unknown,normal,import
آرمان,رافتی,5,,09151329328,09151338304,unknown,normal,import
سید علی اکبر,ربانی موسویان,4,,09154244785,09150823919,unknown,normal,import
پارسا,رجائیان,1,,09153009164,,unknown,normal,import
علیرضا,رجایی,4,,09153140314,09155587284,unknown,normal,import
محمدحسین,رجب زاده,6,,09158966381,09356677035,unknown,normal,import
علیرضا,رجبی,4,,09158189386,09156972831,unknown,normal,import
محمدامین,رجبی,3,,09394677151,09152299753,unknown,normal,import
محمدصدرا,رجبی,5,,09156586248,09156586247,unknown,normal,import
محمدحسین,رجبی مشهدی,4,,09155079131,09158064540,unknown,normal,import
محمد حسن,رجبیان,6,,09051851336,09010599842,unknown,normal,import
محمدحسین,رحانی,6,,09390932794,,unknown,normal,import
نوید,رحمان زاده,6,,09153349711,09151233016,unknown,normal,import
امیرعلی,رحمانی,5,,,09331538363,unknown,normal,import
حسام,رحمانی,6,,09152449343,,unknown,normal,import
حسین,رحمانی,6,,09156614837,09025465037,unknown,normal,import
سید امیرمحمد,رحمانی,6,,09155011795,09304652955,unknown,normal,import
عرفان,رحمانی,4,,09159237940,09155095622,unknown,normal,import
عرفان,رحمانی,6,,09151097293,09105557293,unknown,normal,import
علی سان,رحمانی,4,,09154228861,,class_seeker,normal,import
علیرضا,رحمانی,6,,09154890801,09104803455,unknown,normal,import
محمدپویا,رحمانی,3,,09151010788,09032328299,unknown,normal,import
محمد,رحمانی نسب,5,09155069006,09353006384,09155059006,class_seeker,normal,import
امیرعلی,رحمتی,3,,09154889586,09155580711,unknown,normal,import
حسین,رحمتی,6,,09028400852,09371250361,unknown,normal,import
علی,رحمتی,5,,09352824051,09374480432,unknown,normal,import
محمد صادق,رحمتی پور,5,,09363804412,09152237477,unknown,normal,import
محمدطاها,رحیم,6,,09153100896,09158831288,unknown,normal,import
امیر یوسف,رحیم زاده,5,,09155178593,09155200787,unknown,normal,import
امیرحسین,رحیم زاده,4,,09362280769,09152081214,unknown,normal,import
ابوالفضل,رحیمی,5,,09157265779,09158032873,unknown,normal,import
ارمیا,رحیمی,6,,09036709782,09156561990,unknown,normal,import
امیرعباس,رحیمی,5,,09157063970,09155173970,unknown,normal,import
محمد,رحیمی,5,,09152455764,09051516038,unknown,normal,import
محمد پارسا,رحیمی,6,,09153013505,09356356116,unknown,normal,import
محمدرضا,رحیمی,4,,09157020530,09332702417,unknown,normal,import
محمدطاها,رحیمی,5,,09158774700,09158028267,unknown,normal,import
مهرداد,رحیمی,5,,09152455762,09371036758,class_seeker,normal,import
یاسین,رحیمیان,5,,09014450626,,unknown,normal,import
صدرا,رزاز زاده,6,,09153135459,09150280521,unknown,normal,import
امیرحسین,رزم پور,4,09155741066,09151009272,09155741066,unknown,normal,import
محسن,رستم زاده,5,,09155141749,09157664359,unknown,normal,import
محمدطاها,رستمی,5,,09151044131,09156838129,unknown,normal,import
امیر عباس,رستگار مقدم,4,,09151133983,09151023983,unknown,normal,import
محمدعلی,رستگار مقدم تقی زاده,6,,09155089250,09022964100,unknown,normal,import
پارسا,رستگارمقدم,6,,09155087012,09153020069,unknown,normal,import
امیرطاها,رسولی,6,,09376254277,,class_seeker,normal,import
ایمان,رسولی,6,,09331663719,09034257868,unknown,normal,import
سینا,رسولی,4,,09152423833,09383304100,unknown,normal,import
امیرعلی,رسولی زاده,3,09379386612,09363707086,09379386612,unknown,normal,import
آرین,رسولی پور,6,,09128320872,09125318278,unknown,normal,import
حسین,رسولی پور,5,,09156549647,09037245360,unknown,normal,import
پارسا,رسولی پور,6,,09153101365,09153042395,class_seeker,normal,import
حسین,رشیدی,5,,,09338248486,unknown,normal,import
اردلان,رشیدی محب سراج,6,,09365802900,09032381540,unknown,normal,import
محمدطاها,رشیدیان,5,,09935581348,09152236374,unknown,normal,import
محمد معین,رضائی,6,,09155748807,09037652126,unknown,normal,import
محمدرضا,رضاخواه,4,,09151157900,09151164926,unknown,normal,import
علی,رضاپور,6,,09305701614,09039654440,unknown,normal,import
امیر حمزه,رضایی,5,,09371962879,,unknown,normal,import
علی,رضایی,3,,09153098795,09154038795,unknown,normal,import
علی,رضایی,6,,09151031304,09353588599,unknown,normal,import
ماهان,رضایی,5,,09151164759,09158989833,unknown,normal,import
محمد جواد,رضایی,5,,09123798925,,unknown,normal,import
محمد سجاد,رضایی,6,09300360327,09300360327,,unknown,normal,import
محمد ماهان,رضایی,6,,09155221448,09156953664,unknown,normal,import
محمدطاها,رضایی,4,,09029480169,,class_seeker,normal,import
مرتضی,رضایی,4,,09354372086,09152213283,unknown,normal,import
کیاراد,رضایی,5,,09153327701,09044624538,unknown,normal,import
مهدی,رضایی پور,3,,09151026863,09028328397,unknown,normal,import
سید عبدالحسین,رضوانی,6,,09038681906,09374480432,unknown,normal,import
امیرمهدی,رضوی,3,,09363618684,,unknown,normal,import
سید عرفان,رضوی,5,,09155207136,09370370800,unknown,normal,import
سید علی,رضوی,4,,09155109335,09151258933,unknown,normal,import
سید علی اصغر,رضوی,5,09156468918,09159765856,09158598582,unknown,normal,import
سید محمدحسین,رضوی,4,,09153581463,09153031384,unknown,normal,import
سید محمدیاسین,رضوی,4,,09151006030,09397700940,unknown,normal,import
سید مصطفی,رضوی,1,,09159150928,09155182418,unknown,normal,import
علیرضا,رضوی,3,,09156114508,09151037054,unknown,normal,import
محمدرضا,رضوی نیا,3,,09157668522,,class_seeker,normal,import
ابوالفضل,رضوی نیک,6,,09353400059,09353400059,unknown,normal,import
رضا,رفائی,4,,09151092480,09155049832,unknown,normal,import
محمدعباس,رفائی,5,,09153090554,09153088134,unknown,normal,import
محمد,رفعت نیا,2,,09151174947,09152296089,unknown,normal,import
امیر حسین,رمضان خواه,6,09154191655,09155023729,09154191655,unknown,normal,import
محمد رضا,رمضان نژاد کرمانی,3,,09945828403,09945828403,unknown,normal,import
محمد مهدی,رمضان پور,4,,09154358531,09158234922,unknown,normal,import
امیرحسین,رمضانی,5,,09383699006,09051689381,unknown,normal,import
امیرعباس,رمضانی,6,09024913514,09153021544,09031334293,unknown,normal,import
علیرضا,رمضانی,5,,09153290961,09155181787,class_seeker,normal,import
محسن,رمضانی,3,,09153145925,,unknown,normal,import
ایلیا,رنجبر,4,,09158036709,09151063667,unknown,normal,import
کسرا,رنجبر,6,,09155006861,,unknown,normal,import
امیر محمد,رنجبری,2,,09385259746,09357869820,unknown,normal,import
علی,رنگ,3,,09155020047,09155211946,unknown,normal,import
محمدرضا,رنگ امیز طوسی,3,,09154299905,,unknown,normal,import
رادین,ره پیما,6,,09155183324,09155222045,unknown,normal,import
ماهان,رهبر,3,,09153003071,09155182242,unknown,normal,import
احسان,رهبری زاده,3,,09155138218,09151003404,unknown,normal,import
امیرحسین,روان,5,,09153783200,09156193262,unknown,normal,import
ابوالفضل,روح بخش,5,,09154356438,09155136438,unknown,normal,import
حسین,روح پرور,1,09156843245,09365311325,09374348350,unknown,normal,import
سینا,روحانی,5,,09368954723,09155240828,class_seeker,normal,import
حسین,روحپرور,1,09156843245,09365311325,09374348350,unknown,normal,import
امیرعباس,روحی,6,,09153024552,09151253949,unknown,normal,import
علیرضا,روحی,4,,09155159266,09158129266,unknown,normal,import
طاها,روزه مریم,6,,09054814156,09159069107,unknown,normal,import
امیرحسین,روشن,3,09153215579,09153215579,09153010690,unknown,normal,import
امیررضا,روشن,1,,09153581700,09155176613,unknown,normal,import
سید محمد پارسا,روشن,3,,09159000348,09156202203,unknown,normal,import
ارسلان,ریاحی,6,,09358800769,,class_seeker,normal,import
سجاد,ریاضی,6,,09155209733,09155209733,unknown,normal,import
محمدطاها,ریاضی,5,,09155571954,09151200929,class_seeker,normal,import
محمد سبحان,ریحانی,5,,09151599162,09155219015,class_seeker,normal,import
محمد سجاد,ریحانی,6,09159169662,09159169662,09374962497,unknown,normal,import
امیر,ریخته گرزاده,3,,09155186298,09151043047,unknown,normal,import
امیررضا,رییسی,1,,09396269237,09155227723,unknown,normal,import
علیرضا,رییسی,6,,09035807987,09155162987,unknown,normal,import
محمد عرفان,زارع,5,,09155030151,09153063725,unknown,normal,import
محمد رضا,زارع ثانی,2,,09151040834,09155757249,unknown,normal,import
امیرعلی,زارع یزدی,6,,09358196417,09152013611,unknown,normal,import
حسام,زارعی,4,,09156844100,09156833301,unknown,normal,import
طاها,زارعی,4,,09155146997,09158976617,unknown,normal,import
مهران,زارعی,4,,09159835899,09156556841,unknown,normal,import
مهرزاد,زارعی,6,,09398872409,,unknown,normal,import
محمد عرفان,زارعیان,6,,09152461123,09395483726,unknown,normal,import
امیرحسین,زامهران,5,,09355233265,09157606656,unknown,normal,import
محمد مهدی,زاهد مقدم,5,,09155041389,09151044552,unknown,normal,import
آریو,زاهدی,6,,09151021309,09150291299,unknown,normal,import
ایلیا,زاهدی,5,,09355110687,09150037993,unknown,normal,import
محمد حسین,زاهدی,4,,09151176105,09333224248,unknown,normal,import
محمدرضا,زاهدی,3,,09159239096,09158135892,unknown,normal,import
محمدعماد,زاهدی,6,,09151044451,09372668839,unknown,normal,import
محمدمهدی,زرین زاده,2,,09155013528,09155129459,unknown,normal,import
مصطفی,زرینی دربان,6,,09917980438,09153248916,unknown,normal,import
مهدی,زعفرانی,,,09151152176,09151185142,unknown,normal,import
امیر علی,زمانی,5,,09156128418,09352166633,unknown,normal,import
محمد میثم,زمانی,6,,09155010698,,unknown,normal,import
مصطفی,زمانی,4,,09153242813,,unknown,normal,import
امیریوسف,زمانی نیک,3,09151232026,09158088841,09151119140,unknown,normal,import
امیرپاشا,زمانی کیا,6,,09155257535,09153164896,unknown,normal,import
احمد رضا,زمانیان,6,,09036153806,,unknown,normal,import
محمدعلی,زنبیل باف,5,,09158989756,09155236224,unknown,normal,import
سبحان,زنقایی,3,,09157184237,09150640347,unknown,normal,import
سجاد,زواریان,4,,09151159054,,unknown,normal,import
عماد رضا,زوبین,5,,09155191009,09153198983,unknown,normal,import
امیر محمد,زورمند,2,,09159002606,09159002606,unknown,normal,import
حسین,زکریائی,1,,09382280148,09127150997,unknown,normal,import
سینا,زین الدین,5,,09902542669,09156142007,unknown,normal,import
یونس,زینالی,6,,09155000060,09153779037,unknown,normal,import
علی,زینلی,3,,09151176480,09371918444,unknown,normal,import
علی اکبر,سابقی,6,,09026711774,,unknown,normal,import
مبین,سابقی مقدم,4,,09159078996,09157778996,unknown,normal,import
اریا,ساجدی,2,,09152373515,09045168089,unknown,normal,import
محمدعرفان,ساجدی,5,,09383821331,09151228662,unknown,normal,import
سید مهدیار,سادات,6,,09153040308,09365565896,unknown,normal,import
مهدیار,سادات,1,,,09365565896,unknown,normal,import
محمدصدرا,سادات شرفی,4,,,09305661217,class_seeker,normal,import
سید سجاد,سادات فاطمی,4,,09153583957,09152053422,unknown,normal,import
سید سلمان,سادات فاطمی,5,,09155060969,09385060969,unknown,normal,import
سید علیرضا,سادات فاطمی,4,,09155529327,09155581529,unknown,normal,import
سید محمد,سادات فاطمی,5,,09151004053,09371218916,unknown,normal,import
محمد جواد,سادات میدانی,5,,09368878634,09934494472,unknown,normal,import
محمد حسین,سازگار,5,,09157397841,09157397841,unknown,normal,import
محمدحسین,ساعیان,6,,,09366818098,unknown,normal,import
سبحان,ساغری,5,,,09157638636,unknown,normal,import
محمد حسن,سالار,4,,09151160766,09155201123,unknown,normal,import
امیرعلی,سالاری,5,,09153071356,09151243507,class_seeker,normal,import
علیرضا,سالاری,5,09155031470,09155031470,09155051285,unknown,normal,import
کیان,سالاری,6,,09152522094,09393911175,unknown,normal,import
محمد سعیا,سالاری مقدم,3,,09158245390,,unknown,normal,import
کمیل,سالاری پور,4,,09307065803,09337861103,unknown,normal,import
محمدسامان,سالمی,4,,09151024035,09156185119,unknown,normal,import
مهدیار,سالمیان,5,,09151010965,09153033321,class_seeker,normal,import
علی اصغر,سبز علی,4,,09153293087,,unknown,normal,import
کیان,سبزه,5,,09378062552,09338297926,unknown,normal,import
محمدصادق,سبزیکارحقیقی,5,,09159798599,09154248404,unknown,normal,import
یاسین,ستارزاده,5,,09918790865,,class_seeker,normal,import
راه اهن,سجاد محمدی,5,,09154404576,09151224576,unknown,normal,import
سید امیرحسین,سجاد پور,3,,09154186848,09354624386,unknown,normal,import
سید امیرحسین,سجادپور,3,,09354624386,09353271930,unknown,normal,import
سید رضا,سجادی,5,,09153135261,,unknown,normal,import
سید علیرضا,سجادی,3,,09156593730,09374954566,unknown,normal,import
سید محمدجواد,سجادی,3,,09156593730,09374954566,unknown,normal,import
سید پارسا,سجادی,3,,09151370855,,unknown,normal,import
محمدجواد,سجادی,3,,09019777912,,unknown,normal,import
سید محمد حسین,سجادی نیا,3,,09153206282,09157086282,unknown,normal,import
علی,سجادیان,6,,09105534282,09105534282,unknown,normal,import
امیرطاها,سخاوت,6,,09155077832,09153148843,class_seeker,normal,import
یوسف,سخاوتی,4,,09151191915,09304429199,unknown,normal,import
امیرعلی,سرافراز یزدی,6,,09155093383,09151576221,unknown,normal,import
طاها,سرافرازی,4,,09306268627,09378172182,unknown,normal,import
مهدیار,سربلندی,5,09158965619,09151119014,09158965619,unknown,normal,import
سورنا,سردارابادی,6,,09159748394,09159748394,unknown,normal,import
سبحان,سردوست,2,09397673515,09156006273,09058085540,unknown,normal,import
محمد,سروری,3,,09159051125,09154079886,unknown,normal,import
پارسا,سروری,5,,09354202278,09354232278,unknown,normal,import
محمد طاها,سروقدی,2,,09151206361,09355683468,unknown,normal,import
حسین,سروی,4,,09153014535,09151575543,class_seeker,normal,import
محمد جواد,سرگلزیی,6,,09156278007,09153581252,unknown,normal,import
مهدیار,سعادت,5,,09151088399,09158358399,unknown,normal,import
صالح,سعادتمند,3,,09155186497,09151017972,unknown,normal,import
عرفان,سعادتمند,6,,09371650157,09352701641,class_seeker,normal,import
سینا,سعادتی,2,,09374656052,09334605304,unknown,normal,import
امید,سعادتی نژاد,1,,09392235558,09150633796,unknown,normal,import
محمد حسین,سعید موسوی,4,,09151150087,09155122823,unknown,normal,import
امیرعلی,سعیدمنش,6,,09379121734,09353103410,unknown,normal,import
یاسین,سعیدپور,5,,09152235205,09157229381,unknown,normal,import
امیر علی,سعیدی,3,,09151132300,09155134299,unknown,normal,import
امیر کیان,سعیدی,6,,09155193203,09368672539,unknown,normal,import
امیرحسین,سعیدی,6,,09151252553,09352227321,unknown,normal,import
امیرعباس,سعیدی,4,,09151249640,09151269640,unknown,normal,import
سجاد,سعیدی,6,,09151243019,09156446306,class_seeker,normal,import
سید یاسین,سعیدی,5,,09151109821,09150029821,unknown,normal,import
سید پارسا,سعیدی نسب,5,,09155079718,09378270475,unknown,normal,import
امیرعلی,سفرکرده,5,,09158353524,09151053067,unknown,normal,import
امیر عباس,سقا نوغانی,6,,09361941884,09156482292,unknown,normal,import
حسین,سلامتی,4,,09153055535,09151126010,unknown,normal,import
سید محمد حسین,سلامتی,2,,09153135918,09159037252,unknown,normal,import
محمدحسین,سلامی,6,,09301083209,09155159591,unknown,normal,import
محمد یوسف,سلجوقیان,3,,09153018559,09158102275,unknown,normal,import
اروین,سلجوقیان مقدم,6,09154409930,09153139930,09154409930,unknown,normal,import
امید,سلطانی,5,,09153190296,09375290296,unknown,normal,import
امیررضا,سلطانی,6,,09153249426,09154762326,unknown,normal,import
سامیار,سلطانی,6,,09155107867,09153240900,unknown,normal,import
محمدطاها,سلطانی,5,,09151205803,09152375803,unknown,normal,import
محمد حسام,سلطانی بشرویه,4,,09157080779,09363515644,unknown,normal,import
بهراد,سلطانی گرد فرامرزی,6,,09151068305,09155600210,class_seeker,normal,import
محمدحسام,سلمانی مقدم,5,,09153260048,09156249708,unknown,normal,import
آرسین,سلیمان مزرجی,5,,09397401635,09397401635,unknown,normal,import
ایلیا,سلیمان پور,3,,09157622747,,unknown,normal,import
سید عطا,سلیمانی,5,,09155205163,09151069303,unknown,normal,import
علی,سلیمانی,5,,09156275254,09159928950,unknown,normal,import
علیرضا,سلیمانی,6,,09153145153,,unknown,normal,import
امیدرضا,سلیمی,6,,09362937471,09158165501,unknown,normal,import
مهدی,سلیمی,6,,09151040750,,unknown,normal,import
فردین,سلیمی گل شیخی,3,,09155127360,,unknown,normal,import
سبحان,سلیمی گیلاکجان,6,,09151050785,09112376780,unknown,normal,import
رمضان,سمیری فر,4,,09376260968,,unknown,normal,import
داریوش,سمیعی,6,,09156214130,09380880834,unknown,normal,import
مرصاد,سنوبری,6,,09301482356,09153239198,unknown,normal,import
سینا,سنچولی,6,,09152239725,,unknown,normal,import
سید امیرعباس,سنگی,4,09397673515,09151824627,09158267639,class_seeker,normal,import
امیرحسن,سنگین,3,,09151118133,09151229390,unknown,normal,import
مهیار,سهرابی,5,,09384741058,09381385783,unknown,normal,import
امیر عباس,سپهری,6,,09157065821,09150380535,unknown,normal,import
فربد,سپهری,6,,09156866239,,unknown,normal,import
محمدعلی,سپهری,3,09155146099,09155146099,,unknown,normal,import
ایلیا,سکندرپور,5,,09353021432,09151332873,unknown,normal,import
سید محمد حسن,سیاحی زاده,2,,09175602719,09913305917,unknown,normal,import
سید حسین,سیادت,6,09965655113,09304546616,09152175886,unknown,normal,import
امیرحسین,سیبویه,3,,09333054178,09333054178,unknown,normal,import
سید مهدی,سید شبیری,5,,09373716933,09368266390,unknown,normal,import
مهدیار,سید صلاتی,6,,09365746653,,unknown,normal,import
سید علی,سیدزاده,4,,09127952101,09151108393,unknown,normal,import
سید علی,سیدزاده,4,,09153117099,09151255842,unknown,normal,import
سید علیرضا,سیدی,4,,09153109848,09153305471,unknown,normal,import
سید مهدی,سیدی,5,,09153580814,09155024145,unknown,normal,import
سیدامیریوسف,سیدی,2,,09155010545,09377701004,unknown,normal,import
سید محمدعلی,سیف زاده,5,,09157772018,09157052018,unknown,normal,import
حسین,سیف کاشانی,5,,09156166598,09394797506,unknown,normal,import
محمدطاها,سیفی,6,09155060045,09308770266,09358061812,unknown,normal,import
محمد طاها,سیفی نژاد,3,,09151006931,09158067494,unknown,normal,import
عبدالحسین,سینایی نژاد,3,,09159391412,09159391412,unknown,normal,import
محمد مهدی,شادلو,4,,09155112061,09379372061,unknown,normal,import
سبحان,شادمان,6,,09151571979,09155120881,unknown,normal,import
علی,شادمان مقدم,6,,09155211643,,unknown,normal,import
ادریس,شارعی,6,,09109211561,09016219730,unknown,normal,import
امیرمحمد,شازده,6,,09150736427,09150736427,unknown,normal,import
سیدابوالفضل,شالفروشان,6,,09151200025,09151243145,unknown,normal,import
حسین,شالچیان,3,,09365264636,09038613062,unknown,normal,import
محمدطاها,شالچیان طرقبه,4,,09158278547,09158278548,unknown,normal,import
کوروش,شالچین یزدی,6,,09364860013,09152395038,unknown,normal,import
عباس,شاه حسینی,5,,09157500041,,unknown,normal,import
محمد علی,شاه گل زاده,5,,09354537016,09354537016,unknown,normal,import
شایان,شاهان,4,,09372035496,09372035406,unknown,normal,import
رضا,شاهرخی,4,,09151582883,09151584322,unknown,normal,import
محمد سلمان,شاهرخی,3,,09151064240,,unknown,normal,import
محمدحسین,شاهرخی,4,,09157571535,,unknown,normal,import
امیرعلی,شاهرخی نیک,6,,09011624765,09364469841,unknown,normal,import
امین مهدی,شاکری,6,,09358523770,09358523770,unknown,normal,import
سید مهدی,شاکری,4,,09356846820,09157060530,unknown,normal,import
امیررضا,شاکری روش,4,,09105000071,09155120286,unknown,normal,import
حسام,شایان,4,,09154777312,,unknown,normal,import
سبحان,شایان,6,,09158014409,09379417583,class_seeker,normal,import
متین,شایسته,5,09151570237,09153083343,09151570237,unknown,normal,import
محمد جواد,شبابی,6,,09153200200,09155190296,unknown,normal,import
امیر آرمان,شبانی,4,,09399555010,09157987900,unknown,normal,import
علی,شبانی,4,,09158215598,09158215597,unknown,normal,import
سید مهدی,شبیری,5,,09373716923,09158114503,unknown,normal,import
امیر اسماعیل,شجاع,6,,09154030996,09150090996,unknown,normal,import
علی اصغر,شجاع گوارشکی,5,09151015279,09926323428,09157067138,unknown,normal,import
سبحان,شجاعی مهر,6,,09381691869,,unknown,normal,import
طاها,شخصی دربند,5,,09153043959,09153581930,unknown,normal,import
امیرعباس,شرافت,5,,09153186330,09157776330,unknown,normal,import
ابالفضل,شربتداران,6,,09151105525,09151040258,unknown,normal,import
امیرطاها,شربتداران,3,,09364463272,09367575723,class_seeker,normal,import
احسان,شرف الدین,5,,09051992432,09156936239,unknown,normal,import
سید محمد طاها,شریعت یار,5,,09151036029,09387614979,unknown,normal,import
محمدرضا,شریعتی,5,,09151178517,,unknown,normal,import
حمیدرضا,شریفی,6,,09155598442,09028992335,unknown,normal,import
عباس,شریفی,5,,09153759688,09393842527,unknown,normal,import
مهدیار,شریفی,3,,09157989315,09379373559,unknown,normal,import
سید امیرعباس,شعاع الحسینی,5,,09363737732,09157185289,class_seeker,normal,import
صدرا,شعاعی,4,,09133430194,09134924213,unknown,normal,import
کاوه,شعاعی,5,,09159765862,09158052694,unknown,normal,import
امیرعباس,شعبانی,5,,09305965138,09105002213,class_seeker,normal,import
محمدصالح,شعبانی,1,,09151106042,09151253235,unknown,normal,import
امیرحسام,شعرباف,4,,09371382838,,unknown,normal,import
محمد,شعفی,5,,09900190264,09365219643,unknown,normal,import
سبحان,شغیعی,6,,09159752097,09154441608,unknown,normal,import
پارسا,شفاجو,6,,09152286593,09366116593,unknown,normal,import
علی,شفایانی,2,,09151048441,09158241477,unknown,normal,import
امیرعلی,شفیعی,4,,09359949200,09352949969,class_seeker,normal,import
سبحان,شفیعی,6,,09154441608,,unknown,normal,import
محمد امین,شمسی کاخکی,3,,,09156467815,unknown,normal,import
شهاب,شهابی,5,09385193018,09155203018,09385193018,unknown,normal,import
علی,شهابی,4,,09371200732,09302772117,unknown,normal,import
مهرسام,شهبازی,2,,09199666090,09159272412,unknown,normal,import
امیرعلی,شهراد نیا,6,,09157571073,09158333503,unknown,normal,import
امیر محمد,شهرستانی,6,,09153068280,,unknown,normal,import
هاوش,شهرکی,4,,09351816932,09351816932,unknown,normal,import
ابوالفضل,شهری,4,,09150076124,09151116124,unknown,normal,import
صالح,شهریاری,3,,09392891615,09358653261,unknown,normal,import
عرفان,شهنازی,4,,09156172517,09156002517,unknown,normal,import
محمدحسین,شهپری,2,,09154500295,09159173973,unknown,normal,import
امیرحسین,شوشتری,5,,09155577451,09362206984,unknown,normal,import
سبحان,شکوری,4,,09152500014,09154006520,unknown,normal,import
حمیدرضا,شکوهی,6,,09015292832,09158760322,unknown,normal,import
میکاییل,شکوهی زاده,4,,09358875964,09934659315,unknown,normal,import
سید علیرضا,شکیب رضوی,4,,09153065737,09158228818,unknown,normal,import
آتیلا,شیبانی,5,,09192004344,09372065331,unknown,normal,import
ابوالفضل,شیخ,6,,09151071713,,unknown,normal,import
مهدیار,شیخ,4,,09158215475,09158998656,unknown,normal,import
شهریار,شیخ الاسلامی,3,,09158114223,09155052331,unknown,normal,import
محمد,شیخ الاسلامی,6,,09153591801,09153591801,unknown,normal,import
محمدرضا,شیخ الاسلامی,6,,09155004885,09335847575,unknown,normal,import
محمدطاها,شیخ الاسلامی,6,09397153240,09150509254,09397153240,unknown,normal,import
محمدحسین,شیخ الطائفه,4,,09151207460,,class_seeker,normal,import
محمدحسین,شیخ الطایفه,4,,09151207460,09159126812,unknown,normal,import
شهریار,شیخ زاده,4,,09158806386,09153146386,unknown,normal,import
محمد حسین,شیخ زاده,3,,09352452524,09354762780,unknown,normal,import
محمدامین,شیر محمدی,6,,09105006331,09153231252,unknown,normal,import
ابوالفضل,شیرازی,6,,09357549494,,unknown,normal,import
داریوش,شیرازی,4,,,09150883593,unknown,normal,import
محمدرضا,شیرزاده,6,,09151229771,09151229771,unknown,normal,import
محمدعلی,شیرعلی,3,,09155238522,09153120078,class_seeker,normal,import
سید ابوالفضل,شیری,2,,09151229471,09151229471,unknown,normal,import
امیرعلی,شیشه چی,4,,09151103786,09159044365,unknown,normal,import
محمد حسین,شیشه چی,3,,09373764874,09150040974,unknown,normal,import
سید محمد ماهان,صاحبکار,2,,09155021874,09151019289,unknown,normal,import
محمد صدرا,صاحبکار,4,,09153166338,09151082746,unknown,normal,import
محمدحسین,صاحبی,2,,09156457868,09152276418,unknown,normal,import
سینا,صادق مسجدی,4,,09377758861,09155060276,unknown,normal,import
حسین,صادقی,4,,09158028396,09157893545,unknown,normal,import
محمد طاها,صادقی,3,,09156130652,09158601565,unknown,normal,import
محمد طاها,صادقی,5,,09151001753,,unknown,normal,import
محمدرضا,صادقی,6,,09156014295,09156014295,unknown,normal,import
محمدطاها,صادقی,6,,09159239216,09156538760,unknown,normal,import
علی,صادقی زاده,4,,09367822471,09357368633,class_seeker,normal,import
امیرحسین,صالح شریف,6,,09365264636,09038613062,unknown,normal,import
ایلیا,صالحی,5,,09054755414,09910217057,unknown,normal,import
علی اکبر,صالحی مقدم,5,,09151228046,09150739645,unknown,normal,import
محمدمهدی,صباحی,4,,09151670795,09153670095,unknown,normal,import
محمد صدرا,صباغ,5,,09156141526,,unknown,normal,import
سینا,صبوحی,6,,09156510089,09016055873,unknown,normal,import
سجاد,صبور,6,,09153458325,09145783275,unknown,normal,import
آراد,صبوری,4,,09151027154,,unknown,normal,import
احسان,صبوری,5,,09153065596,,unknown,normal,import
امیرعلی,صبوری,4,,09154244785,09365899898,unknown,normal,import
محمد حسام,صبوری,6,,09156562722,09156562721,unknown,normal,import
محمدسجاد,صبوری,4,,,09032235907,unknown,normal,import
محمدعلی,صبوریان,6,09153257933,09153009530,09153257933,unknown,normal,import
سید امیرمحمد,صحنینی,4,,09151156884,09155057984,unknown,normal,import
سیدمحمدطاها,صداقت,3,,09151214478,09361717440,unknown,normal,import
محمدجواد,صداقت,4,09104881474,09104881474,09104881474,unknown,normal,import
امیرحسین,صداقت پور,6,,09159060774,09302565773,unknown,normal,import
حسین,صداقتی,6,,09155050284,09151574485,unknown,normal,import
مهرسام,صداقتی فر,2,,09158235358,09155074730,unknown,normal,import
امیرعطا,صدر,6,,09366690187,09154794840,unknown,normal,import
امیر عباس,صدری,5,,09156617568,09303280391,unknown,normal,import
امیرحسن,صدوقی,4,,09155307445,,unknown,normal,import
دانیال,صدوقی,6,,09155821394,09151280196,unknown,normal,import
محمد عرفان,صدوقی شاندیز,5,,09151181143,09151036953,unknown,normal,import
صدرا,صدیقی,4,,09300075875,09357416062,unknown,normal,import
ماهان,صدیقی,4,,09155105921,09157155921,unknown,normal,import
متین,صدیقی,6,,09367239076,09367239076,unknown,normal,import
مهدیار,صدیقی,6,,09155125215,,unknown,normal,import
سجاد,صفابخش,2,,09151960762,09362701797,unknown,normal,import
امیرعلی,صفارنجیب,6,,09151158234,09155150654,unknown,normal,import
سید سجاد,صفاریان,5,,09151576757,09151328688,unknown,normal,import
سبحان,صفایی,4,,09153598766,09158225616,unknown,normal,import
علی,صفتی,4,,09352666493,09153580093,unknown,normal,import
محمد علی,صفرزاده,6,09155797591,09155797591,09339042747,unknown,normal,import
سهیل,صفری,6,,09153162643,09153257566,unknown,normal,import
امیرعلی,صفری مقدم,4,09151198630,09155571208,09151245713,unknown,normal,import
محمد طاها,صفوتی,2,,09352666493,09924916719,unknown,normal,import
سید محمد صادق,صفوی,6,,09156000042,09158938037,unknown,normal,import
مازیار,صلواتی,5,,09158233197,,unknown,normal,import
ایلیا,صمدانی,2,,09385490370,09156179260,unknown,normal,import
امیرعلی,صمدی,6,,09352949611,09157025378,unknown,normal,import
محمدپارسا,صمدی,6,,09155110966,09359490049,unknown,normal,import
محمد صالح,صنعت کار,3,,09155138581,09155308581,unknown,normal,import
طاها,صهبائی زارعی,3,,09153152180,09158513059,unknown,normal,import
مهزیار,صهبایی احمدی,,,09155068364,09158180209,unknown,normal,import
محمدحسین,صیاف زاده,5,,09151000814,09304042215,class_seeker,normal,import
زهیر,ضرابی گل ختمی,5,,09155596095,09153757427,unknown,normal,import
ابوالفضل,ضمیری,5,,09153048981,09156145257,unknown,normal,import
ادریان,ضمیری,4,,09153146123,09159150067,unknown,normal,import
سروش,ضیاء شهابی,4,,09128612251,,unknown,normal,import
سید علیرضا,ضیائی,6,,09151152494,09155189568,unknown,normal,import
کیان,ضیائی فر,6,,09157118371,09158306790,unknown,normal,import
سروش,ضیاشهابی,4,,09154179146,09128612251,unknown,normal,import
سید علی اصغر,ضیافتی باقرزاده,1,,09153018829,09159027289,unknown,normal,import
سیدمحمدطاها,ضیافتی باقرزاده,5,,09153245912,09363081194,unknown,normal,import
محمدمتین,ضیایی,3,,09151035080,09152035080,unknown,normal,import
امیر یوسف,طالب زاده,1,,09155108560,09154748560,unknown,normal,import
علی,طالب زاده,6,,09151225943,09158281649,unknown,normal,import
امیرعباس,طالبان,6,,09153199906,09366395995,unknown,normal,import
محمد مهدی,طالبی,5,,09159107914,09390146767,unknown,normal,import
محمدطاها,طالبی,4,,09159968514,09011010329,unknown,normal,import
سید الیاس,طالبیان,6,,09153008345,09126431279,unknown,normal,import
سید محمدحسین,طالبیان,6,,09153213759,09156903759,class_seeker,normal,import
محمد حسین,طالبیان,6,,09153213756,,unknown,normal,import
سید محمدرضا,طالقانی,5,,09153148688,,unknown,normal,import
محمد,طاهر برمنش,5,,09350791020,09155150391,unknown,normal,import
سیدعرفان,طاهروفایی,5,,09155185583,09332802659,unknown,normal,import
ابوالفضل,طاهری,5,,09358973122,09150795133,unknown,normal,import
ابوالفضل,طاهری,6,,09353521326,09359672087,unknown,normal,import
امیرارسلان,طاهری,4,,09153040312,09393040312,unknown,normal,import
حسین,طاهری,1,,09152000560,09156541172,unknown,normal,import
علی,طاهری,6,,09930630335,09928347713,unknown,normal,import
علی,طاهری مقدم,6,,09151084613,09151084613,unknown,normal,import
محمدحسین,طاهری نژاد,6,,09052233476,09353447977,unknown,normal,import
سید محمد,طباطبائی,3,09300666858,09153087683,09151677067,unknown,normal,import
مهدی,طباطبائی,5,09352165367,09122000267,09352165367,unknown,normal,import
سهیل,طباطبایی,6,,09158800844,09037461221,unknown,normal,import
سید ابوالفضل,طباطبایی,4,,09197840084,09398293009,unknown,normal,import
سید امیررضا,طباطبایی,5,,09151088404,09159007685,unknown,normal,import
سید حسن,طباطبایی,5,09155179298,09155105935,09155179298,class_seeker,normal,import
سید حسن,طباطبایی,3,,09354746677,09356886027,unknown,normal,import
سید مهدیار,طباطبایی,5,,09158156064,,unknown,normal,import
سیدمحمدجواد,طباطبایی,4,,09380692512,09382023712,unknown,normal,import
سید محمدتقی,طباطبایی شیرازی,3,,09153192689,09354481172,unknown,normal,import
محمد طاها,طبری فرد,2,,09155045157,09151016046,unknown,normal,import
امیرحسین,طحان,6,,09151159040,09155019040,unknown,normal,import
مهدی,طحان,4,,09150524875,09150524874,unknown,normal,import
شایان,طرحی,6,,09105672847,09386285352,unknown,normal,import
طاها,طلاساز,5,,09352174526,09916408178,unknown,normal,import
علی,طلایی,6,09156933320,09156933320,09156933320,unknown,normal,import
مهدیار,طلایی,5,,09397943318,,unknown,normal,import
امیرعلی,طلوع,2,,09151099456,,unknown,normal,import
امین علی,طلوع,6,,09155114833,,unknown,normal,import
علی اصغر,طهان,4,,09157693632,09357344885,unknown,normal,import
محمد حسین,طهوریان,2,,09151064559,09013102312,unknown,normal,import
امیر سینا,طوسی,4,,09153131876,09153258599,unknown,normal,import
سید ابوالفضل,طوسی,3,09157628221,09153254145,09158588221,unknown,normal,import
سید علی,طوسی,5,,09151104750,,unknown,normal,import
یوسف,طوسی زاده,6,,09372930861,09159120204,unknown,normal,import
محمد یوسف,طوسیان,6,,09154847745,09157145109,unknown,normal,import
محمد هادی,طوفانی,6,,09155136791,09151583548,unknown,normal,import
هادی,طوفانی,6,,09155599867,,unknown,normal,import
حسین,ظریف,5,,09151111396,09158941396,unknown,normal,import
ماهان,ظریف,4,,09371100372,09153776110,unknown,normal,import
محمد کیان,ظریف عاطفی,4,,09352220627,,unknown,normal,import
محمد مهدی,ظریف فاخری,3,,09155147257,09334093802,unknown,normal,import
امیرکیان,ظریفیان,5,,09151240430,09151048705,unknown,normal,import
سبحان,ظریفیان قندهاری,6,,09159157203,09158697949,unknown,normal,import
کیان,ظفر,6,09157009791,09157009791,09380248261,unknown,normal,import
محمد رضا,ظفرمهاجر,3,,09156150491,09911074800,unknown,normal,import
امیرحسین,عابدی,2,,09921014158,09359731341,unknown,normal,import
سید محمدطاها,عابدی,,,09154815585,09151259735,unknown,normal,import
علی سینا,عابدی,5,09366139410,09353741610,09366139410,unknown,normal,import
سیدمحمد,عابدیان,4,,09159055136,09156951766,unknown,normal,import
حسین,عابدین زاده,5,,09153231365,09151150377,unknown,normal,import
آرین,عابدینی,5,,09155047793,09031447615,unknown,normal,import
سید معین,عادل,4,,09151133916,09151133916,unknown,normal,import
حسام,عاشوری,5,,,09031059504,unknown,normal,import
پرهام,عاشوری,6,,09155177899,09372854768,unknown,normal,import
طاها,عاطفی,3,,09155257184,09157897184,unknown,normal,import
سید محمدحسین,عاقبت خواه,5,,09153052436,09151197359,unknown,normal,import
کسری,عامری منش,6,,09019536217,09153073690,unknown,normal,import
محمد شهاب الدین,عامل,5,,09153203101,09155080786,unknown,normal,import
محمدحسام,عامل منیریان,5,,09151193955,09157143369,class_seeker,normal,import
محمدحسین,عاکفی راد,6,,09117709118,09113768302,unknown,normal,import
سید محمدمهدی,عباس زاده,4,,09156131863,09153206094,unknown,normal,import
محسن,عباس زاده,6,,09158189562,,unknown,normal,import
محمد صدرا,عباس زاده,3,,09158039537,09152183817,unknown,normal,import
یوسف,عباس زاده,4,,09153004629,09159153135,unknown,normal,import
امیرحسین,عباس پور,4,,09154007464,09151101605,unknown,normal,import
امیررضا,عباس پور,6,,09153117363,09157609219,unknown,normal,import
حسین,عباس پور,5,,09153090554,09153088134,unknown,normal,import
محمد حسین,عباس پور,5,,09155259567,,unknown,normal,import
امیررضا,عباسپور,6,,09156675626,09156675626,unknown,normal,import
شهاب,عباسپور,5,,09153039481,09152029481,unknown,normal,import
علی,عباسپور کلاتی,4,,09904609751,09054416302,unknown,normal,import
شهاب,عباسی,6,,,09139107493,unknown,normal,import
علیرضا,عباسی,5,,09037954650,09339269147,unknown,normal,import
محمدمتین,عباسی,3,,09155009557,09373131845,unknown,normal,import
محمدهادی,عباسی,4,,09153127841,09152061873,unknown,normal,import
مهدیار,عباسی,3,,09157622747,,unknown,normal,import
کسری,عباسی,3,,09157754450,09398070882,unknown,normal,import
حسام,عباسی مقدم,5,,09151971429,09151423287,class_seeker,normal,import
معین,عباسیان مهر,6,,09155122496,09363632496,unknown,normal,import
والارضا,عباچی,5,,09151158315,09153092043,unknown,normal,import
مهدیار,عباچی زاده,5,,09155143215,,class_seeker,normal,import
امیرعلی,عبدا... پور,5,,09151225243,09155025338,unknown,normal,import
امیر حسین,عبدالباغی,6,,09158832909,,unknown,normal,import
سید مهدی,عبدالقادری,4,,09154255118,09155974047,unknown,normal,import
سید عطا,عبداله زاده,6,,09155253306,09153678919,unknown,normal,import
محمدحسین,عبدالهی,3,,09155147184,09151220749,class_seeker,normal,import
حسین,عبدی,4,,09361061038,09393355698,unknown,normal,import
مهدیار,عبدی,6,,09153208001,09158603129,class_seeker,normal,import
پوریا,عبدی,4,,09159041744,,class_seeker,normal,import
ابوالفضل,عبیری,5,,09151543165,09356860572,unknown,normal,import
یاسین,عجم,3,,09153254279,,unknown,normal,import
مهدیار,عجمی,6,,09357337685,09355902726,unknown,normal,import
علی اصغر,عدالتی,5,,09154188533,,unknown,normal,import
امیرحسین,عدالتیان,6,,09055890463,09153207458,unknown,normal,import
امیرعطا,عدالتیان,2,,09153030610,09159077507,unknown,normal,import
یاسین,عدالتیان,3,,09154249188,09152499188,unknown,normal,import
یاسین,عدالتیان,3,,09159049037,09157797988,unknown,normal,import
محمدطاها,عدلی مقدم,5,,09151251925,09154181926,unknown,normal,import
امید,عرب,6,,,09336851138,unknown,normal,import
حسین,عرب اسدی,4,,09155013865,09156200682,unknown,normal,import
یونس,عرب اسدی,4,,09159158076,09151011720,unknown,normal,import
امیر عباس,عرب ثانوی,5,,09395110434,,unknown,normal,import
حسین,عرب زاده,5,,09153108045,09155703124,class_seeker,normal,import
سید محمدحسن,عرب زاده,2,,09155091578,09368261725,unknown,normal,import
سید عباس,عربی,1,,09158794934,09151239930,unknown,normal,import
سید شایان,عرفانی,3,,09154394506,09155012757,unknown,normal,import
ابوالفضل,عرفانیان,5,,09151131485,09151157365,unknown,normal,import
امیر علی,عرفانیان,5,,09155226646,09157086646,unknown,normal,import
بنیامین,عرفانیان,6,,09395483726,09152461123,unknown,normal,import
محمد حسین,عرفانیان,4,,09151152352,09155066936,unknown,normal,import
سید امیراحسان,عرفانیان عطار,4,09152062776,09151212776,09152062776,unknown,normal,import
محمد امین,عروجی,4,09153196084,09155072604,09334321007,unknown,normal,import
امیرمحمد,عزیزی,4,,09159083558,09016654148,unknown,normal,import
دانیال,عزیزی,5,,09152341836,,unknown,normal,import
محمد مهدی,عزیزی حریری,6,,09153176467,09151019949,unknown,normal,import
غلامرضا,عزیزی زرکک,6,,09152205052,09159083558,unknown,normal,import
سید توحید,عسکرزایی,6,,09151194946,09375993213,unknown,normal,import
علی,عسکری,6,,09158088845,09158088845,unknown,normal,import
علیرضا,عسکری,5,,09151566190,09151091156,unknown,normal,import
محمد,عسکری,4,,09378142372,09383810838,class_seeker,normal,import
محمد مهدی,عسکری,3,,09153020353,09339032390,unknown,normal,import
محمد,عسکری فر,5,,09354646941,09151059300,unknown,normal,import
سید حسی,عسگرزاده خراسانی,6,,09020027527,09020027527,unknown,normal,import
امیرعباس,عشقی,6,,09157069957,09157084065,unknown,normal,import
سید کیان,عشقی,3,,09357917463,09152510738,unknown,normal,import
صدرا,عصاران,3,,09153008853,,unknown,normal,import
هادی,عصاران,6,09154249188,,09152499188,unknown,normal,import
علی,عصاران خانرودی,3,,09154249188,09152499188,unknown,normal,import
آراد,عصارنیا,2,,09331927105,09331927105,unknown,normal,import
نیما,عصمتی,4,,09031055054,,unknown,normal,import
حسین,عطا محمدی,5,,09151059095,09305719641,unknown,normal,import
محمدحسین,عطاران,3,,09153239429,09152357069,unknown,normal,import
مهدیار,عطاران,5,,09155034307,09158068341,unknown,normal,import
علی,عطارزاده کرمانی,6,,09153245658,09039608811,unknown,normal,import
سید محمدرضا,عطاری,5,,09153249625,09354074814,unknown,normal,import
محمدعلی,عطاپور,6,,09154140615,09154192619,unknown,normal,import
رضا,عطایی,5,,09352663373,09153208435,unknown,normal,import
محمد,عطایی,6,,09155315791,09159269010,unknown,normal,import
مهزیار,عطایی مقدم,4,,09158049819,09156249744,unknown,normal,import
عرفان,عظیمی,5,09363629057,09159256822,09363629057,unknown,normal,import
متین,عظیمی,6,,09155162591,,unknown,normal,import
امیر علی,عظیمی نیا,4,,09151011790,09151158321,unknown,normal,import
تکین,عفتی,5,,09151872783,09151874415,unknown,normal,import
محمد جواد,عفتی,6,,09151047210,,unknown,normal,import
علیرضا,عقاب پیشه,6,,09156840756,,unknown,normal,import
محمد حسین,عقباطلب,4,,09151530585,09154460585,unknown,normal,import
محمدحسن,عقیقی,5,,09155980820,09156596434,unknown,normal,import
امیرمحمد,عقیلی عطار,5,,09355688688,09394846488,unknown,normal,import
امیرمهدی,علاقه بند,5,,09155592474,09155092092,unknown,normal,import
سید محمد طاها,علم الهدی,6,,09151158065,09031158065,class_seeker,normal,import
سید محمد مهدی,علم الهدی,5,,09153248773,09360042343,unknown,normal,import
عباس,علم الهدی,6,,09151572665,,unknown,normal,import
سیدحسن,علم داری,6,,09153117577,,unknown,normal,import
محمدیاسین,علما خباز,4,,09151025211,09921279803,class_seeker,normal,import
سیدیوسف,علمداری,4,,09151019036,09153255505,unknown,normal,import
سجاد,علوی,6,,09151237783,09151237783,unknown,normal,import
سید محمدمهدی,علوی,5,,09105003540,09942068903,unknown,normal,import
محمد حسین,علوی,6,,09152002068,09151002068,unknown,normal,import
سید محمدعرفان,علوی ترشیز,6,,09155030098,09158217455,unknown,normal,import
مهدیار,علی اکبریان,6,09153008056,09153222476,09153008056,class_seeker,normal,import
امیرعلی,علی دوست,6,,09155228490,09157217455,class_seeker,normal,import
علیرضا,علی شاهی,4,,09151077062,,unknown,normal,import
مهرداد,علی نژاد,5,,09151578252,09153107568,unknown,normal,import
محمدحسن,علی پور,5,,09151047163,09351433111,unknown,normal,import
محمدحسین,علی پور,1,,09023241559,09153241559,unknown,normal,import
یاسین,علیخانزاده,1,,09159050891,09155602621,unknown,normal,import
امیرمحمد,علیدادی,4,,09154445011,09154164616,unknown,normal,import
ایمان,علیرضایی,5,,09354640098,09338851182,unknown,normal,import
آرمان,علیزاده,4,,09155155732,09370401890,unknown,normal,import
ابالفضل,علیزاده,6,,09151043027,09105002187,unknown,normal,import
حسین,علیزاده,4,,09157017834,09031718023,unknown,normal,import
شایان,علیزاده,4,,09350523050,09368201417,unknown,normal,import
علی,علیزاده,6,,09151035248,09152475248,unknown,normal,import
علی اکبر,علیزاده,3,,09151104412,09156284412,unknown,normal,import
عمران,علیزاده,5,,09307142185,09305313289,unknown,normal,import
ماهان,علیزاده,2,,09156124201,09302988494,unknown,normal,import
محمد صادق,علیزاده,3,,09153194497,09158255895,class_seeker,normal,import
محمدرضا,علیزاده,2,,09159104286,09154074286,unknown,normal,import
محمدمهدی,علیزاده,4,,09155156537,09154794191,unknown,normal,import
مهران,علیزاده,3,,09362689086,09357725796,unknown,normal,import
هومن,علیزاده,5,,09151566631,09153213595,class_seeker,normal,import
کیان,علیزاده,6,,09156189454,09151584438,unknown,normal,import
کیان,علیزاده,6,,09378448396,09155012298,unknown,normal,import
آرمین,علیزاده اول,6,,09155320114,09151242843,unknown,normal,import
محمد حسین,علیزاده کاتب,6,,09153594609,09155152935,unknown,normal,import
امیرعلی,علیزاده کاسب,3,,09155112435,09156002535,unknown,normal,import
علیرضا,علیشاهی,4,,09151116760,09151077062,unknown,normal,import
ابالفضل,علیپور,4,,09151035529,,unknown,normal,import
سامیار,علیپور,4,,09153035702,09153138460,unknown,normal,import
محمدحسین,علیپور,1,,09023241559,09153241559,unknown,normal,import
محمدکیان,علیپور,4,,09153016490,09157366272,unknown,normal,import
کیان,علیپور,3,,09360885105,09155976203,unknown,normal,import
محمدطاها,عنابستانی,5,,09156481772,09158609214,unknown,normal,import
علی,عنابی,5,,09151163376,09156155579,unknown,normal,import
دانیال,عنایتی,6,09158193314,09926630682,09354077346,class_seeker,normal,import
علی,عنایتی,3,,09354302412,09354303115,unknown,normal,import
ابوالفضل,عودی,4,,09152611918,09154032661,class_seeker,normal,import
محمد,عکاف,4,,09156859380,09159030599,class_seeker,normal,import
کیان,عیدگاهی,3,,09355778793,09158998343,unknown,normal,import
ماهان,عیدی,5,,09158207982,,unknown,normal,import
محمدرضا,عین آبادی,1,,09155219015,,unknown,normal,import
امیرصدرا غزنوی,غزنوی فرد,4,,09153162074,09153125202,unknown,normal,import
بهراد,غضنفری,6,,09155575255,09363401515,unknown,normal,import
امیرعلی,غفاری,5,,09155143430,09151024872,unknown,normal,import
امیر حسام,غفاریان,6,,09033129166,,unknown,normal,import
امیرحسین,غفاریان,5,09154718428,09154718428,09903368388,unknown,normal,import
امیرعلی,غفاریان,5,,09151016340,09151195736,unknown,normal,import
علی حامد,غفاریان,5,,09308770061,09151045053,class_seeker,normal,import
محمد علی,غفاریان,4,,09355857381,09358955415,unknown,normal,import
محمدحسین,غفاریان,4,,09155235320,09154775320,unknown,normal,import
امیرعلی,غفاریان عالی مقام,6,,09153119047,,unknown,normal,import
امیر عباس,غفوری,6,,09156284314,09159144314,unknown,normal,import
سید سجاد,غفوری,5,,09156992919,09158213405,unknown,normal,import
محمدجواد,غفوری,6,,09158241235,09395589332,unknown,normal,import
آراد,غفوریان,3,,09153218750,09151272747,unknown,normal,import
امیرعلی,غفوریان,3,,09155194494,09153085889,unknown,normal,import
امیرعلی,غفوریان,5,,09359443441,09159049389,unknown,normal,import
سیدمحمدطاها,غفوریان,4,,09157019984,09153241925,class_seeker,normal,import
محمد,غفوریان,6,,09905213621,09151232683,unknown,normal,import
محمد رهام,غفوریان,3,,09359537003,09374309885,unknown,normal,import
مصطفی,غفوریان,6,,09363057998,09352224578,unknown,normal,import
امیرمهدی,غفوریان ابدی,5,,09151023382,09153120885,unknown,normal,import
محمدحسین,غلام زاده,4,,09151005968,,unknown,normal,import
احسان,غلام نژاد,5,,09355615989,,class_seeker,normal,import
مرصاد,غلام نژاد,6,,09155233273,09154553094,unknown,normal,import
محمد یوسف,غلام پور,4,,09375269616,09354559080,unknown,normal,import
محمد سروش,غلامرضا زاده,5,,09151223227,09159028234,unknown,normal,import
امین,غلامرضازاده,5,09151218530,09154805840,09367327785,unknown,normal,import
زهیر,غلامزاده,3,,09159230051,09357092257,unknown,normal,import
امیرحسین,غلامعلی زاده,5,,09372570202,09306072193,class_seeker,normal,import
امیر علی,غلامی,4,,09360366881,09356141650,unknown,normal,import
رضا,غلامی,1,,09394965294,09931257242,unknown,normal,import
علی,غلامی,4,,09152554547,09152624547,unknown,normal,import
علی,غلامی,4,,09154159471,09154159471,unknown,normal,import
ماهان,غلامی,2,,09158139156,09159075518,unknown,normal,import
مبین,غلامی,6,,09158268066,09302968220,unknown,normal,import
محمد,غلامی,6,,09155334371,09159316369,unknown,normal,import
محمد طاها,غلامی,6,,09339241310,09156499240,unknown,normal,import
محمدامین,غلامی,5,,09364668160,09153004230,unknown,normal,import
محمدجواد,غلامی,,,09153144863,,unknown,normal,import
محمدصدرا,غلامی,5,,09153250700,09156292924,class_seeker,normal,import
امیرعلی,غلامی بیرقدار,4,,09155017952,09152007952,unknown,normal,import
محمدرضا,غلامی فیض اباد,4,,09151043930,09053832508,unknown,normal,import
امیرعلی,غلامی پیرقدار,4,,09155017952,09152007952,unknown,normal,import
ماهان,غنی,6,,09152051439,09150762044,unknown,normal,import
ایلیا,غوریانی,3,,09153025083,09153025083,unknown,normal,import
سید محمد حسین,غیاثی,6,,09352225566,09032951296,unknown,normal,import
امیرعلی,غیبی,3,,09157993314,09336727821,unknown,normal,import
ایلیا,غیور,5,,09159040784,09386419490,unknown,normal,import
محمدرضا,غیور,2,,09158294263,09159049048,unknown,normal,import
محمدمصطفی,غیور,4,,09167803727,09385027973,unknown,normal,import
پوریا,فاتحی فر,6,,,09385193065,unknown,normal,import
محمد صدرا,فاتق,1,,09155200920,09151080268,unknown,normal,import
مهران,فارسی,6,,09151334855,09053757382,unknown,normal,import
محمد,فاضل,5,,09157179113,09309958443,unknown,normal,import
سید محمدصادق,فاضل زاده,6,,09153145030,09153015279,class_seeker,normal,import
محمدحسین,فاضلی,4,,09153143146,09364140851,class_seeker,normal,import
سید محمدرضا,فاطمی,4,,09155043466,09151047146,unknown,normal,import
کیان,فاطمی,6,,09155096232,09157010594,class_seeker,normal,import
سید امیرحسین,فانی,3,,09358607021,09155007369,class_seeker,normal,import
امیرحسین,فتاح,6,,09151579182,,unknown,normal,import
محمدصالح,فتاح زاده,4,,09157398285,09153248285,class_seeker,normal,import
امیرعلی,فتاحی,6,,09371016558,09044134962,unknown,normal,import
سید محمدرضا,فتاحی معصوم,4,,09150649345,09152073589,unknown,normal,import
محمد جواد,فتحی,4,,09153200466,09153002660,unknown,normal,import
محمد پرهام,فتحی,3,,09932229986,09932118825,unknown,normal,import
مهدیار,فتحی,6,,09156996769,09157343640,unknown,normal,import
محمد صدرا,فتحی عارف,6,,09944544375,09158563709,unknown,normal,import
طاها,فتعلی زاده,5,,09360184512,,unknown,normal,import
محمد طاها,فتوحی,6,,09356071889,09383706365,unknown,normal,import
امیر حسام,فخارزاده,6,,,,unknown,normal,import
محمدطاها,فخامی,6,,09157002865,,class_seeker,normal,import
پدرام,فدایی,5,,09153090285,09387595149,unknown,normal,import
پرهام,فدوی,4,09155083246,09155309245,09154149245,unknown,normal,import
محمدحسین,فرازی,4,,09013403927,09012031260,unknown,normal,import
محمد حسین,فرازی فرد,5,,09154402420,09368503905,unknown,normal,import
ابوالفضل,فراست,2,,09152154236,09156004236,unknown,normal,import
محمد,فرجامی یدکی,4,,09155095587,09155946544,unknown,normal,import
طاها,فرجی,2,,09159794490,09159161439,unknown,normal,import
علی,فرخ پور,5,,09153056758,09367283156,unknown,normal,import
محسن,فرخ پور,5,,09159965092,09155024566,unknown,normal,import
الیاس,فرخنده,5,,09155398722,,unknown,normal,import
حسین,فرخنده,4,,09159156554,09159156554,unknown,normal,import
علی,فرخنده,4,,09158961332,09159143919,unknown,normal,import
علی,فرخنده پور,3,,09153152577,09153152088,unknown,normal,import
امیرعباس,فرخی کاشانی,1,09058373909,09156583585,09156149930,class_seeker,normal,import
یونس,فردوسی,6,,09151135678,09153025083,unknown,normal,import
علی اصغر,فردوسی مقدم,5,,09153012915,09376917154,unknown,normal,import
ایلیا,فردوسیان,1,,09397085289,09372754933,unknown,normal,import
نوید,فرزاد فرد,5,,09153259820,09155035643,class_seeker,normal,import
پوریا,فرزان پور,6,,09155232247,09155051031,unknown,normal,import
محمدحسین,فرزانه,4,,09153140414,09155222747,unknown,normal,import
محمدمهدی,فرشان,2,,09156222276,09333161972,unknown,normal,import
محمدمهدی,فرشان,3,,09153046730,09154066730,unknown,normal,import
مهدیار,فرشید,4,,09151157775,09155010264,unknown,normal,import
امیرحسین,فرقانی,4,,09352161856,,unknown,normal,import
علیرضا,فرمهر,6,,09158638163,09153636308,unknown,normal,import
پاشا,فرهادی,5,,09370093227,09332214487,unknown,normal,import
پرهام,فرهمند,6,,09354343053,,unknown,normal,import
پوریا,فرهمند,3,,09354343050,,unknown,normal,import
محمدپارسا,فرهنگ,5,,09333289032,,unknown,normal,import
مهدیار,فرهنگی,3,,09151007013,09359777933,unknown,normal,import
فرزاد,فروتن,3,,09153241917,09156504158,unknown,normal,import
محمدحسن,فروتن,5,,09152800990,09156201197,unknown,normal,import
محمد یاسین,فروتن کیا,5,,09153037340,09355596886,unknown,normal,import
امیرمحمد,فرودی,6,,09044798198,09156226542,unknown,normal,import
حسین,فرودی سررود,4,,09151005907,09050723577,unknown,normal,import
پارسا,فروزنده پور,5,,09158179527,09158080627,unknown,normal,import
امیر عباس,فروغی,4,,09153216339,09151161515,unknown,normal,import
پارسا,فروغی پور,6,,09158090012,09155021796,class_seeker,normal,import
محمد الیاس,فضائل,2,,09352230590,09029205835,unknown,normal,import
حسین,فضایل اصغرزاده,6,,09151111165,09152386522,unknown,normal,import
امیر یوسف,فضایلی,4,,09151150983,09155091461,unknown,normal,import
امیرعلی,فضایلی,2,,09153145937,09155091946,unknown,normal,import
ماهان,فضایلی راد,2,,09919646128,09156958103,unknown,normal,import
محمد,فعال,6,,09156264018,09158058521,unknown,normal,import
محمد جواد,فقانی,3,,09150764660,09157035638,unknown,normal,import
امیرحسین,فلاح,5,,09150516089,09153081289,unknown,normal,import
کیان,فلاح,4,,09155075637,09153174951,unknown,normal,import
امیرحسین,فلاحتی,1,,09158835861,09379452977,unknown,normal,import
آریا,فلاحی,4,,09105522386,09366046800,unknown,normal,import
محمد یاسین,فلسفیان,3,,09156940469,09358421846,unknown,normal,import
محمد,فنایی,3,,09389820978,09159241772,class_seeker,normal,import
امیر محمد,فهمیده,2,,09023002584,09023002584,unknown,normal,import
محمدکیا,فهمیده,5,,09152455059,09152455059,unknown,normal,import
والا رضا,فولادکار,3,,09155040358,09155040358,unknown,normal,import
علی,فولادی,5,,09151089780,09151089780,unknown,normal,import
کیان,فولادی,4,,09388965775,,unknown,normal,import
علی,فکور,1,,09020075962,09155592235,unknown,normal,import
محمدمهدی,فکور,5,,09153016015,09153246593,unknown,normal,import
ابوالفضل,فیروز شریف,5,,09153196681,09374334273,unknown,normal,import
علیرضا,فیروزه چی,3,,09355599395,09153698864,class_seeker,normal,import
علی,فیروزی,5,,09155119104,09155227915,unknown,normal,import
محمد حسین,فیض آبادی,5,,09156248852,09156248851,unknown,normal,import
امیرعلی,فیضی,1,,09151112152,09153110597,class_seeker,normal,import
محمدیونس,فیضی,3,,09151219920,09155656284,unknown,normal,import
سید امیر علی,قاآنی بامی,4,,09155030954,09151080898,unknown,normal,import
پوریا,قائمی,5,09151509463,09155513087,09151509463,unknown,normal,import
محمد عرفان,قائمی راد,3,,09155174402,09352168885,unknown,normal,import
امیرحسین,قابل,6,,09152012230,09307256291,unknown,normal,import
امیرحسین,قادری,6,,09150586788,09396184367,unknown,normal,import
سلمان,قادری,3,,09155039914,09154050548,unknown,normal,import
سینا,قادری,5,,09153030215,09153096572,unknown,normal,import
محمدحسین,قادری,4,,09302684975,09380518373,unknown,normal,import
امیر صالح,قاسمی,6,,09370729272,09154044252,unknown,normal,import
امیر عباس,قاسمی,5,,09151111396,09158941396,unknown,normal,import
امیرعلی,قاسمی,2,09364204504,09021710726,09371329645,unknown,normal,import
حسام,قاسمی,5,,09037573593,09378839368,unknown,normal,import
حسین,قاسمی,4,,09365923827,09903887588,unknown,normal,import
حسین,قاسمی,6,,09152296452,09152296452,unknown,normal,import
رضا,قاسمی,3,,09151108729,09151244382,unknown,normal,import
سلمان,قاسمی,3,,09355958188,09355958188,class_seeker,normal,import
علیرضا,قاسمی,5,,09156842293,09151103911,class_seeker,normal,import
محمدطاها,قاسمی,4,,09153105998,09155126729,class_seeker,normal,import
کوروش,قاسمی,1,,09154002513,09154002513,unknown,normal,import
سید حسین,قاسمی ثانی,4,,09155087602,09155087602,unknown,normal,import
محمد علی,قاسمی طوسی,4,,09155118016,09151046919,unknown,normal,import
محمد مهدی,قاسمی مقدم,3,,09357538725,09156515271,unknown,normal,import
محمد,قاسمی پناه,3,,09157280823,09151632110,unknown,normal,import
محمد صادق,قاسمی پناه,5,,09151630847,09054312253,unknown,normal,import
محمدآرمین,قاسمیان,4,,09151231752,09191231752,unknown,normal,import
امیرمهدی,قاسمیان نیک,5,,09158179782,09383029059,unknown,normal,import
محمدحسین,قاضی,6,,09302589683,09302589683,unknown,normal,import
علیرضا,قاضی خانی,3,,09155007161,09153053962,class_seeker,normal,import
محمدحسان,قاضی خانی,6,,09152502344,09153226800,class_seeker,normal,import
محمد حسن,قامدی,4,,09351516027,,unknown,normal,import
ایلیا,قانعی,4,,09151063513,09391351745,unknown,normal,import
سید علیرضا,قانعی,3,,09151005139,09156562563,unknown,normal,import
مهدیار,قبادی,6,,09153240125,09366624212,class_seeker,normal,import
کیان,قبول,1,,09128630035,09151126919,unknown,normal,import
صالح,قدم یاری,6,,09377443885,,unknown,normal,import
محمدرضا,قدم یاری,,,09381945488,,unknown,normal,import
علیرضا,قدیری,6,,09151029724,09025763074,unknown,normal,import
عماد,قدیری,5,,09155796211,09151029724,class_seeker,normal,import
عماد,قدیری,5,,09025763075,,unknown,normal,import
مهدیار,قدیری,2,,09155061955,09154052435,unknown,normal,import
سعید,قرایی مقدم,2,,09151104079,09379342966,unknown,normal,import
امیرحسین,قربان زاده,3,,09105199280,09367978573,unknown,normal,import
علی عطا,قربان زاده,4,,09155585800,09156525800,unknown,normal,import
محمدجواد,قربان زاده,4,,09155245596,09366868416,unknown,normal,import
حسین,قربان نژاد,5,,09157695086,09944270867,class_seeker,normal,import
علی,قربان نژاد,2,,09105199280,09367978573,unknown,normal,import
محمد,قربان نژاد,5,,09105199280,09367978573,unknown,normal,import
حبیب,قربان پور فارس,5,,09156596434,,unknown,normal,import
آروین,قربانی,2,,09152235205,09157229381,unknown,normal,import
امیرمهدی,قربانی,4,,09151040957,09156133585,unknown,normal,import
علی,قربانی,5,,09152235205,09157229381,unknown,normal,import
محمد علی,قربانی,4,,09339441477,09339441477,unknown,normal,import
محمدطاها,قربانی,5,,09155088095,09154245737,unknown,normal,import
مهرسام,قربانی,3,,09352935353,09152184645,unknown,normal,import
یاسین,قربانی,4,,09152081214,09159053180,unknown,normal,import
سید فرید,قریشی,2,,09153197587,,unknown,normal,import
امیرعلی,قزوینی,1,,09151112772,09155192860,unknown,normal,import
امیرعلی,قسیمی,6,09155230367,09155230367,09156918457,unknown,normal,import
یزدان,قشلاقی,5,,,09157348683,class_seeker,normal,import
محمدرضا,قشنگ,4,,09045105609,09150296572,unknown,normal,import
سجاد,قضایی,2,,09151105130,09336651656,unknown,normal,import
محمدرضا,قلعه نوی,5,,09150102232,09155002232,unknown,normal,import
امیر یوسف,قلم شاهی,5,,09154300300,,unknown,normal,import
سید علی,قلم شاهی,3,,09155100018,09151044382,unknown,normal,import
امیرمهدی,قلی زاده,4,,09155069277,09159040802,class_seeker,normal,import
محمدمهدی,قلی زادگان مروی,5,,09153583470,09373769016,unknown,normal,import
امیر حسین,قلیچ زاده,5,09152093802,09150092045,09155132045,class_seeker,normal,import
ابوالفضل,قمریان,6,,09155108560,09154748560,unknown,normal,import
سید علی اصغر,قمی,3,09152475784,09152475784,09150667251,unknown,normal,import
والا,قناد,6,,09153159939,09151157741,unknown,normal,import
امیر طاها,قنادان,4,,09153339045,,unknown,normal,import
اریا,قنادپور,4,,09301925288,09392946200,unknown,normal,import
کیان,قنبرزاده,5,,09153086880,09105626620,unknown,normal,import
امیر علی,قنبرزاده دربان,4,09361342971,09158204387,09159216800,unknown,normal,import
امیر,قنبری,4,,09130792663,09130791452,unknown,normal,import
محمدرضا,قنبری,6,,09366046800,09378568636,unknown,normal,import
مهدی,قنبری,5,,,09150569095,unknown,normal,import
محمدارمیا,قندهاری نژاد,5,,09155171068,09151201858,unknown,normal,import
امیرعلی,قندچی,2,,09153075789,,unknown,normal,import
حسن,قهاندیزی,6,,09394835808,09154464469,unknown,normal,import
محمد متین,قهرمان,5,,09152244879,09154141422,unknown,normal,import
محمدرضا,قهرمانی,6,,09105716202,09019606913,unknown,normal,import
سید محمد حسین,قوسی,2,,09153124037,09034641099,unknown,normal,import
محمد خواجه,قوچان عتیق,5,,09155245268,,unknown,normal,import
امیرعلی,قوی پنجه,6,09017992434,09305100442,09394190892,unknown,normal,import
شهبد,قیاس شاهزاد,5,,09153162765,09151145367,unknown,normal,import
علیرضا,قیصری,4,09158247057,09158941612,09158247057,unknown,normal,import
محمد کسرا,قیصری,3,,09151103154,09151046145,unknown,normal,import
محمدعلی,لالوی,5,,09153172822,,unknown,normal,import
الناز,لزگی,3,,09159239001,09154124977,unknown,normal,import
یاسین,لسانی,5,,09151044583,09154290783,unknown,normal,import
آرین,لشکری زاده,5,,09155575113,09155575113,unknown,normal,import
محمدمهدی,لشگری زاده,3,,09151062500,09108180313,unknown,normal,import
ابوالفضل,لشگریان,6,,09105514101,09105514101,unknown,normal,import
امیر علی,لطفی,5,,09153162779,09151189093,unknown,normal,import
علی اکبر,لطفی,4,,09151159040,,unknown,normal,import
محمد حسن,لطفی,,,09152305788,09151043125,unknown,normal,import
هانی,لطفی,6,,09156221181,09156221180,unknown,normal,import
آرتا,لطیفی,5,,09151848189,09153871480,unknown,normal,import
محمد ایلیا,لطیفی,5,,09153129680,09158275320,unknown,normal,import
محمد کمیل,لوکیان,5,,09151140820,09155824672,unknown,normal,import
سینا,لیالی,6,,09154767874,09159121897,unknown,normal,import
آدرین,لیلی,5,,09159046443,09156009317,unknown,normal,import
محمد آرتا,ماشویی,6,,09153754980,09394556162,unknown,normal,import
علی,متشکر حسینی,5,,09155001476,09153129572,unknown,normal,import
مهدیار,متشکر حسینی,4,,09352225020,,unknown,normal,import
محمدمهدی,متقین,5,,09358973239,09375342363,unknown,normal,import
بنیامین,متین نیا,5,,09155144685,09151048303,unknown,normal,import
محمد,مجیدی,3,,09394677151,09152299753,unknown,normal,import
محمدباقر,مجیدی,2,,09369381899,09364027701,unknown,normal,import
محمدیاسین,مجیدی,5,,09155119868,09151116873,unknown,normal,import
نیکان,مجیدی,3,,09155113599,09155113599,unknown,normal,import
امیرعباس,مجیدیان,3,,09156489017,09355619530,unknown,normal,import
مهدیار,محبوب,5,,09334145028,09155583047,unknown,normal,import
ارشیا,محبی,3,,09151101708,09155221409,unknown,normal,import
رهام,محبی,6,,09158088099,09154388099,unknown,normal,import
محمد محسن,محبین,4,,09154752672,09152150615,unknown,normal,import
محمدمهدی,محبین,4,,09155082976,09153178375,unknown,normal,import
محمدطاها,محتشم,4,,09368264306,09370098842,unknown,normal,import
سبحان,محدث,5,,09033262713,09153048261,unknown,normal,import
کیان,محرمی,3,,09159119902,09151180496,unknown,normal,import
امیرعباس,محسنی,4,,09158025863,09154051393,unknown,normal,import
علی,محسنی,4,,09356379720,,unknown,normal,import
مهدی,محسنی,3,,09156918084,09154886017,unknown,normal,import
محمد طاها,محسنی نژاد,6,,09101182497,09101182497,unknown,normal,import
سید ماهان,محصل,4,,09155008690,09151164922,unknown,normal,import
امیر,محمد بهشتى نیا,3,,09153380913,,unknown,normal,import
محمد مهدی,محمد پور,6,,09159010204,09159020204,unknown,normal,import
امیرحسین,محمدزاده,5,,09154200450,09158104493,unknown,normal,import
امیریوسف,محمدزاده,6,,09337456362,09151101147,unknown,normal,import
سامیار,محمدزاده,4,,09375551514,09356592290,unknown,normal,import
علی,محمدزاده,1,,09354689030,09150395962,unknown,normal,import
محمدحسین,محمدزاده,4,,09155036425,09308875900,class_seeker,normal,import
امیرعلی,محمدپور,6,,09154837416,,unknown,normal,import
حامد,محمدپور,5,,09363257911,09363257911,unknown,normal,import
محمدعلی,محمدپور نجار,6,,09153591427,09153591427,unknown,normal,import
امیر محمود,محمدی,4,,,,unknown,normal,import
امیرحسین,محمدی,1,,09156875727,09105611375,unknown,normal,import
امیرحسین,محمدی,6,,09031030856,,unknown,normal,import
امیرعلی,محمدی,4,,09190394798,09190826147,unknown,normal,import
امیرعلی,محمدی,5,,09156928656,09027130418,unknown,normal,import
سید علی,محمدی,3,,09156593730,09374954566,unknown,normal,import
علی,محمدی,4,,09374954566,,unknown,normal,import
علی,محمدی,6,,09355283190,09158213398,unknown,normal,import
علیرضا,محمدی,5,,09151014531,09156835967,unknown,normal,import
علیرضا,محمدی,5,,09151193858,09105753858,unknown,normal,import
محمد متین,محمدی,2,,09105130039,09158363753,unknown,normal,import
محمد پرهام,محمدی,5,,09154031387,,unknown,normal,import
محمدطاها,محمدی,6,,09056591139,09376732434,unknown,normal,import
مصطفی,محمدی,6,,09154226916,09363658947,unknown,normal,import
مهرشاد,محمدی,5,,09015276212,09159104265,unknown,normal,import
سبحان,محمدی ارشد,5,,09366040267,09011449621,class_seeker,normal,import
امیرحسین,محمدی صدیق,6,,09150695254,09150695254,unknown,normal,import
همایون,محمدی مطلق,6,,09155591789,09362031915,unknown,normal,import
سینا,محمدی مقدم,6,,09156208568,09156208567,class_seeker,normal,import
پویان,محمدی مقدم,5,,09151070768,09158832695,unknown,normal,import
امیرمحمد,محمدی مقدم کتلر,6,,09339606107,09385346618,unknown,normal,import
محمد ماهان,محمدی مهرا,2,,09127496585,09127465946,unknown,normal,import
رضا,محمدیان,3,,09155002432,09151026129,unknown,normal,import
علیرضا,محمدیان,5,,09155078926,09046584793,class_seeker,normal,import
محمد ارمیا,محمدیان,5,,09157073097,09155102095,unknown,normal,import
محمدرضا,محمدیان,4,,09151011280,09377793343,unknown,normal,import
سید ابوالفضل,محمود زاده,4,,09154004183,,unknown,normal,import
سید محمدحسن,محمود زاده,5,,09157350280,,unknown,normal,import
امیرارسلان,محمود سلطانی,6,09142240895,09142240895,09142240895,unknown,normal,import
محمد,محمودی,6,,09155599867,,unknown,normal,import
نیکان,محمودی,6,,09127320648,,unknown,normal,import
سید امیرعباس,محمودی هاشمی,3,,09159134775,09159134775,class_seeker,normal,import
سید عطا,محمودی هاشمی,6,,09151571520,09155036478,unknown,normal,import
سید مهدیار,محمودی هاشمی,6,,09159084955,09015354955,unknown,normal,import
رضامحمدنژاد,محمونژاد,4,,09228586454,09155212899,unknown,normal,import
ارمین,مختاری,5,,09150409670,09150409670,unknown,normal,import
امیرعلی,مختاری,3,,,09159140176,unknown,normal,import
محمد صالح,مختاری,5,,09902802916,09156237708,unknown,normal,import
محمد مهدی,مخدومی,6,,09366344646,09155172063,unknown,normal,import
سید محمدمهدی,مخملباف,4,,09198016545,09150469302,unknown,normal,import
محمد یاسین,مدالیان,1,,09155805934,09157157155,unknown,normal,import
یاسین,مدالیان,2,09153586251,09155596056,09153586251,unknown,normal,import
حسین,مدرس,4,,09151244139,09155573149,unknown,normal,import
علیرضا,مدرسی,4,,09155193556,09015578100,unknown,normal,import
محمدامین,مدقق,2,,09155190755,,unknown,normal,import
مهدیار,مدیر,4,,09155106071,,unknown,normal,import
رامان,مدیریان,6,,09151094809,09151094809,unknown,normal,import
امین,مرادزاده,4,,09354179710,09163172466,unknown,normal,import
حسین,مرادزاده,6,,09153331659,09358365933,unknown,normal,import
آرین,مرادی,4,,09158259099,,unknown,normal,import
رضا,مرادی,6,,09365746653,,unknown,normal,import
محمد حسین,مرادی,6,,09037511214,09037511214,unknown,normal,import
مرتضی,مرادی کارشک,5,,09358421862,09352867526,unknown,normal,import
محمد حسین,مرادیان مشهدی,6,,09154495996,09154715209,unknown,normal,import
محمد نیما,مرتاض,4,,09159967420,09159967421,unknown,normal,import
سیدمحمدجواد,مرتضوی,1,,09151041403,09151041402,unknown,normal,import
پرهام,مرشدی,6,,09151022051,09014803767,unknown,normal,import
امیرعلی,مرشدی شعرباف,6,,09152241826,09151040542,unknown,normal,import
امیرعلی,مرندی,6,,09387997024,09387997024,unknown,normal,import
وحیدرضا,مروج,4,,09367031353,09152232265,unknown,normal,import
محمد حسین,مروه,4,,09151174934,09153771557,class_seeker,normal,import
محمدعلی,مروی مهاجر,4,,09156008205,09157378205,unknown,normal,import
محمدرشاد,مرکانی,3,,09155099497,09159898279,unknown,normal,import
امیرعباس,مزینانی,3,,09196706812,09196706832,unknown,normal,import
محمد عارف,مساحی,6,,09159159157,09153251961,unknown,normal,import
میثم,مسرت,5,,09151034980,,unknown,normal,import
محمدمهدی,مسعودی,5,,09357107933,09151034940,unknown,normal,import
علیرضا,مشایخی,6,09386154162,09354300077,09152010369,class_seeker,normal,import
محمدرضا,مشایخی,6,,09155024215,09159252790,unknown,normal,import
امیر حسین,مشایخی پور,4,,09155045464,09156473880,unknown,normal,import
علیرضا,مشتاقی,5,,09158286305,09367701780,unknown,normal,import
سید معین,مشرف,4,,09153242843,09151086694,unknown,normal,import
محمد کیان,مشمول,6,,09153224852,,unknown,normal,import
امیرحسین,مشهدی,6,,09151064392,09353463166,unknown,normal,import
سید علی,مشهدی,5,,09159165375,09159175375,unknown,normal,import
سید محمد,مشهدی,5,,09156433292,09158143404,unknown,normal,import
مهدیار,مشهدی,4,,09151095521,09353592790,unknown,normal,import
محمد حسین,مشهدیان,4,,09151141761,09156010060,unknown,normal,import
امیروالا,مشکات رضوی,4,,09151240432,09153072887,unknown,normal,import
سید امیر ارشیا,مشکات رضوی,5,,09151014905,09156836083,unknown,normal,import
امیرحسین,مصباح موسوی,4,09352453333,09122270192,09154201807,unknown,normal,import
سید محمد مهدی,مصباح موسوی,4,09154201807,09122270192,09154201807,unknown,normal,import
حسین,مصباحی,5,,09363227551,09361201576,unknown,normal,import
علی,مصباحی,5,,09154021035,09026446461,unknown,normal,import
محمدمتین,مصباحی,6,,09152324050,09154083730,unknown,normal,import
محمدصدرا,مصدق,2,,,09157097534,unknown,normal,import
علی اکبر,مصدق خندان,6,,09153257288,09151237892,unknown,normal,import
محمدحسین,مصدق خندان,6,,09155039776,09153011914,unknown,normal,import
صدرا,مصطفوی نژاد,2,,,,unknown,normal,import
محمد صالح,مصطفی پور,4,,09029112055,09029112055,unknown,normal,import
امیرحسین,مظاهری,4,,09151069565,09351069565,unknown,normal,import
محمد صالح,مظاهری,6,,09158119265,,unknown,normal,import
محمدرضا,مظاهری,4,,09156006343,,unknown,normal,import
سید محمدحسین,مظلوم مقدم,4,,09363704388,09154207001,unknown,normal,import
سید محمدمهدی,مظلومان,4,,09153216725,09151243702,unknown,normal,import
سید سینا,مظلومی توتونچی,6,,09155155781,09156115781,class_seeker,normal,import
محمدمهدی,معافیان,5,,09157604240,09155117910,unknown,normal,import
امیرعلی,معاون افشاری,2,09151826993,09151826993,09151826993,unknown,normal,import
علیرضا,معتمدی,5,,09156622787,09391225401,unknown,normal,import
مرتضی,معتمدی,3,,09155069277,09159040802,class_seeker,normal,import
پارسا,معدنی,2,,09151826535,09155198279,unknown,normal,import
مهراد,معرفتی,4,09352537237,09353537237,09365704709,unknown,normal,import
سید محمدحسین,معصوم زاده,3,,09157068157,09159188157,unknown,normal,import
سید مصطفی,معلم,4,,09374306347,09120337096,unknown,normal,import
سید محمد علی,معلمی,6,,09157571535,09152015414,unknown,normal,import
محمدمتین,معلمی,4,,09127532664,,unknown,normal,import
محسن,معلومی,4,,09155138610,09153771557,class_seeker,normal,import
ابوالفضل,معمارزاده,5,,09916761032,09156972350,class_seeker,normal,import
علیرضا,معینی,5,09352453333,09122270192,09154201807,unknown,normal,import
علیرضا,معینی,5,,09156858609,09362081146,unknown,normal,import
محمدرضا,معینی,1,09352453333,09122270192,09154201807,unknown,normal,import
مهدیار,معینی فر,6,,09153771477,09153145198,unknown,normal,import
طاها,معینی پارسا,6,,09151253517,09374995809,unknown,normal,import
حسین,مقبل,4,,09158003566,09334443566,unknown,normal,import
امیر علی,مقدس,6,,09365232213,,unknown,normal,import
امیرعلی,مقدس,2,,09155154103,09151255521,unknown,normal,import
منیر,مقدس,3,,09153235307,09153235307,unknown,normal,import
محسن,مقدسان,3,,09153246373,09153380406,unknown,normal,import
امیرعلی,مقدسی,3,,09353711056,09355357431,unknown,normal,import
محمدطاها,مقدم,6,,09153058198,09156614153,class_seeker,normal,import
امیرحسین,مقدوری,6,,09158040018,09158005292,unknown,normal,import
حیدر,مقیمیان یزد,6,,09154247253,09157904714,unknown,normal,import
محمد علی,ملوندی,4,,09158995649,09392228285,unknown,normal,import
آیهان,ملک,1,,09153000397,09158074228,unknown,normal,import
امیرارسلان,ملک نژاد,3,,09155259816,09159077822,unknown,normal,import
محمد امین,ملکوتی,4,,09158778400,09159734434,unknown,normal,import
ماهان,ملکی,6,,09362424929,09159230160,unknown,normal,import
محمدرضا,ملکی,3,,09105007321,09152002481,unknown,normal,import
محمد مهدیار,ممرآبادی,6,,09044159523,09391913476,class_seeker,normal,import
سید امیرعطا,منبتی,3,,09155075637,09153174951,unknown,normal,import
سید حسین,منبتی,3,,09151582401,09151236811,unknown,normal,import
سید محمدجواد,منتخب,5,,09151192320,09377644050,class_seeker,normal,import
محمد,منتظری,6,09301560125,09154079793,09301560125,unknown,normal,import
علی,منشی زاده,6,,09151581127,09155146706,unknown,normal,import
حسین,منظم,5,,09153139051,09151679792,unknown,normal,import
سامیار,منعم,6,,09395491887,09151030336,unknown,normal,import
سید ابوالفضل,منعم,6,,09158066009,09373427095,unknown,normal,import
امیرعلی,مهاجر,4,,09156586248,09156586247,unknown,normal,import
سید علی,مهان پور,6,,09388755546,09358364522,unknown,normal,import
سید علی,مهانپور,1,,09388755546,09358364522,unknown,normal,import
امیرعلی,مهدوی,3,,09153105561,09354302213,unknown,normal,import
مصطفی,مهدوی,5,,09154143498,09155143498,unknown,normal,import
محمد,مهدویان,5,,09015773282,,unknown,normal,import
محمدرضا,مهدویان,4,,09150527972,09150527973,unknown,normal,import
محمد حسین,مهدویان دلاوری,6,,09153212848,09151212252,unknown,normal,import
امیرحسین,مهدی بیک,5,,09367239076,09337882945,unknown,normal,import
محمدعلی,مهدی زاده,3,,09151119020,09157358992,unknown,normal,import
احسان,مهربان,6,,09153086257,09155448857,unknown,normal,import
یاسین,مهربان,3,,09158233526,09159752586,unknown,normal,import
ماهان,مهرداد,3,,09155117449,09155226129,unknown,normal,import
رادین,مهرگان,1,,09151024704,09156940836,unknown,normal,import
محمد مرصاد,موحد,4,,09379598481,09307494965,unknown,normal,import
احمد,موحدی,3,,09152083297,09151245897,unknown,normal,import
سید علیرضا,موحدی تبریزی,4,,09155194434,,unknown,normal,import
محمدحسین,موحدی پور,5,,09057068319,09151068319,unknown,normal,import
پرهام,موسمی,2,,09392528901,09155590700,unknown,normal,import
سید احمدرضا,موسوی,6,09039464077,09378672776,09197262477,unknown,normal,import
سید امیرحسین,موسوی,4,,09159239383,09154506209,unknown,normal,import
سید امیرمهدی,موسوی,4,,09151198552,,unknown,normal,import
سید امیرمهدی,موسوی,5,,09361955016,,unknown,normal,import
سید دانیال,موسوی,5,,09151037005,09331037005,unknown,normal,import
سید رضا,موسوی,3,,09158758604,09158758604,unknown,normal,import
سید رضا,موسوی,6,,09334520267,,unknown,normal,import
سید عرفان,موسوی,5,,09300536959,,unknown,normal,import
سید محمد امین,موسوی,3,,09389511046,09155246744,unknown,normal,import
سید محمد حسن,موسوی,4,09154803877,09394668156,09354142256,unknown,normal,import
سید محمدجواد,موسوی,5,,09158084819,09158366345,class_seeker,normal,import
سید محمدرضا,موسوی,5,,09372755042,09371078409,unknown,normal,import
سید محمدطاها,موسوی,6,,,09358077818,unknown,normal,import
سید مهدی,موسوی,5,,09158989756,09155236224,unknown,normal,import
سیدحسین,موسوی,5,,09900851342,09056443088,unknown,normal,import
سیدعلی,موسوی,2,,09158839851,09155051300,unknown,normal,import
سیدمحمد,موسوی,5,,09151099015,,unknown,normal,import
طاها,موسوی,2,,09353389399,,unknown,normal,import
علیرضا,موسوی,5,,09035372061,09365572866,unknown,normal,import
محمد دانیال,موسوی,5,,09151017735,09016951917,class_seeker,normal,import
محمد صالح,موسوی,6,,09017134325,09154130974,unknown,normal,import
محمدصادق,موسوی,6,,,09386393873,unknown,normal,import
محمدیاسین,موسوی,5,,09155050806,09156010806,unknown,normal,import
محمدمهدی,موسوی احمدی,4,,09031328967,09353592979,unknown,normal,import
سید علی اکبر,موسوی اصفهانی,5,,09354123051,09158123051,unknown,normal,import
سید محمد علی,موسوی جزایری,5,,09155143080,09353688502,unknown,normal,import
سید مهدی,موسوی حجازی,4,,09158073428,,unknown,normal,import
سید محمد رضا,موسوی پور,5,,09155095641,09155095641,unknown,normal,import
سید شهاب,موسوی کاخکی,6,,09905321962,09159112435,unknown,normal,import
امیرطاها,موسویان,3,,09150604828,09155577260,class_seeker,normal,import
امیرحسن,مویدی,6,,09942446473,09155146341,unknown,normal,import
محمد حسین,مویدیان,3,,09153161644,09153218890,unknown,normal,import
مهدیار,مکفی,4,,09151250938,09377475448,unknown,normal,import
سید علیرضا,مکی,4,,09155047104,09157157104,unknown,normal,import
کوروش,میر,6,,09153208689,09159107147,unknown,normal,import
امیروالا,میر احمدی,3,,09151154598,09153580128,unknown,normal,import
سید محمود,میر رضایی,3,,09151228996,09151228996,unknown,normal,import
سیدرادوین,میراسماعیلی,6,,09155134068,09120259271,class_seeker,normal,import
سیدحسین,میرحافظ,5,09375999320,09010500635,09154352922,unknown,normal,import
ابوالفضل,میرزائیان قوژد,5,,09154188533,,unknown,normal,import
محمد حسین,میرزایی,5,,09151239967,09151239967,unknown,normal,import
محمدصالح,میرزایی,5,,09152372330,09154251500,unknown,normal,import
مهزیار,میرزایی,6,,,09153069597,unknown,normal,import
ابوالفضل,میرزایی صفی آباد,5,,09156204434,09155144434,unknown,normal,import
سید محمد حسین,میرزرابی,5,09159675819,09151064055,09027648834,unknown,normal,import
محمدجواد,میرزرابی,1,,09353658055,,unknown,normal,import
امیرعباس,میرشجاعان,5,,09151024854,,unknown,normal,import
سید طاها,میرشیبانی,3,,09392395591,09386373221,unknown,normal,import
سید امیر مهدی,میرمفیدی,2,,09155157897,09151233491,unknown,normal,import
امیراردلان,میرنژاد,5,,09153254298,09155007900,unknown,normal,import
میثم,میرنژاد,4,09156184612,09156184612,09058211580,unknown,normal,import
سید الیاس,میرهاشمی,6,,09380703321,09155006825,unknown,normal,import
ابوالفضل,میری,4,,09158070616,09150685881,unknown,normal,import
حامد,میری,5,,09154884206,09309012665,unknown,normal,import
ماهان,میری,5,09154414562,09151114562,09154414562,unknown,normal,import
محمدعلی,میلانی,4,,09120748808,09120748808,unknown,normal,import
مصطفی,مینائی,6,,09154563449,,unknown,normal,import
محمد یاسین,میهنی,3,,09153146011,09153250980,unknown,normal,import
امیرعلی,ناجی,5,,09151135558,09155167443,class_seeker,normal,import
محمد امین,نادعلی زاده,6,,09158104874,09158241585,unknown,normal,import
عرفان,ناشری,6,,09151097253,09105557293,unknown,normal,import
عباس,ناصری,6,,09304101668,09382237103,unknown,normal,import
محمد پویان,ناصری فر,6,09155226894,09151226894,09013280060,class_seeker,normal,import
امیرعلی,ناصری کلاتی,6,,09155582633,09370042722,unknown,normal,import
محمدسالار,ناطق,4,,09152022647,09331789659,unknown,normal,import
محمدطاها,ناطقی,5,,09151103956,09151245618,unknown,normal,import
سید امیرعباس,ناظری,4,,09151231804,09014870786,unknown,normal,import
پارسا,ناظری,4,,09900656580,,unknown,normal,import
علی,ناظری نسب,3,,09374468268,09357413740,unknown,normal,import
امیر عباس,نامشخص,6,,09153145320,,unknown,normal,import
امیرعلی,نامشخص,6,,09156221931,09156221931,unknown,normal,import
سجاد,نامشخص,4,,09154741168,,unknown,normal,import
سید محمدرضا,نامشخص,6,,09367724146,,unknown,normal,import
محمد حسین,نامشخص,4,,09361701977,,unknown,normal,import
محمدرضا,نامشخص,3,,09151254263,,unknown,normal,import
مسیح,نامشخص,6,,09151572500,,unknown,normal,import
محمدمهدی,نایبی,4,09153250557,09153250557,09153250557,unknown,normal,import
محمد طاها,نباتی,5,,09372790773,09372790773,unknown,normal,import
محمدسجاد,نباتی,5,,09151061890,09158912040,unknown,normal,import
سید علی,نبوی موسوی,5,09934881394,09151227436,09157067436,unknown,normal,import
محمدعلی,نبی,3,,09153102872,09153001966,unknown,normal,import
طاها,نبی پور,5,,09339626671,09358890285,unknown,normal,import
سید محمد مهدی,نجات حسینی,4,,09151233203,09152460148,unknown,normal,import
سید محمدحسین,نجات حسینی,4,,09157587462,09150038833,unknown,normal,import
علی,نجات زاده,2,,09151230971,09150070927,unknown,normal,import
ابوالفضل,نجاتی,4,,09153594290,09158575563,unknown,normal,import
مهبد,نجاتی عدالتیان,5,,09153044700,09151111345,unknown,normal,import
حسین,نجار شهری,3,09395227570,09390303818,09395227570,unknown,normal,import
حسین,نجاری شهری,3,09395227570,09390303818,09395227570,unknown,normal,import
آدرین,نجفی,4,,09156141872,09156141940,unknown,normal,import
سید محمدیاسین,نجفی,2,09038308488,09366684203,09910907435,unknown,normal,import
محمد رسول,نجفی,5,,09025241981,09058034160,unknown,normal,import
محمدکیان,نجفی,4,,09363348276,09036287249,unknown,normal,import
یزدان,نجفیان,6,,09155036112,09151021735,unknown,normal,import
علیرضا,نجیب برقی,6,,09158040018,09158005292,unknown,normal,import
امیرشایان,نخعی,2,,09157048646,09152500035,unknown,normal,import
محمدصالح,نشاط,4,,09151119173,09157468528,unknown,normal,import
عباس,نشیبی,4,,09017302910,09154139811,unknown,normal,import
عمید,نصرابادی,4,,09155179905,09153027165,unknown,normal,import
فردوس,نصرت,4,,09945998412,,unknown,normal,import
امیرحسن,نصیرالدینی,3,09155687583,09154255118,,unknown,normal,import
ارین,نصیرى خراسانى,2,,09105793669,09015676129,unknown,normal,import
علی,نصیری,3,,09153243147,09157023183,unknown,normal,import
ماهان,نصیری,6,,09153020622,09153386166,unknown,normal,import
محمد,نظام دوست,5,,09152564498,,unknown,normal,import
هدیه,نظام دوست قصری,3,,09158358361,09152214153,unknown,normal,import
مهدی,نظامی,5,,09154817081,,unknown,normal,import
ابوالفضل,نظری,6,,09155131134,09153250511,class_seeker,normal,import
امین,نظری,5,,09158786430,09331254630,unknown,normal,import
حامد,نظری,5,,09151101588,09154089616,unknown,normal,import
سروش,نظری اندوه جردی,5,,09151006514,09158931363,unknown,normal,import
ابوالفضل,نظری فاز,4,,09158976244,09156459126,unknown,normal,import
امیرحسین,نظری مرویان,6,,09159060200,09336546768,unknown,normal,import
صالح,نظیری,5,,09157089816,09158247638,unknown,normal,import
امیرحسین,نعمتی,5,,09156442124,,unknown,normal,import
سید سبحان,نعمتی,4,,09151217409,09151217409,unknown,normal,import
سید یزدان,نعمتی خیرآبادی,3,09377346389,09155187485,09377346389,unknown,normal,import
مرتضی,نعیمی,6,,09158006671,,unknown,normal,import
محمد,نعیمی موحد,5,,09397976639,09395266825,unknown,normal,import
محمد صادق,نمازی,6,,09132572994,,unknown,normal,import
محمد امین,نمدیان,6,,09153880325,09155050402,unknown,normal,import
محمدحسین,نمک کوبی,4,,09354376009,09155123550,unknown,normal,import
محمد طاها,نوائی نوغانی,3,,09158009439,09156004185,unknown,normal,import
مصطفی,نوبهار,6,,09222483565,09305152950,unknown,normal,import
آروین,نوربخش,4,09156484535,09387929136,09380733367,unknown,normal,import
احمدرضا,نورسعید,6,,09393342754,09398807944,unknown,normal,import
علیرضا,نورمحمدی,5,,09155228930,09158191109,unknown,normal,import
امیرحسین,نورمحمدیار,,,09154500867,09156860867,unknown,normal,import
حسین,نورمندی پور,5,,09153027685,09155113115,unknown,normal,import
آرمان,نوروزی,2,,09332220310,09332220310,unknown,normal,import
ابوالفضل,نوروزی,5,09158005642,09362476313,09158005642,unknown,normal,import
زهیر,نوروزی,6,09395342522,09154011760,09153245200,unknown,normal,import
محمد طاها,نوروزی,6,,09158529259,09396658166,unknown,normal,import
محمد طاها,نوروزی,6,,09385199300,09051413928,unknown,normal,import
محمد پارسا,نوروزی,6,,09398785439,09028487307,unknown,normal,import
محمد یاسین,نوروزی,5,,09151252482,09152022482,class_seeker,normal,import
مرتضی,نوروزی,6,,09307649276,09944162122,unknown,normal,import
امیرمحمد,نوروزیان,,,09151224522,09155039030,unknown,normal,import
محمدحسین,نوری,5,,09159098705,09305864122,unknown,normal,import
محمدرضا,نوری,4,,09156207005,09156207006,unknown,normal,import
امیرعباس,نوریان,4,09156576946,09159041304,09388743751,unknown,normal,import
سید پارسا,نوعی تیموری,6,,09363257658,09021574271,unknown,normal,import
امیرحسین,نوید,4,,09153109144,09150675805,unknown,normal,import
بزرگمهر,نکاحی,5,,09159252343,09036200221,unknown,normal,import
یزدان,نکویی,2,,09363415980,09363415980,unknown,normal,import
شایان,نیاتی,4,,09153086811,09156866811,unknown,normal,import
احمدرضا,نیاز مقدم,4,,09354747267,09155499161,unknown,normal,import
احمدرضا,نیازمند مقدم,4,,09365499161,09158983958,unknown,normal,import
امیررضا,نیازکار,4,,,09155002576,unknown,normal,import
نوید,نیازی آبقد,3,,09155008596,09151087311,unknown,normal,import
امیر محمد,نیایی,6,,09155060342,09156895586,unknown,normal,import
محمدطاها,نیایی,4,,,,unknown,normal,import
محمد طاها,نیایی فروش,2,,09158007660,09157336919,unknown,normal,import
آرمان,نیرومند,6,09376773336,09151114329,09376773336,unknown,normal,import
محمد حسین,نیرومند,5,09398471927,09378811345,09398471927,unknown,normal,import
پارسا,نیرومند,6,,09381483917,09381483916,unknown,normal,import
محمدرضا,نیلی,5,,09151186857,09034964680,unknown,normal,import
امیرعباس,نیلی ثانی,5,,09151007228,09155036641,class_seeker,normal,import
محمدعلی,نیک فرجام,4,,09368079590,09023031351,unknown,normal,import
محمدصالح,نیک منش,4,,09157000782,,unknown,normal,import
آرتین,نیک نیان,6,,09155600255,09151011609,unknown,normal,import
محمد مهدیار,نیکبخت,3,09151043480,09153001391,09353701391,unknown,normal,import
علی,نیکنام,3,,09159965137,09155138128,unknown,normal,import
پرهام,نیکنام,3,,09397287608,09333712094,unknown,normal,import
سجاد,نیکنام حصار,5,,09352600957,09334213797,unknown,normal,import
آرتان,نیکورای,6,,09153200765,09370364198,unknown,normal,import
امیرعلی,نیکونام طوسی,6,,09155149566,09158063012,unknown,normal,import
مهدیار,هاتفی حداد,5,,09399299148,09354072637,unknown,normal,import
علی,هاجری,4,,09397846988,09399239255,unknown,normal,import
امیرحسین,هادلی,6,,09158165495,09158165495,unknown,normal,import
امین رضا,هادی,4,,09155146997,09158976617,class_seeker,normal,import
محمدحسین,هادی نیا,6,,09153176506,,unknown,normal,import
حسین,هادی پور,6,,09153821967,09159828980,unknown,normal,import
امیر علی,هادیون,4,,09158011141,09352320694,unknown,normal,import
سید محمدجواد,هاشم نیا,5,09023523799,09154286481,09151250844,unknown,normal,import
سید سجاد,هاشمی,4,,09153241150,09151673179,class_seeker,normal,import
سید سجاد,هاشمی,5,,09156413402,09151227236,unknown,normal,import
سید طاها,هاشمی,6,,09158901530,,unknown,normal,import
سید علی,هاشمی,4,,09128336278,09128112236,unknown,normal,import
سید محمدکیان,هاشمی,5,,09105760315,09105760314,unknown,normal,import
سید مهدی,هاشمی,5,,09151086822,09158293319,unknown,normal,import
سیدمحمدصالح,هاشمی,3,,09155096532,,unknown,normal,import
عماد,هاشمی,5,,09157257370,09155187370,unknown,normal,import
امیرحیدر,هدایت زاده,6,,09128453770,09151221352,unknown,normal,import
محمدحسین,هدایتی,5,,09155075286,09113102126,unknown,normal,import
محمدطاها,هدایتی,5,,09355605987,09021103675,class_seeker,normal,import
محمدمهدی,هدایتی,5,,09151042013,09351516027,class_seeker,normal,import
احمد,هراتی مطلق,6,,09155575047,09159051993,unknown,normal,import
امیرعلی,هروی,4,,09153581591,09355912368,unknown,normal,import
امیرعلی,هروی,4,,09153186880,09155061749,unknown,normal,import
علی,هزار,4,,09151063724,,unknown,normal,import
مهدی,همایون فر,3,,09159012983,09357589382,unknown,normal,import
ارتین,همایونی,6,,09155102890,09337727293,unknown,normal,import
طاها,همتی,6,,09152055025,09371325438,unknown,normal,import
محمدرضا,هنرمند,4,09368021016,09368021016,09354609784,unknown,normal,import
محی الدین,هنرور,6,,09153050901,09155216004,unknown,normal,import
محمدرضا,هنرپیشه,2,,09157091941,09153001055,unknown,normal,import
محمدطاها,هوشمند,5,,09358973122,09150795133,unknown,normal,import
پارسا,واحد احمدیان,5,,09155175360,09158697081,unknown,normal,import
پارسا,واحدی,6,,09398966969,09391611999,unknown,normal,import
پویان,واحدی,4,,09153163537,09152038898,unknown,normal,import
یاسین,واحدی,3,,,09353289309,class_seeker,normal,import
محمدرضا,واحدی حیدریان,4,,09155133590,09358046710,unknown,normal,import
محمدمحسن,واحدیان درگاهی,4,09155301509,09357998267,09395687118,unknown,normal,import
سید امیرعلی,وارسته,3,,09153290923,09153298923,unknown,normal,import
علی,وارسته,5,,09155209733,09155063299,unknown,normal,import
امیرعباس,وثوق,5,,09151101623,09151101623,unknown,normal,import
محمد امین,وثوق,3,,09151105074,09155184095,unknown,normal,import
امیرعلی,وثوقی,6,,09155796211,09151029724,unknown,normal,import
علیرضا,وحدتی نسب,4,09159157995,09157389885,09159157995,unknown,normal,import
الیاس,وحید فیض آباد,5,,09365331005,09365331006,unknown,normal,import
محمدجواد,وحیدی,6,,09155115750,09155220915,class_seeker,normal,import
محمد یاسین,وحیدیان,6,,09155009947,09151042160,unknown,normal,import
سید حسام الدین,وزیری,6,,09379265048,09151575703,unknown,normal,import
محمد حسین,وطن خواه,6,,09015135210,09365124255,unknown,normal,import
سید محمدامین,وفایی,5,,09155187247,09333643435,class_seeker,normal,import
علیرضا,وفایی,6,,09155208688,,unknown,normal,import
محمدمبین,وفایی,6,,09155200580,09155200580,unknown,normal,import
علی,ولی زاده,5,,09155790927,09153242636,class_seeker,normal,import
جواد,ولی زاده هاوستین,4,,09371308263,09387780208,unknown,normal,import
محمد مهدی,ولی پور,6,09363228561,09382027241,09363228561,unknown,normal,import
امیرحسین,ولیداد,6,,09153621643,09155028394,unknown,normal,import
امیرحسین,وکیلی زارچ,6,09395097675,09151001599,09156191393,unknown,normal,import
حسین,وکیلیان,4,,09151239154,09153113314,unknown,normal,import
امیرعلی,ویلانی,4,,09153001686,09153585946,unknown,normal,import
سینا,پارسا آرا,6,,09154205607,09154205605,unknown,normal,import
پرهام,پارسائیان,4,,09159257135,09151056252,class_seeker,normal,import
سبحان,پارسافر,4,,09151581176,09159118984,unknown,normal,import
فربد,پارسافرد,6,,09153192732,09396419429,unknown,normal,import
پارسا,پارسایی منش,5,,09155139357,09159150928,unknown,normal,import
حسین,پاشائی نژاد,4,,09154121367,09151114080,unknown,normal,import
علی,پاشایی,3,,09155043570,09153227762,unknown,normal,import
پویا,پاپولی,5,,09155174409,09154359030,unknown,normal,import
محمدصالح,پاکدامن,4,,09155047026,09388493955,unknown,normal,import
محمد حسین,پاکدل,6,,09022609221,09159083558,unknown,normal,import
آراد,پایبست,3,,09151216970,09155571037,unknown,normal,import
ابوالفضل,پاینده فر,6,,09159141921,09035713874,unknown,normal,import
محمد,پایین دهی,5,09157675739,09157675739,09917438716,unknown,normal,import
محمد علی,پراییش,4,,09150767279,,unknown,normal,import
محمدحسین,پرستو,5,,09159112734,09028391356,unknown,normal,import
امیرحسین,پرهام نژاد,2,,09357700137,09157018780,unknown,normal,import
حسین,پرهان نژاد,5,,09391268527,,unknown,normal,import
محمد صادق,پرهیخته پور,4,,09155146634,09152296634,unknown,normal,import
پرهام,پرویان,4,,09155598423,09356106785,unknown,normal,import
امیرحسین,پروین پور,2,,09155088710,09365091419,unknown,normal,import
سیدمحمدحسین,پریزاد,5,,09155165312,09151569503,unknown,normal,import
امیر حسین,پشنگ,4,,09151175469,09155034824,unknown,normal,import
سید امیر,پشنگ,4,,09153040308,09365565896,unknown,normal,import
مهرسام,پلرودى مقدم,5,,09155067500,09156562757,unknown,normal,import
علی,پنابادی,5,,09357742002,,unknown,normal,import
امیرعلی,پناهی,2,,09151025359,09150038100,unknown,normal,import
امین,پنجاهی,4,,09155609602,09364542017,unknown,normal,import
امیرارسلان,پهلوانی,3,,09154405958,09303871577,class_seeker,normal,import
حسین,پهلوانی,4,,09152659447,09921869881,unknown,normal,import
علی,پهنابادی,5,,09357742001,,unknown,normal,import
محمد,پور ابرده,6,,09153002086,09356990518,unknown,normal,import
محمد مهدی,پور احمدی,6,,09155175920,09916349630,unknown,normal,import
محمد مهدی,پور احمدی,6,,09150594802,09385055920,unknown,normal,import
محمدتیام,پور اکبر,6,,09013124242,,unknown,normal,import
محمدحسن,پور باقر,6,,09158066183,09156507567,unknown,normal,import
مهدی,پور بدخشان,6,,09157010205,,unknown,normal,import
محمد,پورابرده,1,,09153002086,09356990518,unknown,normal,import
سید محمد,پوراسماعیل,3,,09151017090,,unknown,normal,import
سروش,پورحسینی,3,,09382461408,09157044454,unknown,normal,import
سیدمحمدحسن,پورحسینی,2,,09151241009,09158232326,unknown,normal,import
قائم,پورحیدر گل خطمی,5,,09153191053,09031027105,unknown,normal,import
سید محمدامین,پورشهسوار,4,,09155684868,09358588389,unknown,normal,import
امیرعباس,پورعطا,3,,09155230741,09155201721,unknown,normal,import
محمد,پورفیض جاغرق,6,,09153219368,09153219368,unknown,normal,import
محمد صادق,پورقاسمی,5,,09151739097,09159719458,unknown,normal,import
امیررضا,پورمحمد,2,,09151002431,09156202431,unknown,normal,import
محمد مهدی,پوریزدیان,5,,09157990586,09152292599,unknown,normal,import
مهدی یار,پوریزدیان,4,,09150120654,09359354836,unknown,normal,import
مهدیار,پوست چی,6,,09156945262,,unknown,normal,import
محمد پرهام,پیرایش,3,,09155175957,09158026339,unknown,normal,import
محمدعلی,پیرایش,4,,09366472361,09150767279,unknown,normal,import
محمدحسین,پیروی,6,09158141375,09153141375,09155573827,class_seeker,normal,import
آرسام,پیش نماز,5,,09155150012,09155950012,unknown,normal,import
پارسا,پیشاهنگ,3,,09123967133,09335794047,unknown,normal,import
پارسا,پیشاهنگ,1,,09153163537,,unknown,normal,import
امیرحسین,پیله وران,5,,09155757628,09153060628,unknown,normal,import
عبدالحسین,پیوندزاده,4,,09151118759,09105648782,unknown,normal,import
محمد امین,پیوندزاده,3,,09156235263,09153115263,unknown,normal,import
یاسین,پیوندی,3,,09151070672,09153163193,unknown,normal,import
کوروش,چاه جویی,4,,09159217445,09159217445,unknown,normal,import
محمدحسین,چاوشی,5,,09155073849,09155073849,unknown,normal,import
علی سان,چاووشی,6,,09158067221,,unknown,normal,import
محمد طاها,چاوکسوار,6,,09938520651,09380299318,unknown,normal,import
الیاس,چرمچی,6,,09155171218,09155171218,class_seeker,normal,import
صادق,چنارانی,4,,09158246750,09156233415,unknown,normal,import
الیا,چناری,6,,09153004165,09382053315,unknown,normal,import
طاها,چناری,4,,09152295413,09915524320,unknown,normal,import
پیمان,چناری,6,,09151092522,,unknown,normal,import
هومان,چهره گشا,2,,09153244707,,unknown,normal,import
محمد,چهکندی نژاد,3,,09369443256,09367252188,class_seeker,normal,import
علی,چوبدار,2,,09355902767,09354618662,unknown,normal,import
سجاد,چوپانی,6,,09153293087,,unknown,normal,import
علی,چکنه,6,,,09150338109,unknown,normal,import
محمدعلی,چیت سازیان,3,,09151243358,09358401340,unknown,normal,import
رهام,ژیان,5,,09151018723,09153167400,unknown,normal,import
محمد,ژیان,6,,09151125097,09027437867,unknown,normal,import
محمدحسین,ژیان,4,,09153124539,09366165308,unknown,normal,import
محمد یوسف,ژیانى رضایى,3,,09151045137,09155065493,unknown,normal,import
محمدسپهر,ژیانی,6,,09155114180,09155206365,unknown,normal,import
محمد فربد,کاتب,6,,09153054267,,class_seeker,normal,import
امیر شایان,کاتب دامغانی,2,,09153259006,09358607021,class_seeker,normal,import
سیدمهدیار,کاخکی,2,,09153165625,09126657664,unknown,normal,import
آران,کاراژیان,4,,09156484535,09156484535,unknown,normal,import
طاها,کاربزرگ,2,,09155109096,09153221429,unknown,normal,import
رضا,کاردان,2,,09156535320,09154050313,unknown,normal,import
سیدمهدی,کاردون قابل,4,,09372278940,09151244277,unknown,normal,import
امیرحسین,کارشکی,6,,09368759687,09029451367,unknown,normal,import
امیرارسلان,کارگر,4,,09151234234,09154214234,unknown,normal,import
امیر عباس,کاشانی نژاد,3,,09155178175,09156196066,unknown,normal,import
امیرمهدی,کاشف کیوان,3,09151198630,09155571208,09150643238,unknown,normal,import
یوسف,کاظم عرب,4,,09153155303,09153228896,unknown,normal,import
امیرعباس,کاظم نیا,3,,09141107424,09156503032,unknown,normal,import
ارشام,کاظمی,6,,09153044669,,class_seeker,normal,import
سید حسین,کاظمی,3,,09153231460,09159172910,unknown,normal,import
سید محمدرضا,کاظمی,4,,09155173265,09366284863,unknown,normal,import
محمدحسین,کاظمی,4,,09389767727,09155174485,unknown,normal,import
مرتضی,کاظمی,5,,09303701244,09302209598,unknown,normal,import
مرتضی,کاظمی,6,,09151159598,,unknown,normal,import
کیامهر,کاظمی,3,,09155205163,09151069303,unknown,normal,import
کیان,کاظمیان مقدم,4,,09154198196,09154198194,unknown,normal,import
صالح,کامران,5,,09150732506,09365349989,unknown,normal,import
امیر حسین,کامل,5,,09380986495,09398095235,unknown,normal,import
حسین,کاملان,2,,09153092180,09023092180,unknown,normal,import
علی,کامیاب,3,,09025024290,09155124290,unknown,normal,import
فربد,کامیار,5,,09012532244,09157041786,unknown,normal,import
مصطفی,کاوه ای,5,,09155020446,09156012682,unknown,normal,import
ارمیا,کاووسی,4,09035490388,09916601126,09035490388,unknown,normal,import
محمد,کباری,4,,09153011370,,unknown,normal,import
فربد,کبریایی,5,,09942065631,,unknown,normal,import
یوسف,کبوتری,6,,09151039690,09151233755,unknown,normal,import
سبحان,کبیری,6,,09151135678,09153025083,unknown,normal,import
سجاد,کبیری,4,,09151240091,09151116714,unknown,normal,import
کیان,کبیری,3,,09137232019,09032371836,unknown,normal,import
علیرضا,کدخدا,3,,09358006123,09358006123,unknown,normal,import
امیرحسن,کرامتی,5,,09151245233,09157005082,class_seeker,normal,import
علیرضا,کرامتی پور,4,,09156241120,09156241121,unknown,normal,import
محمد سالار,کرباس فروشان,4,,09362558727,09941711480,unknown,normal,import
سامیار,کرباسی,3,,09151005605,,unknown,normal,import
علی,کرخی,6,,09155018386,09158783891,unknown,normal,import
امیرعلی,کرمانی,1,,09142734425,09142021562,unknown,normal,import
حسن,کرمانی,5,,09198615296,09153081683,unknown,normal,import
امیر علی,کرمی,3,,09155127307,09157025071,unknown,normal,import
شایان,کرمی,3,,09155117449,09155226129,unknown,normal,import
امیررضا,کروچی,2,,09151008312,09151589807,unknown,normal,import
آرتین,کریم خانی,5,,09152631322,09150573482,unknown,normal,import
علیرضا,کریم نژاد,4,,09365578595,09355974122,unknown,normal,import
امید,کریمی,6,,09152997488,,unknown,normal,import
سید امیرصدرا,کریمی,4,,09155303012,09155303011,unknown,normal,import
سید علیرضا,کریمی,5,,09159083367,09359941649,class_seeker,normal,import
علیرضا,کریمی,,,09153024230,09153024230,unknown,normal,import
محسن,کریمی,6,,09151133381,,unknown,normal,import
محمد حسین,کریمی,2,,09038395488,09033143084,unknown,normal,import
محمد مهدی,کریمی,4,,09155107966,09155107966,unknown,normal,import
مسیحا,کریمی,3,,,,unknown,normal,import
سبحان,کریمی احمداباد,2,,09356592488,09355167248,unknown,normal,import
امیرحسین,کریمی سرابی,4,,09155018037,09358037712,unknown,normal,import
محمد رایان,کریمیان,4,,09159508606,09151409331,unknown,normal,import
مارتیا,کشاورزیان,5,,09307595056,09304141585,unknown,normal,import
محمد حسن,کشمیری,1,09153005362,09153005362,09154065362,unknown,normal,import
محمدطاها,کشمیری,4,,09156156804,09153068314,unknown,normal,import
کیان,کشمیری,5,,09158821248,09158821248,unknown,normal,import
سید محمدصالح,کظیمی,4,,09153009160,09154149160,unknown,normal,import
سیدعلی,کظیمی,6,,09159259644,,unknown,normal,import
حسین,کفاش,5,,09153003648,09372380377,unknown,normal,import
حسین,کفشدار,6,,09195038372,09195038372,unknown,normal,import
مهدیار,کلاته عربی,3,,09389021447,09368878859,unknown,normal,import
امیر عباس,کلاتی,4,,09335900760,09150472925,unknown,normal,import
داریوش,کلاسی,5,,09103362960,,unknown,normal,import
سید مرتضی,کلالی,2,,09154007385,09156004095,unknown,normal,import
سید رضا,کلالی نیا,5,,09155136983,09159924235,unknown,normal,import
امیر محمد,کلانسر,4,,09385058813,,unknown,normal,import
علیرضا,کمال آبادی,3,,09153210129,09155308715,unknown,normal,import
حسین,کمالی,6,,09155085020,09370175021,unknown,normal,import
سجاد,کمالی,4,,09152178495,09356909281,unknown,normal,import
محمدطاها,کمالی,5,,09153150521,,unknown,normal,import
یاسین,کمالی,6,,09150039598,09158001924,unknown,normal,import
علیرضا,کهربایی,3,,09151002435,09156949145,unknown,normal,import
علی,کهنی,3,,09157788638,09157788658,unknown,normal,import
محمد رادین,کوزه ساز,2,,09155259693,09156246110,unknown,normal,import
امیرعلی,کوهستانی,2,,09151188020,09156014886,unknown,normal,import
محمدرضا,کوچک زاده,5,,09155194497,09151175904,unknown,normal,import
رضا,کوچکی نیا,2,,09112421418,,unknown,normal,import
رادین,کژخدایی,6,,09153001109,,unknown,normal,import
سجاد,کیان,5,,09155126957,,unknown,normal,import
طاها,کیان,1,,09155191048,,unknown,normal,import
علیرضا,کیانی,6,,09157085200,,unknown,normal,import
محمدصالح,کیشی,4,,09307278797,09159229325,unknown,normal,import
مهراب,کیوان,3,,09365803046,09196276290,unknown,normal,import
یاسین,کیوان,6,,09151186550,09155069079,unknown,normal,import
محمد,کیوانی,5,,09151002606,09393705088,unknown,normal,import
کیان,گرامی,4,,09386929391,,unknown,normal,import
سید کیارش,گرامیان,6,,09156575918,09156575917,unknown,normal,import
حسین,گروسی,4,,09191892636,09394413648,unknown,normal,import
محمدحسین,گزمه,5,09214016331,09118661611,09111762181,unknown,normal,import
ابوالفضل,گل ختمی,4,,09151052319,,unknown,normal,import
ماهان,گل فخرابادی,6,,09156940217,09387299605,unknown,normal,import
فرهان,گل پرور,5,,09153036879,,unknown,normal,import
طاها,گلدانی,,,09153203250,09155007618,unknown,normal,import
عرفان,گلمکانی,3,,09155137115,09154017115,unknown,normal,import
علی اصغر,گنابادی نژاد,5,,09151130025,09150010025,unknown,normal,import
محمد ایلیا,گنجعلی,6,,09368691856,09044703671,unknown,normal,import
محمد کیان,گواه,1,,09155205163,09151069303,unknown,normal,import
عماد,گوهری,4,,09395226793,09364137481,unknown,normal,import
ابوالضل,گیفانی,6,,09376400275,09368478276,unknown,normal,import
امیر صدرا,یاسی,4,,09055080384,09153169791,unknown,normal,import
سید محمدطاها,یاسینی,5,,09153166628,09155836893,unknown,normal,import
امیرمیثم,یاقوتی,5,,09303367866,,class_seeker,normal,import
سبحان,یاوری,5,,09157621358,09158166346,unknown,normal,import
سید نیما,یاوری,5,,09386929391,,unknown,normal,import
پارسا,یاوری,3,,09155009803,09352399307,unknown,normal,import
علیرضا,یزدان پرست,5,,09151108806,09151108806,unknown,normal,import
شهریار,یزدان پناه,5,,09151913979,09156327158,unknown,normal,import
امیرعباس,یزدانخواه,2,,09153177472,,unknown,normal,import
امیرحسین,یزدانی,4,,09155252143,09304346806,unknown,normal,import
علی اصغر,یزدانی,6,,09154003684,09153259103,unknown,normal,import
پدرام,یزدانی,4,,09016404664,09155052160,class_seeker,normal,import
طاها,یزدی نژاد,2,,09151044391,09151184613,unknown,normal,import
آرشان,یزدیانی,6,,09032089175,09155048422,unknown,normal,import
ابوالفضل,یساقی,5,09158012519,09337398171,09033196624,class_seeker,normal,import
آرمان,یعقوبی,5,,09151112873,09159000284,class_seeker,normal,import
ارمان,یعقوبی,6,,09032992728,09154405090,unknown,normal,import
ایلیا,یعقوبی,2,,09153147387,,unknown,normal,import
عطا,یعقوبی,5,,09153590168,,unknown,normal,import
کیان,یعقوبی,4,,09368282024,09368282024,unknown,normal,import
محمد حسین,یعقوبیان,4,,09151217715,09158049053,unknown,normal,import
فواد,یوسف زاده,5,,09365504810,09155362813,unknown,normal,import
محمد حسین,یوسف زاده,5,,09154205846,09151090362,class_seeker,normal,import
مهدیار,یوسف زاده,4,,09150409616,,unknown,normal,import
امیرحسین,یوسف زاده فنایی,4,,09155038897,09153089053,unknown,normal,import
عماد,یوسفی,2,,09155174249,09155584988,unknown,normal,import
محمد مهدی,یوسفی,6,,09155005428,,unknown,normal,import
محمدحسین,یوسفی,5,,09155201721,09153041961,unknown,normal,import
محمدرضا,یوسفی,5,,09054157181,09050635549,unknown,normal,import
پویا,یوسفی,4,,09915978017,,unknown,normal,import
محمدحسین,یوسفی راد,4,,09153241996,09157071743,unknown,normal,import
محمد,یوسفی مقدم,4,,09915607801,09159929450,unknown,normal,import
ابوالفضل,یوسفیان,3,,09309956362,09364136064,unknown,normal,import
یاسین,یوسفیان,5,,09156882958,,unknown,normal,import
امیرمهدی,یگانه,2,,09154258385,09154258385,unknown,normal,import
