firstName,lastName,grade,rawGrade,mobile,fatherMobile,motherMobile,landline,neighborhood,address,referrer,lifecycleStatus,readinessStatus,origin,ceremonyHistory,notes,sources
بهنیا,؟,4,4,,09151091861,09155192041,,سجاد,,طیبه شمشیری,unknown,normal,import,,,media_1790604467212.csv
محمد پارسا,آبی,4,4,,09157025724,09155070515,38453694,سجاد,فلسطین 25 پ59,خانم کلاهی,unknown,normal,import,,,media_1790604467093.csv
امیررضا,آتشکار,3,3,,09155051628,09354943452,35090414,وکیل آباد چپ دور,لادن23پ20,خانوم مشایخی,unknown,normal,import,,,"media_1790604467093.csv, media_1790604467135.csv"
محمدامین,آجیلیان,3,3,,09153259512,09022259512,,احمدآباد,,آقای محمدی,unknown,normal,import,,,media_1790604467212.csv
محمدسجاد,آذر,3,3,,09159520573,09150518528,,کوهسنگی,,گروه سردفتران,unknown,normal,import,,,media_1790604467212.csv
محمدسجاد,آذرم نیا,6,6,,09153076303,09055416303,,ابوطالب,عبدالمطلب15,,unknown,normal,import,نیمه1402: 3; غدیر1403: 3; نیمه1403: 2,,media_1790604467212.csv
ابوالفضل,آذرمهری,4,4,,09332667691,09354763793,37622077,فرامرز,جانباز7 منفرد9 بعدازچهارراه اول پلاک142 واحد5,مجتهدی,unknown,normal,import,,,media_1790604467093.csv
محمد رئوف,آذری,3,3,,09381531601,09363698155,,احمدآباد,راهنمایی3,جشن هفت تیر21,unknown,normal,import,نیمه1402: 3; غدیر1403: 6; غدیر1404: 1; غدیر1405: 4,,media_1790604467212.csv
پرهام,آذری,6,6,,09151224181,09158836650,37277050,آبکوه,آبکوه 17 ارم شمالی 5 پلاک 11 طبقه سوم,مدرسه شهید دهسنگی,unknown,normal,import,,,"media_1790604467093.csv, media_1790604467135.csv"
سهیل,آرمان پژوه,5,5,,09155200710,09151587686,38849722,وکیل آباد چپ,هاشمیه41,اقوام,unknown,normal,import,نیمه1402: 1,,media_1790604467212.csv
سید محمد,آزاد,6,6,,09359825428,09359825428,38440450,کوهسنگی,امیرکبیر 11جهان آرا یک پلاک 305 طبقه دوم,خانم عبدالهی معلم کلاس اول,unknown,normal,import,غدیر1403: 6; نیمه1403: 3; غدیر1404: 3,,media_1790604467212.csv
علی اصغر,آزاد,5,5,,09155681730,,,فرامرز,فرامرز,دوست محمدعلی زنبیل باف,unknown,normal,import,غدیر1405: 4,,media_1790604467212.csv
رهام,آزادنیا,6,6,,09911712183,09911712184,37265328,آبکوه,کلاهدوز47 تورج33 پ9,,unknown,normal,import,,,media_1790604467212.csv
احسان,آزادپور,5,5,,09394796456,09059495042,,حومه,همسایه,,unknown,normal,import,,,media_1790604467212.csv
امیرعلی,آزرم جو,3,3,,09931697739,09931697739,,ابوطالب,مطهری جنوبی,آزرم جو,unknown,normal,import,نیمه1403: 6; غدیر1404: 1; غدیر1405: 4,,media_1790604467212.csv
محمد پارسا,آزرم جو,5,5,,09155239519,09365150436,37251408,آبکوه,میدان سعد اباد خ صاحب الزمان 4 پلاک 173 ساختمان درسا واحد 4,خانم سعیده شرفی,unknown,normal,import,,,media_1790604467093.csv
محمد سجاد,آزرم نیا,6,6,09377332853,09377874723,09055416303,,آبکوه,مجد6٫2 پلاک 96 زنگ دوم,حسینیه / فیروزی,class_seeker,normal,import,غدیر1404: 2; غدیر1405: 2,خواهان کلاس,media_1790604467212.csv
امیر مهدی,آشمیدن,4,4,,09308680841,09381777231,37253703,ابوطالب,ابوطالب 26نوایی 3پلاک 17زنگ 6,مدرسه شهید دهسنگی,unknown,normal,import,,,"media_1790604467093.csv, media_1790604467135.csv"
علی,آصفی,4,4,,09151152282,09151038251,,احمدآباد,,خزایی,unknown,normal,import,,,media_1790604467212.csv
حسن,آقاسی زاده,6,6,,,09037621467,,رضاشهر,خاقانی,امیرعطا حکیم زاده,class_seeker,normal,import,,خواهان کلاس,media_1790604467212.csv
طاها,آقاسی زاده,4,4,,09397151290,,,رضاشهر,رضاشهر,,unknown,normal,import,,,"media_1790604467093.csv, media_1790604467135.csv"
امیرمحمد,آقاسی زاده شعرباف,3,3,,09158921050,09150023127,38763892,رضاشهر,رضاشهر .35متری رضوی.مقابل مسجد المهدی.پلاک55.زنگ اول,مدرسه شهید رضا دهسنگی,unknown,normal,import,,,"media_1790604467093.csv, media_1790604467135.csv"
سید محمدعلی,آقایی,6,6,,09156135992,09155105992,,وکیل آباد چپ,لادن,دوست محمدحسین بخشی,unknown,normal,import,غدیر1405: 3,,media_1790604467212.csv
محمد,آقایی فر,4,4,,09153194150,09151063959,,سجاد,چهارراه خیام خیابان بیستون بیستون5 پ26 ط همکف,,unknown,normal,import,نیمه1402: 2; نیمه1403: 4,,media_1790604467212.csv
علیرضا,آقایی یزدی,4,4,,09158806386,09153146386,,سجاد,فلسطین6,خانم کمالی,class_seeker,normal,import,نیمه1403: 6; غدیر1404: 1; غدیر1405: 1,خواهان کلاس,media_1790604467212.csv
سید مبین,آل هاشمی,6,6,,09155045216,09370365554,38901588,وکیل آباد چپ,صیاد شیرازی27.انتهای کوچه بن بست.پلاک 7.زنگ1,فضائلی,unknown,normal,import,,,media_1790604467093.csv
مهدی,آمنده,5,5,,09155170600,09157003024,38556887,امام رضا,میدان بسیج. امام رضا29. پلاک39. واحد5,گروه تلگرامی,unknown,normal,import,,,"media_1790604467093.csv, media_1790604467135.csv"
آریا,آموزگار,3,3,,09154139775,09153254911,,وکیل آباد چپ,صیاد شیرازی5,,unknown,normal,import,غدیر1403: 3; نیمه1403: 1; غدیر1404: 1; غدیر1405: 4,,media_1790604467212.csv
سینا,آموزگار,4,4,,09157064652,09155224652,,قاسم آباد الهیه,مجیدیه,آقای آموزگار,unknown,normal,import,غدیر1405: 4,,media_1790604467212.csv
مهدی,آموزگار,4,4,,09155117179,09155117179,,وکیل آباد چپ,هفت تیر21 ویلا,آقای آموزگار,unknown,normal,import,غدیر1405: 3,,media_1790604467212.csv
آرین مهدی,آهنگی,2,2,,09037440458,09301915585,,حومه,,معلم کلاس اول خانم سلیمانی,unknown,normal,import,,,media_1790604467212.csv
کسری,آوار,6,6,,09309772684,09331851350,,ابوطالب,,صائب,unknown,normal,import,,,media_1790604467212.csv
محمدصادق,آچکان,6,6,,09358284064,09105637721,5137249225,ابوطالب,عبادی 30، جواهری 30/6 پلاک 8 زنگ 2,کانال مجالس مذهبی تلگرام,unknown,normal,import,نیمه1402: 1; غدیر1403: 2; نیمه1403: 5; غدیر1404: 1; غدیر1405: 1,,media_1790604467212.csv
محمدحسین,آگاه,5,5,,09153888754,09156583211,38454852,آبکوه,سناباد4 اژدری1 پلاک17 زنگ دوم,ریحانه,unknown,normal,import,,,media_1790604467212.csv
امیرحافظ,آینه چی,5,5,,09155571484,09151156371,37287759,آبکوه,میدان تختی،ابکوه 1بین باباطاهر 9و11پلاک 35واحد3,آینه چی,unknown,normal,import,نیمه1402: 1; غدیر1403: 1; نیمه1403: 4; غدیر1404: 2; غدیر1405: 3,,media_1790604467212.csv
محمد,آیینه ثانی,5,5,,09159615412,09358918874,37317408,ابوطالب,مطهری شمالی 33-اولین کوچه سمت راست-اولین کوچه سمت چپ پ131 اقاقیا زنگ 2,عالیه حاجیان,unknown,normal,import,,,media_1790604467093.csv
امیر,ابدالی,3,3,,09157670746,09159148838,,رضاشهر,رضاشهر,,unknown,normal,import,,,media_1790604467212.csv
امیرحسین,ابدالی,2,2,,09132430363,09132966101,37054762,فرامرز,بلوار جانباز.جانباز 13. بین وصال 3 و 5 .پلاک 21.زنگ 12,دوستان,unknown,normal,import,,,"media_1790604467093.csv, media_1790604467135.csv"
سجاد,ابراهیم زاده,6,6,,09153037370,09158086623,36037577,وکیل آباد راست نزدیک,بولوار جلال (جلال 42)پلاک128طبقه 6,مدرس کلاس,unknown,normal,import,,,"media_1790604467093.csv, media_1790604467135.csv"
علی,ابراهیم زاده,6,6,,09155245690,09155245690,,ابوطالب,,من درکلاس هاشرکت میکنم وازدانشجویان حجاب وعفاف هستیم,unknown,normal,import,,,media_1790604467212.csv
سید علی,ابراهیم زاده موسویان,4,4,,09155196422,09103401079,,احمدآباد,عدالت,خانم گلرخی,unknown,normal,import,نیمه1403: 6; غدیر1404: 1; غدیر1405: 1,,media_1790604467212.csv
محمد متین,ابراهیم پور,3,3,,09333992426,09151094425,37316291,ابوطالب,مطهری شمالی 39پلاک120واحد1,,unknown,normal,import,,,"media_1790604467093.csv, media_1790604467135.csv"
امیرعلی,ابراهیمی,3,3,,09153046181,09352566560,38443192,احمدآباد,احمد اباد ابوذر غفاری 7پلاک 131زنگ2,تفکری,unknown,normal,import,,شماره های صالح تفکری,"media_1790604467093.csv, media_1790604467135.csv"
امیرعلی,ابراهیمی,3,3,,09153186254,09376772076,,رضاشهر,,خانم درمحمدی,unknown,normal,import,,,media_1790604467212.csv
سیدعلی,ابراهیمی,6,6,,09153031138,09158088197,38833072,وکیل آباد چپ,فکوری32 پ11,عطا حکیم زاده,class_seeker,normal,import,,خواهان کلاس,media_1790604467212.csv
عبدالمهدی,ابراهیمی,6,6,,09100777257,09130199424,32252538,ابوطالب,خ شیرازی، پشت باغ نادری، ک درخشانی,مجازی,unknown,normal,import,نیمه1402: 2,,"media_1790604467093.csv, media_1790604467135.csv, media_1790604467212.csv"
علی,ابراهیمی,3,3,,09155178175,09156196066,38715298,رضاشهر,شهرک طالقانی,علی کاشانی,unknown,normal,import,غدیر1404: 1; غدیر1405: 4,,media_1790604467212.csv
پارسا,ابراهیمی,2,2,09396713092,09396713092,09035219429,,رضاشهر,سرافرازان52خسروی5خاکپور7پلاک28واحد8,جوان,unknown,normal,import,,,"media_1790604467093.csv, media_1790604467135.csv"
محمد صالح,ابراهیمی فردوسی,6,6,,09158259474,09151090501,36079160,وکیل آباد راست,دانش آموز17 بعد از چهارراه اول پ333 زنگ وسط,کوهستانی / برهانی / حسام زاده / مهدی کمالی,class_seeker,normal,import,نیمه1403: 2,خواهان کلاس,media_1790604467212.csv
امیر سبحان,ابراهیمی مقدم,4,4,,09155220603,09155220603,,احمدآباد,,امیرفرهان راستگو / مهدیار بزم آرا,unknown,normal,import,,,media_1790604467212.csv
محمد کیان,ابراهیمی مقدم,5,5,,09153128827,09156832168,5138910501,وکیل آباد راست,فرهنگ 44 چهارراه سوم سمت راست پلاک 26,الهه جنابی,unknown,normal,import,غدیر1404: 2; غدیر1405: 2,,media_1790604467212.csv
علی سام,ابراهیمیان,6,6,,09155082749,09153015904,37686211,فرامرز,بلوارفردوسی خیابان ثمانه ثمانه11پلاک17زنگ همکف,خانم نوذری,unknown,normal,import,غدیر1403: 3; نیمه1403: 3,,"media_1790604467093.csv, media_1790604467135.csv, media_1790604467212.csv"
سید سلمان,ابن,6,6,,09155009424,09352220044,37123100,آبکوه,بلوار مجد ، مجد14 ، اواخر میلان سمت راست پلاک 12 ، طبقه سوم,,unknown,normal,import,,,"media_1790604467093.csv, media_1790604467135.csv"
سید علی,ابن الرضا,4,4,,09151135240,09155071141,36086441,وکیل آباد راست,بلوار امامت-انتهای امامت 11-پلاک 8/2-زنگ سوم طبقه دوم,مدرسم خانم چرمچی,unknown,normal,import,,,media_1790604467212.csv
محمدرضا,ابوالحسنی,6,6,,,,,وکیل آباد چپ,هاشمیه 41,رسولی پور,unknown,normal,import,,,media_1790604467212.csv
سید سجاد ابولقاسم پور,ابوالقاسم پور,4,4,,09157709128,09158293307,37516506,ابوطالب,بلوار عبدالمطلب 39جنب نانوایی پلاک 19,خانم امینی,unknown,normal,import,,,media_1790604467093.csv
امیر,ابوتراب زاده,6,6,,09152222236,09307789334,37277108,آبکوه,میدان سعدی، سناباد1،سه راهی اول ، درب روبه رو،پلاک 3/49,خانم قاسمی,unknown,normal,import,,,media_1790604467093.csv
محمدرضا,ابیار,6,6,,09153290846,09153083166,,ابوطالب,راه آهن,گروه,unknown,normal,import,,,media_1790604467212.csv
سید محمدحسین,اتابکی شریعتی,6,6,,09152153976,09151010073,,ابوطالب,موسوی قوچانی,آقای سجاد حدادیان,unknown,normal,import,نیمه1403: 6; غدیر1404: 1; غدیر1405: 1,,media_1790604467212.csv
امیرعباس,اتش روز,4,4,,09354157004,09015536980,32217756,امام رضا,امام خمینی 7سجادی 4 پلاک 35 طبقه اول و دوم,سیادت / عرفان میرزایی,class_seeker,normal,import,نیمه1402: 2; نیمه1403: 4; غدیر1404: 3,خواهان کلاس,media_1790604467212.csv
محمد متین,اتوت,6,6,,09155253517,09155053720,,قاسم آباد الهیه,مجیدیه,,unknown,normal,import,,,media_1790604467212.csv
احسان,اثباتی,5,5,,09354074130,09105006242,,ابوطالب,مطهری شمالی35,خانم هوشمند,class_seeker,normal,import,غدیر1405: 6,خواهان کلاس,media_1790604467212.csv
امیرعلی,اثنا عشری,5,5,,09155189890,09151011203,,احمدآباد,ابوذر غفاری37,فامیل مهدی احمدی,class_seeker,normal,import,غدیر1405: 5,خواهان کلاس,media_1790604467212.csv
سیدپارسا,احتشام نیک,3,3,,09154083961,09153018479,38905589,وکیل آباد راست دور,چهارراه صدف ، جنب دبستان فرهاد122پ طبقه1واحد3,واتساب کلاس دومی های مدرسه,unknown,normal,import,,,"media_1790604467093.csv, media_1790604467135.csv"
میثم,احسان زاده,5,5,,09151034980,09358057140,37125607,ابوطالب,ابوطالب25 پ218,,unknown,normal,import,,,media_1790604467212.csv
سید امیرعلی,احسان پور,5,5,,09013913242,,,امام رضا,اندرزگو18 پ11,,unknown,normal,import,,,media_1790604467212.csv
محمدصالح,احسانی نیا,5,5,,09151584020,,37285289,ابوطالب,حرعاملی53 کوچه3 پ6,,unknown,normal,import,غدیر1403: 1; غدیر1404: 2; غدیر1405: 2,,media_1790604467212.csv
سید علی,احمد پناهی,5,5,,09158003955,09158003755,,رضاشهر,انوری,دوست,unknown,normal,import,نیمه1403: 1; غدیر1404: 2,,media_1790604467212.csv
حنان,احمدزاده,5,5,,09385061808,09150041808,,قاسم آباد الهیه,,دوستم,unknown,normal,import,,,media_1790604467212.csv
امیرحسین,احمدنیا,3,3,,09151042013,09351516027,36072340,وکیل آباد راست,"دانش آموز 29 ,پلاک 390, زنگ 4",طباطبایی,unknown,normal,import,,,media_1790604467212.csv
امیرحسین,احمدی,6,6,,09156475722,09364112470,37663423,سجاد,فلسطین24 پلاک21 واحد 5,خانم دانشور,unknown,normal,import,,,media_1790604467135.csv
امیررضا,احمدی,5,5,09051961126,09015541993,09051961126,,حومه,طلاب/گاز/مجلسی/وحدت/امت/چمن/مصلی,میرزایی,unknown,normal,import,,,media_1790604467212.csv
بنیامین,احمدی,6,6,,09151207970,09154414989,38531574,امام رضا,خیابان امام رضا امام رضا65پلاک 16طبقه سوم,ازطریق لینک,unknown,normal,import,,,"media_1790604467093.csv, media_1790604467135.csv"
سامیار,احمدی,4,4,,09153147295,09154147295,37250722,ابوطالب,مطهری شمالی 7 پلاک 78 طبقه 1 و 2,خانم پژوم,unknown,normal,import,,,media_1790604467212.csv
محسن,احمدی,6,6,,09155150822,,,ابوطالب,,,unknown,normal,import,,,media_1790604467212.csv
محمد حسن,احمدی,5,5,,09151578850,09150010420,37292701,ابوطالب,حرعاملی9چهاراه دوم دست چپ نبش حسین باشی 27پلاک 663,مرتضی احمدی,class_seeker,normal,import,غدیر1403: 1; نیمه1403: 1; غدیر1404: 2; غدیر1405: 6,خواهان کلاس,"media_1790604467093.csv, media_1790604467135.csv, media_1790604467212.csv"
محمد صدرا,احمدی,4,4,,,,,قاسم آباد الهیه,قاسم اباد,,unknown,normal,import,,,media_1790604467212.csv
محمدجواد,احمدی,2,2,,09156475722,09364112470,37663423,سجاد,فلسطین24 پلاک21 واحد 5,خانم دانشور,unknown,normal,import,,,"media_1790604467093.csv, media_1790604467135.csv"
معین,احمدی,3,3,,09158774705,09159230051,,امام رضا,پروین اعتصامی,صنعتی,unknown,normal,import,نیمه1403: 1; غدیر1404: 3; غدیر1405: 4,,media_1790604467212.csv
یاسر,احمدی,6,6,,09154032801,09154032801,,حومه,شهرک حجت,,unknown,normal,import,نیمه1403: 5; غدیر1404: 1,,media_1790604467212.csv
امیرعباس,احمدی آزاد,6,6,,09157369137,09153138907,,احمدآباد,نبش رضا5 پ54,سید مهدی موسوی,class_seeker,normal,import,,خواهان کلاس,media_1790604467212.csv
محمدمهدی,احمدی خرم,3,3,,09155178175,09156196066,38715298,رضاشهر,شهرک طالقانی,دوست امیرعباس کاشانی,unknown,normal,import,غدیر1404: 1,,media_1790604467212.csv
کیان,احمدی مجیدی,6,6,,09159138202,09156428202,38712073,رضاشهر,سرافرازان 9سرافران 9/7پلاک17ط 2,رسولی پور / آقای شمسی,unknown,normal,import,نیمه1402: 1; غدیر1403: 3; غدیر1404: 2,,media_1790604467212.csv
احمدرضا,احمدی کیا,5,5,,09151101588,09154089616,,امام رضا,,فاطمه مغمیان یزد,unknown,normal,import,نیمه1403: 6,,media_1790604467212.csv
علی,احمدیان,6,6,,09153180344,09156557152,32786836,ابوطالب,بلوار شهید کریمی،کریمی3پلاک68,خانم زهرا زیرک,class_seeker,normal,import,,خواهان کلاس,media_1790604467212.csv
میثم,احمدیان,4,4,,09156007191,09355692826,37663673,فرامرز,فرامرز,آرش,unknown,normal,import,,,"media_1790604467093.csv, media_1790604467135.csv"
امیرعلی,احیایی پور,5,5,,09151231526,09151231526,,احمدآباد,,پسرخاله,unknown,normal,import,,,media_1790604467212.csv
الیاس,اخلاقی,2,2,,09033027973,09025554990,05138762281,رضاشهر,پیروزی 20 بین حق شناس 10 و 12 پلاک 146,مهدی اخلاقی,unknown,normal,import,,,"media_1790604467093.csv, media_1790604467135.csv"
محمد,اخلاقی,5,5,,09151106885,09151028121,38457083,احمدآباد,احمدآباد بابک 9پلاک73 زنگ اول,آقای رئیسیان -آقای شمسی / جشن خدادادحسینی (امیرصدرا اخوی زاده),unknown,normal,import,غدیر1403: 1; غدیر1405: 2,,media_1790604467212.csv
محمد رضا,اخلاقی,3,3,,09016362050,09352600741,05138762281,رضاشهر,پیروزی 20 بین حق شناس 10 و 12 پلاک 146,مهدی اخلاقی,unknown,normal,import,,,"media_1790604467093.csv, media_1790604467135.csv"
محمدکسرا,اخلاقی,6,6,,09153145030,09153015279,,وکیل آباد راست,دانشجو19,دوست سید محمدصادق فاضل زاده,class_seeker,normal,import,نیمه1402: 3; غدیر1403: 3,خواهان کلاس,media_1790604467212.csv
عرفان,اخلاقی سلطان زاده,2,2,,09159851020,09923804056,37324529,ابوطالب,مطهری شمالی 41 بن بست سوم پلاک 64,,unknown,normal,import,نیمه1403: 1; غدیر1404: 1; غدیر1405: 6,,media_1790604467212.csv
امیرعلی,اخوان,3,3,,09151232604,09151238710,,احمدآباد,منتظری,زمانی,unknown,normal,import,نیمه1403: 6; غدیر1405: 4,,media_1790604467212.csv
محمد الیاس,اخوان طاهری,6,6,,09156000469,09156606860,36043173,وکیل آباد راست,دانش آموز 27,,unknown,normal,import,نیمه1402: 1; غدیر1403: 3; نیمه1403: 1,,media_1790604467212.csv
علی,اخوی زاده,3,3,,09152279286,09153020118,,احمدآباد,تقی آباد ملک الشعرا,کلاس مهدویت,unknown,normal,import,غدیر1405: 6,,media_1790604467212.csv
محمدحسین,اخوی زاده,3,3,,09155176033,09156228562,,احمدآباد,قائم19,جشن هفت تیر21,unknown,normal,import,نیمه1402: 4; غدیر1403: 6; نیمه1403: 1; غدیر1404: 1; غدیر1405: 4,,media_1790604467212.csv
ابوالفضل,ادبی,3,3,,09156235609,09378067692,32722579,کوهسنگی,نامجو 17محسن نژاد 2پلاک639,علی اصغر ادبی,unknown,normal,import,,,"media_1790604467093.csv, media_1790604467135.csv"
محمدعلی,ارباب,3,3,,09366108995,09308686669,38214511,رضاشهر,نماز15، رادان 11، پلاک 22، زنگ 4,مهیار عمجیک,unknown,normal,import,,,"media_1790604467093.csv, media_1790604467135.csv"
محمد امین,ارتضاء,3,3,,,09156245035,05138461433,کوهسنگی,حکیم نظامی 3,سید مهدی اتابکی شریعتی,unknown,normal,import,غدیر1405: 4,,media_1790604467212.csv
محمدحسین,اردکانی,3,3,,09155120312,09151255271,05137625991,آبکوه,بلوار ارشاد ( سازمان آب ) - ارشاد 4 - مالک اشتر 6 - پلاک 10,خانم صلواتی زاده,unknown,normal,import,,,"media_1790604467093.csv, media_1790604467135.csv"
امیر حسین,ارسطو,4,4,,09300902600,09015453305,05137517757,ابوطالب,ابوطالب 54 پلاک 9,معلم مدرسه,unknown,normal,import,,,"media_1790604467093.csv, media_1790604467135.csv"
محمدجواد,ارسطو,6,6,,09013404637,09352707828,,ابوطالب,هدایت19/3 پ40,,unknown,normal,import,,,media_1790604467212.csv
ارشیا,ارشیا افچنگی,5,5,,09151189526,09356032637,37291415,آبکوه,مجد 17 رفیعی 15,خانم کلاهی,unknown,normal,import,,,media_1790604467093.csv
ثنا,ازادی,3,3,09153047390,09372543391,09153047390,,فرامرز,رسالت32,ثنا,unknown,normal,import,,,"media_1790604467093.csv, media_1790604467135.csv"
امیرعباس,استاد,2,2,,09029129151,09153085110,,سجاد,,موسوی,unknown,normal,import,,,media_1790604467212.csv
محمدحسین,اسحاق زاده,4,4,,09365791015,09390485835,37242329,ابوطالب,کریمی 15 نکاح 15 پلاک 33 زنگ دوم,امیدوار,unknown,normal,import,,,"media_1790604467093.csv, media_1790604467135.csv"
کیان,اسدزاده,3,3,,09156260864,09155200183,,کوهسنگی,,,unknown,normal,import,,,media_1790604467212.csv
آریا,اسدی,6,6,,09159292315,09354197126,37292093,ابوطالب,مطهری جنوبی 18-شهید رفیعی 5-پلاک 46-زنگ سوم,,unknown,normal,import,,,media_1790604467212.csv
سامیار,اسدی,3,3,,09153034376,09152334376,,آبکوه,کلاهدوز,,unknown,normal,import,,,media_1790604467212.csv
محمدرضا,اسدی,6,6,,,09153044629,,رضاشهر,خاقانی2 پ206 زنگ10,مهیار عمژیک / محمدجواد نمینی,class_seeker,normal,import,,خواهان کلاس (خرازی رضا شهر 404),media_1790604467212.csv
محمدرضا,اسدی ازغدی,6,6,,09156211600,09151116873,,ابوطالب,ابوطالب,دوست محمدیاسین مجیدی,unknown,normal,import,غدیر1403: 1; غدیر1404: 3,,media_1790604467212.csv
محمد صدرا,اسدی شهیدی,4,4,,09156540620,09038880713,,آبکوه,,آقای محمد سجاد حدادیان,unknown,normal,import,,,media_1790604467212.csv
محمدمهدی,اسدیان,4,4,,09151104244,09354075595,38794695,رضاشهر,رضاشهر خاقانی 19 پلاک 209 زنگ دوم,عطیه بابابایان,unknown,normal,import,,,"media_1790604467093.csv, media_1790604467135.csv"
احمدرضا,اسعدی,4,4,,09155062005,09155000362,,فرامرز,,دوستان,unknown,normal,import,غدیر1405: 6,,media_1790604467212.csv
محمدطاها,اسعدی,6,6,,09155056126,09151019606,38708973,رضاشهر,انتهای خاقانی 23 دقیقی 7 پلاک 220 طبقه2,امیر حسین مرمری,unknown,normal,import,غدیر1403: 7; غدیر1404: 3,,media_1790604467212.csv
هامین,اسلامی,6,6,,09152001311,09152001311,,قاسم آباد الهیه,,محمد امین نمدیان,unknown,normal,import,,,media_1790604467212.csv
محمد مهدی,اسلامی فر,4,4,,09159014227,,,ابوطالب,عبادی40 نیکنام,نباتی,unknown,normal,import,غدیر1404: 1,,media_1790604467212.csv
امیر,اسمائیل کرمی,6,6,,09151014077,09155793064,37232997,ابوطالب,بین قرنی32 و 34 بلوک7 واحد9,,unknown,normal,import,غدیر1404: 1; غدیر1403: 6; نیمه1403: 2,,media_1790604467212.csv
مهدی,اسماعیل زاده,3,3,,09152022647,09385109607,,کوهسنگی,,معلم,unknown,normal,import,نیمه1403: 2,,media_1790604467212.csv
علی محمد,اسماعیل زادگان,4,4,,09155039168,09158129168,32258785,ابوطالب,خیابان آیت الله عبادی،عبادی 49،پ19،زنگ2,خانم کاشانی,unknown,normal,import,غدیر1405: 1,,"media_1790604467093.csv, media_1790604467135.csv, media_1790604467212.csv"
امیر عباس,اسماعیلی,6,6,,09151023998,09151251906,38798710,رضاشهر,نوفل وشاتو 14 نبش نوفل 14/2 پلاک 7 زنگ 3,پورزکی,class_seeker,normal,import,نیمه1402: 2; غدیر1403: 3; غدیر1405: 4,خواهان کلاس,media_1790604467212.csv
رادوین,اسماعیلی,3,3,,09150721360,,36088881,فرامرز,فرامرز46 اولین کوچه سمت راست اولین ساختمان پ1 زنگ4,احتشامی_مادر بزرگ,unknown,normal,import,,,"media_1790604467093.csv, media_1790604467135.csv"
سید امیرحسین,اسماعیلی,5,5,09155004410,09151230973,09151238068,,آبکوه,سنایی,جشن هفت تیر21,unknown,normal,import,نیمه1402: 3; غدیر1403: 2; نیمه1403: 2; غدیر1404: 1; غدیر1405: 4,,media_1790604467212.csv
علیرضا,اسماعیلی,4,4,,09151157560,09151571436,38437500,احمدآباد,کوهسنگی 15 پلاک 6,خانوم وکیلیان,unknown,normal,import,نیمه1403: 2; غدیر1404: 1,,media_1790604467212.csv
مانی,اسماعیلی,6,6,,09151597501,09151597501,38411861,احمدآباد,احمدآباد رضا 13 صداقت 2 پلاک 30 زنگ 2,سرکار خانم عبداللهی معلم دبستان رزاقی,unknown,normal,import,غدیر1403: 3; نیمه1403: 3; غدیر1404: 3,,media_1790604467212.csv
محمد,اسماعیلی,2,2,,09359923964,09368279612,38220132,وکیل آباد چپ نزدیک,سرافرا زان 35 نیاوران 28 پلاک10 واحد 2,خانم رضایی,unknown,normal,import,,,"media_1790604467093.csv, media_1790604467135.csv"
مهدیار,اسماعیلی شایه,6,6,,09152399385,09903342988,,وکیل آباد راست,سیدرضی59,دوست محمدآراد شبانی,unknown,normal,import,غدیر1403: 4; نیمه1403: 2; غدیر1404: 1; غدیر1405: 4,,media_1790604467212.csv
محمد,اسماعیلیان,5,5,,09373419960,09156114476,32712516,ابوطالب,رسالت 27پلاک 31,خانم منصوره فیروزینیا (خادم حرم),unknown,normal,import,,,"media_1790604467093.csv, media_1790604467135.csv"
امیرعباس,اسکندری,3,3,,09155061968,09105001072,38212195,رضاشهر,سرافرازان 24/1.رهایی5.آخرکوچه سمت چپ پلاک31 زنگ1,خانم میرزایی,unknown,normal,import,,,"media_1790604467093.csv, media_1790604467135.csv"
سید مهدی,اشرفی,5,5,,09055816582,09356788344,33420430,امام رضا,بلوار فرودگاه پروین اعتصامی 11پلاک 302,سید مهدی شاکری,unknown,normal,import,,,"media_1790604467093.csv, media_1790604467135.csv"
علی,اشرفی,3,3,,09151218086,09155246932,,آبکوه,,الا فیضی,unknown,normal,import,,,media_1790604467212.csv
علی,اشکذری,6,6,,09151155749,09155009586,36042467,سجاد,سجاد حامد شمالی 11 جنب دبیرستان امام رضا پلاک 49,سید حسینی,unknown,normal,import,,,media_1790604467212.csv
سیدمجتبی,اشکذری نداف,,7,,09357263731,,36075768,فرامرز,فرامرزعباسی 48 آخر میلان سمت چپ پلاک 30,منیر مقدس یزدی,unknown,normal,import,,,media_1790604467093.csv
امیرعباس,اصغر زاده,2,2,,09365016456,09153771151,,وکیل آباد راست,امامت,,unknown,normal,import,,,media_1790604467212.csv
محمد,اصغری,6,6,,09156017217,,,,,,unknown,normal,import,,,media_1790604467212.csv
محمدحسن,اصغری,5,5,09377332853,09377874723,09301103130,,آبکوه,مجد6٫2 پلاک 96 زنگ دوم,حسینیه محبان / فیروزی,unknown,normal,import,نیمه1402: 3; غدیر1403: 1; غدیر1404: 2; غدیر1405: 2,,media_1790604467212.csv
محمدرضا,اصغری,2,2,,09158880936,,,وکیل آباد چپ نزدیک,دلاوران 20,,unknown,normal,import,,,"media_1790604467093.csv, media_1790604467135.csv"
رضا,اصلاح,5,5,,09156938095,09020260578,,قاسم آباد الهیه,اقدسیه53,مهندس پاشایی,unknown,normal,import,غدیر1405: 2,,media_1790604467212.csv
محمدطاها,اصلانی,5,5,,09157172764,09155794189,36060261,وکیل آباد راست,وکیل آباد 9 . مدرس 12 . پلاک 100 . واحد2,محمد اصلانی,unknown,normal,import,,,media_1790604467212.csv
مهدیار,اطاعتی,5,5,,09150778870,09150091443,32230819,ابوطالب,هاشمی نژاد 21/1 نبش اسدی طوسی 3 پلاک 3/7 طبقه سوم واحدسمت راست منزل اطاعتی,همسایه عزیزم,unknown,normal,import,,,"media_1790604467093.csv, media_1790604467135.csv"
محمد متین,اعتمادی فرد,5,5,,09153204811,09366730523,37269450,آبکوه,کلاهدوز 47 .تورج 27 . پلاک 41,رضوی,unknown,normal,import,,,media_1790604467212.csv
زین العابدین,اعدادی,2,2,,09033404342,,32210509,امام رضا,اخوند خراسانی 18,,unknown,normal,import,,,"media_1790604467093.csv, media_1790604467135.csv"
علیرضا,اعظم اسماعیلی,4,4,,09360397135,09153000433,,احمدآباد,,خانوم اقطاعی / علی تحریرچی,unknown,normal,import,,,media_1790604467212.csv
علیرضا,اعظم شریفی,4,4,,09151171189,09151040794,38789582,رضاشهر,رضاشهر بلوار رضوی رضوی 14,,unknown,normal,import,,,"media_1790604467093.csv, media_1790604467135.csv"
سامیار,اعلم,5,5,,,09355174928,,رضاشهر,شهرک طالقانی,دوست محمدحسن علی پور,unknown,normal,import,نیمه1402: 5; غدیر1403: 7,,media_1790604467212.csv
ابوالفضل,اعلمی,5,5,,09159165158,09052623436,5137328950,وکیل آباد راست,دانش آموز 20 پلاک 13/2,گروه اقوام در ایتا,unknown,normal,import,نیمه1402: 1; غدیر1403: 7; نیمه1403: 2,,media_1790604467212.csv
حسین,اغاز,3,3,,09154351952,,,امام رضا,هفده شهریور.عنصری شرقی.یاران28.درب اول سمت راست,خانم تقدمی,unknown,normal,import,,,"media_1790604467093.csv, media_1790604467135.csv"
علیرضا,افتخاری پور,4,4,,09155196544,09155196544,37272997,ابوطالب,ابوطالب1،خیاطی10،شریعتی3,خندان,unknown,normal,import,,,media_1790604467093.csv
پرهام,افسریان,5,5,,09155145514,09153584685,5138424165,کوهسنگی,بهشتی36,ریحانه افسریان,unknown,normal,import,نیمه1402: 1; غدیر1403: 1; غدیر1404: 2; غدیر1405: 2,,media_1790604467212.csv
محمدباقر,افشار,6,6,,09151239396,09389757397,,وکیل آباد راست,امامت19 پ25,,class_seeker,normal,import,نیمه1402: 2; غدیر1403: 7; نیمه1403: 3,خواهان کلاس,media_1790604467212.csv
مهرداد,افشار زاده,5,5,,09155089523,,,,,اخر شماره یا 9523 یا 9023,unknown,normal,import,,,media_1790604467212.csv
امیر حسین,افشاری,4,4,,09151115146,09153019785,37667240,سجاد,بلوار ارشاد بین ارشاد 2 وچهارراه قاضی طباطبائی پلاک 30 واحد 5,استاد عربی,unknown,normal,import,,,media_1790604467093.csv
محمدجواد,افضل زاده,2,2,,09151119278,,38415056,احمدآباد,محتشمی18,,unknown,normal,import,,,"media_1790604467093.csv, media_1790604467135.csv"
سید علیرضا,افهمی,5,5,,09397329760,,,وکیل آباد چپ,,,unknown,normal,import,,,media_1790604467212.csv
محمدعطا,اقاسی زاده,6,6,,09023153300,09397151290,37667552,فرامرز,انتهای جانباز11 جنب پ18 ساختمان تازه ساز (9355655910),هماجعغرنژاد,unknown,normal,import,,,media_1790604467212.csv
علی,اقایی فر,2,2,,09153194150,09151063959,37610397,سجاد,بلوار دستغیب.دستغیب 35بیستون 5پلاک 26 طبقه همکف,خانم علمدار,unknown,normal,import,,,"media_1790604467093.csv, media_1790604467135.csv"
بارمان,اقبال فر,3,3,,09155093221,09153138638,,احمدآباد,رضا,,unknown,normal,import,غدیر1403: 4; نیمه1403: 1,,media_1790604467212.csv
محمد یوسف,اقطاعی,4,4,,09153109327,09153109327,38433687,احمدآباد,احمد اباد خیابان پاستور پاستور16 پلاک33,سید مهدی نورایی,unknown,normal,import,,,"media_1790604467093.csv, media_1790604467135.csv, media_1790604467212.csv"
حسین,ال سلمان,2,2,,09151231526,,,احمدآباد,,,unknown,normal,import,,,media_1790604467212.csv
محمد متین,الفی,6,6,,09156487718,09155217141,,وکیل آباد چپ,صارمی36,خواهرم,unknown,normal,import,نیمه1403: 6,,media_1790604467212.csv
محمدصدرا,الهی,2,2,,09154158815,09369016195,,احمدآباد,بابک 5,خانم خراسانی,unknown,normal,import,غدیر1404: 1; غدیر1405: 4,,media_1790604467212.csv
مهزیار,امامی,6,6,,09159154493,09028014584,37335650,ابوطالب,کامیاب,دوستم / خانم آقایی,unknown,normal,import,غدیر1403: 7; نیمه1403: 1; غدیر1405: 2,,media_1790604467212.csv
میکاییل,امامی,5,5,,09151002956,09153582907,37632318,سجاد,شهید صادقی 10 توفیق 16پلاک 50 واحد 7,خودم,unknown,normal,import,,,media_1790604467093.csv
امیرعلی,امامی دوست,5,5,09920392716,09159087218,09339851371,,ابوطالب,,خانم کوهستانی / آقای بهمن آبادی,unknown,normal,import,نیمه1403: 3; غدیر1404: 3,,media_1790604467212.csv
علی,امبری قلعه نو,4,4,,09151001994,09151076537,36051838,وکیل آباد راست,امامت45-پلاک142,فاطمه امیری,unknown,normal,import,,,media_1790604467093.csv
محمد سجاد,امت رضا,6,6,,09155029313,09152043166,38520637,امام رضا,خ امام رضا 50 پلاک 66 واحد 3,سارا امت رضا,unknown,normal,import,نیمه1402: 2; غدیر1403: 2,,media_1790604467212.csv
محمدماهان,املح القرا,3,3,,09350668544,09334350590,33300213,امام رضا,خ پیروزی خ شکوفه خ شهید کاظمی پلاک 21 واحد 7,فاطمه املح القرا,unknown,normal,import,,,"media_1790604467093.csv, media_1790604467135.csv"
حسین,امیدوار,3,3,,09154255118,09155974047,,احمدآباد,رضا,رضا امیدوار طهرانی,unknown,normal,import,نیمه1403: 2,,media_1790604467212.csv
محسن,امیدوار,4,4,,09364463272,09367575723,32293068,آبکوه,چهار راه گلستان - گلستان شرقی 7 - کوچه زادمهر - ساختمان مهر کوثر زنگ سوم,تقی زادگان / تقدمی / دوقلو هستند,class_seeker,normal,import,غدیر1403: 6; غدیر1404: 1; غدیر1405: 4,خواهان کلاس,media_1790604467212.csv
محمد علی,امیدوار,6,6,,09155158162,09151080914,38720817,رضاشهر,رضا شهر بلوار رضوی رضوی 34 پلاک 15 واحد اول,اقای حسین فلاح کریمی,unknown,normal,import,,,media_1790604467093.csv
محمد کیان,امیربیک,3,3,,09151228265,09155050402,,آبکوه,سلمان فارسی,جشن هفت تیر21 / دوست همایون اکبرزاده,unknown,normal,import,غدیر1403: 7; غدیر1405: 4,,media_1790604467212.csv
هستی,امیرزاده,2,2,,09154068937,09024929422,37333618,ابوطالب,ایثارگران23/8پلاک 17طبقه اول,شاد,unknown,normal,import,,,media_1790604467093.csv
علی,امین زاده,4,4,,09151581913,,,,,,unknown,normal,import,,,media_1790604467212.csv
امیرسجاد,امینی,5,5,,09338248486,09303286130,37538218,ابوطالب,هدایت32 پ2 زنگ اول (9393807997),دوست دوقلو باقری,unknown,normal,import,نیمه1402: 5; غدیر1404: 2; غدیر1405: 5,,media_1790604467212.csv
سید سلمان,امینی,3,3,,09155257517,09155257517,38592794,امام رضا,خیابان راهنمایى راهنمایى 11بخارایى 9پلاک 54,خانم شمس,unknown,normal,import,,,"media_1790604467093.csv, media_1790604467135.csv"
محمدحسین,امینی,6,6,,09153196084,09153035035,,وکیل آباد راست,سید رضی,خانم حسینی,unknown,normal,import,,,media_1790604467212.csv
مهدیار,امینی,1,1,,09151091861,09338079314,,سجاد,,طیبه شمشیری,unknown,normal,import,,,media_1790604467212.csv
پارسا,انتخابی,5,5,,09365329201,09365329201,,قاسم آباد الهیه,,دوست,unknown,normal,import,,,media_1790604467212.csv
امیرعلی,انتظاری,4,4,,09105004029,09369755096,,حومه,چمن,,unknown,normal,import,,,media_1790604467212.csv
حسن,اندرگانی,2,2,,09158211546,,37235798,ابوطالب,عبادی30 جواهری11 آراسته15 پ37,,unknown,normal,import,غدیر1404: 4,,media_1790604467212.csv
امیرمهدی,انصاری,2,2,,09171102797,09171102797,37263018,آبکوه,کلاهدوز 36-اسفندیانی یک ممیز سه پلاک 37واحد بالا,ارسال,unknown,normal,import,,,media_1790604467093.csv
علی,انصاری,6,6,,09154143498,09155143498,38434551,کوهسنگی,"خیابان امیرکبیر، بین پارس و همت پلاک343, زنگ سوم",زهرا انصاری / یگانه هاتفی,unknown,normal,import,نیمه1403: 3; نیمه1402: 2; غدیر1404: 2,,media_1790604467212.csv
علی محمد,انیسی,4,4,,09151811503,09201811503,38672948,وکیل آباد چپ,نرسیده به پل صیاد شیرازی شهید قانع 8 نبش قانع 8/5 پلاک 37 طبقه3,انیسی,unknown,normal,import,,,media_1790604467093.csv
محمد عماد,اوغازی,3,3,,09381389001,09381389001,38921252,وکیل آباد راست نزدیک,دانشجو 14 پلاک 98,خانم علوی,unknown,normal,import,,,"media_1790604467093.csv, media_1790604467135.csv"
هادی,اولیا,5,5,,09155007918,09363751854,,قاسم آباد الهیه,,دوستان,unknown,normal,import,,,media_1790604467212.csv
یاسین,اژدری,6,6,,09158246599,09155127251,,حومه,بلوار طبرسی,,unknown,normal,import,,,media_1790604467212.csv
امیرحسین,اکبرزاده,6,6,,09156610233,,,امام رضا,ثامن لشکر 12,پیر نیا,unknown,normal,import,,,media_1790604467212.csv
سید محمدحسین,اکبرزاده,3,3,,09389058630,09151021266,,رضاشهر,,,unknown,normal,import,,,media_1790604467212.csv
محمدمهدیار,اکبرزاده,4,4,,09159185309,09154240831,,وکیل آباد راست,معلم55,,unknown,normal,import,غدیر1403: 1; نیمه1403: 3; غدیر1404: 1,,media_1790604467212.csv
همایون,اکبرزاده,5,5,,09151188009,,,وکیل آباد چپ,هاشمیه14,جشن هفت تیر21,unknown,normal,import,غدیر1403: 7; نیمه1403: 3,,media_1790604467212.csv
یزدان,اکبرزاده,5,5,,09155090144,09155088704,38647328,وکیل آباد چپ,هفت تیر هفت حافظ هشت پلاک 15 زنگ سوم منزل اکبرزاده,باقرنژاد,unknown,normal,import,,,media_1790604467093.csv
امیرسینا,اکبری,2,2,,09024155269,09038663705,,رضاشهر,,محمدعلی صحتی,unknown,normal,import,,,media_1790604467212.csv
سید امیرعباس,اکبری,6,6,,09156118232,09352766022,,وکیل آباد راست,دانشجو 13 پلاک 14,اصغری,unknown,normal,import,نیمه1403: 6,,media_1790604467212.csv
علیرضا,اکبری,2,2,,09155132966,,,رضاشهر,بهارستان7,پسر آقای اکبری,unknown,normal,import,غدیر1403: 4; غدیر1405: 1,,media_1790604467212.csv
محمد سبحان,اکبری مقدم,2,2,,09155069960,09155197128,36043225,فرامرز,بلوار فرامرز عباسی،فرامرز 19 پلاک7،زنگ 2 یا 4,یکی از مادران مدرسه امام رضا,unknown,normal,import,,,"media_1790604467093.csv, media_1790604467135.csv"
امیرعلی,اکرمی,6,6,,,09150556521,32250964,ابوطالب,عبادی 29,خانم حمیدی,class_seeker,normal,import,,خواهان کلاس,media_1790604467212.csv
امیریوسف,اکرمی,5,5,,09155207992,09361145053,36013111,وکیل آباد راست نزدیک,آزادی 48جنب کباب برکات طبقه سوم زنگ 6,امیرمحمد فاسمی,unknown,normal,import,,,"media_1790604467093.csv, media_1790604467135.csv"
محمدادریس,اکرمی,6,6,,09155204038,09155064986,,وکیل آباد راست,,خانم اکبری,unknown,normal,import,,,media_1790604467212.csv
علیرضا,ایران زاد,5,5,,09157976966,09380346425,,حومه,,صالحه عطایی,unknown,normal,import,,,media_1790604467212.csv
حمید رضا,ایرانمنش,,7,,09380701818,09016362050,37393561,ابوطالب,عبادی50 پلاک 9 زنگ طبقه 3,مهدی اخلاقی,unknown,normal,import,,,"media_1790604467093.csv, media_1790604467135.csv"
علی,ایرانی,6,6,,09025388201,09150081892,,حومه,طلاب/گاز/مجلسی/وحدت/امت/چمن/مصلی,محمدیان,unknown,normal,import,,,media_1790604467212.csv
محسن,ایزد دوست,6,6,,09154730497,,,ابوطالب,حجت 21,علی عطایی,unknown,normal,import,,,media_1790604467212.csv
محمدرضا,ایزدی نجف آبادی,5,5,,09151584438,09151114335,,ابوطالب,موسوی قوچانی,پسر مهند علی ایزدی / آقای اکبری,class_seeker,normal,import,,خواهان کلاس,media_1790604467212.csv
محمدپارسا,ایلخانی,6,6,,09153094489,09156504489,38520829,امام رضا,امان رضا 43 پلاک 94 واحد6,خانم ضیایی,unknown,normal,import,غدیر1404: 3,,media_1790604467212.csv
طاها,ایمانی,3,3,,09151043022,,37517172,ابوطالب,خیام شمالی مجتمع اسکان,,unknown,normal,import,,هردمبیلی,"media_1790604467093.csv, media_1790604467135.csv"
محمدمهدی,ایمانی نژاد,5,5,,09385402727,09352338359,37653163,فرامرز,جانباز 7،خیابان تلاش، بین تلاش11و13 پلاک 133طبقه اول,گروه تلگرامی پیداترین پنهان,unknown,normal,import,,,"media_1790604467093.csv, media_1790604467135.csv"
امیرحسین,ایمانیان,1,1,,09151259531,09153018135,38765225,رضاشهر,رضاشهر، بولوار رضوی، بین رضوی 24 و 26 پلاک 44، زنگ 4,کانال نذر غدیر,unknown,normal,import,,,media_1790604467093.csv
امیرعلی,ایوب زاده,3,3,,09152058294,09365625902,38529037,امام رضا,عدل خمینی68نبش دهلاویه 12پلاک145,9152058294,unknown,normal,import,نیمه1403: 4,,"media_1790604467093.csv, media_1790604467135.csv, media_1790604467212.csv"
محمد حسام,با روح,6,6,,09151007131,,,ابوطالب,,پیرنیا,unknown,normal,import,,,media_1790604467212.csv
حسین,باباخانی,5,5,,09125084355,09395084355,,کوهسنگی,بهشتی33,,unknown,normal,import,غدیر1405: 4,,media_1790604467212.csv
محمدمهدی,بابایی,4,4,09029287468,09158714703,09157993348,,قاسم آباد الهیه,فلاحی79,امیرحسین بابایی,unknown,normal,import,نیمه1403: 6; غدیر1404: 1; غدیر1405: 1,,media_1790604467212.csv
محمد مهدی,بابایی اردکانی,3,3,,09153008825,09023458825,38716706,رضاشهر,فکوری 85بهارستان 10پلاک 47,مدرسه,unknown,normal,import,,,"media_1790604467093.csv, media_1790604467135.csv"
امیرعباس,بازشاد,2,2,,09155794175,09151045584,38510918,امام رضا,امام خمینی 62،بعداز چهارراه چهارم، بعداز چهارراه حسینیه، پلاک 146،واحد 5,خانم کسمایی,unknown,normal,import,,,media_1790604467093.csv
امیرحسین,بازه حوضی,5,5,,09158235358,09155074730,35013055,وکیل آباد راست,پیروزی 3,,unknown,normal,import,نیمه1402: 4; غدیر1403: 4; غدیر1404: 2,,media_1790604467212.csv
برنا,باستان,3,3,,09177683368,09157157706,,کوهسنگی,,شالیکار,unknown,normal,import,,,media_1790604467212.csv
محمد ارمیا,باغبان,6,6,09156996596,09159273488,09929328177,,وکیل آباد چپ,صیاد شیرازی 48,جشن هفت تیر21 / آقای کیانی,unknown,normal,import,نیمه1402: 1; غدیر1403: 3,,media_1790604467212.csv
محمد آیین,باغبانی,3,3,,09158831766,09158073582,,رضاشهر,خاقانی,خانم رجبی,unknown,normal,import,غدیر1404: 1; غدیر1405: 2,,media_1790604467212.csv
محمدصدرا,باغبانی,4,4,,09153052475,09156992475,5138437602,کوهسنگی,خ کوهسنگی 22 بین همت و پارس کوچه ی امیر کبیر 20 پ 278 زنگ 1 و2,کاتب / آزاده کریمی / باغبانی,unknown,normal,import,نیمه1402: 1; نیمه1403: 4; غدیر1405: 2,,media_1790604467212.csv
حسین,باغدار,5,5,,09371154949,09384687673,5133492830,امام رضا,"فداییان اسلام 21,عرفانی 9,پلاک 280،زنگ 7",پسرخاله سجاد گیلان,unknown,normal,import,نیمه1402: 1; غدیر1403: 2,,media_1790604467212.csv
علی ابر,باغدار,6,6,,09150019520,,,,,,unknown,normal,import,,,media_1790604467212.csv
یاسین,باغداران کاشانی,6,6,,09155225893,09155095140,37267621,آبکوه,کلاهدوز 28 اسفندیانی 4/7پلاک60,زهره,unknown,normal,import,,,media_1790604467212.csv
امیرعباس,باغستانی,4,4,,09151049013,09151219364,38528006,امام رضا,امام رضا72,آقای طبسی حائری,class_seeker,normal,import,نیمه1402: 3; غدیر1403: 6; نیمه1403: 1; غدیر1404: 1,خواهان کلاس,media_1790604467212.csv
محمد جواد,باغشنی,4,4,,09153595812,09158233985,,امام رضا,کوشش,کوهستانی,unknown,normal,import,نیمه1403: 2; غدیر1404: 1; غدیر1405: 1,,media_1790604467212.csv
رضا,باغیشنی,4,4,,09153125967,09156529488,,وکیل آباد راست,آموزگار 37,کلاس مهدویت «خانوم کوهستانی»,unknown,normal,import,غدیر1403: 7; نیمه1403: 2; غدیر1404: 1; غدیر1405: 1,,media_1790604467212.csv
امیر علی,بافنده,2,2,,09155061237,09154439816,37297087,ابوطالب,مطهری جنوبی 24 بابا طاهر 19 پلاک 1011,خانم میرمفیدی,unknown,normal,import,,,media_1790604467093.csv
امیر عباس,بافندگان خداپناه,5,5,09150486197,09156910225,09151230636,,امام رضا,امام رضا56,ازبستگان,unknown,normal,import,غدیر1403: 6; نیمه1403: 2; غدیر1404: 1,,media_1790604467212.csv
محمدرضا,باقرزاده,2,2,09155077706,09157157706,,,کوهسنگی,کوه سنگی 27 پلاک 8,خانم هدایت زاده,unknown,normal,import,,,"media_1790604467093.csv, media_1790604467135.csv"
محمد,باقرزاده فلاح,5,5,,09153582079,09016514684,,آبکوه,سناباد 43 پلاک 52,یوسف اقطاعی,unknown,normal,import,غدیر1405: 1,,media_1790604467212.csv
ابوالفضل,باقری,5,5,,09151026890,09303286130,37538218,ابوطالب,هدایت32 پ2 زنگ اول (9393807997),دوقلو,unknown,normal,import,غدیر1403: 6; نیمه1402: 5; غدیر1404: 2; غدیر1405: 5,,media_1790604467212.csv
امیر کیان,باقری,5,5,,09156866247,09156903607,,فرامرز,فرامرز,پویامنش,unknown,normal,import,غدیر1404: 2,,media_1790604467212.csv
سید حسین,باقری,6,6,,09038501065,,,,,,unknown,normal,import,,,media_1790604467212.csv
محمد حسین,باقری,3,3,,09966796594,09966796594,,احمدآباد,,احمد رضا,unknown,normal,import,,,media_1790604467212.csv
محمدحسین,باقری,4,4,,09155120567,09158353524,,حومه,رستمی,سجاد حدادیان,unknown,normal,import,غدیر1403: 1; نیمه1403: 2; غدیر1404: 1; غدیر1405: 3,,media_1790604467212.csv
محمدحسین,باقری,5,5,,09338248486,09303286130,37538218,ابوطالب,هدایت32 پ2 زنگ اول (9393807997),دوقلو,unknown,normal,import,نیمه1402: 5; غدیر1403: 6; غدیر1404: 2; غدیر1405: 5,,media_1790604467212.csv
محمدصدرا,باقری,4,4,,09387668613,09390252151,38469659,کوهسنگی,کوهسنگی،خیابان پارس، بین پارس13و15،پلاک 117,خانم محمدی,unknown,normal,import,,,"media_1790604467093.csv, media_1790604467135.csv"
محمدعلی,باقری,3,3,,09358057924,09378638077,38697530,وکیل آباد چپ,هفت تیر 40 پلاک 2 زنگ پایین,,unknown,normal,import,نیمه1402: 4; غدیر1404: 1,,media_1790604467212.csv
محمد مهدی,باقی زاده حکاک,3,3,,09155001182,09355894499,37296824,آبکوه,بلوارمجد 24پ15,کیوان زاده,unknown,normal,import,,,"media_1790604467093.csv, media_1790604467135.csv, media_1790604467212.csv"
سید محمدحسن,بامشکی,4,4,,09151041548,09358972604,37245057,ابوطالب,مطهری شمالی9پلاک 17,خانم مشایخی,unknown,normal,import,نیمه1403: 2; غدیر1405: 1,,"media_1790604467093.csv, media_1790604467135.csv, media_1790604467212.csv"
شاهین,باهوش,,7,,09153124899,09155059788,33414359,امام رضا,فداییان اسلام25سلیمان منش6پلاک332,معین افقهی زاده,unknown,normal,import,,,"media_1790604467093.csv, media_1790604467135.csv"
طه,باهوش,5,5,09158215113,09154025686,09158215113,,,,خانم,unknown,normal,import,,,media_1790604467212.csv
کیان,بتنج براه,4,4,,09154001204,09039092269,37260916,ابوطالب,مطهری شمالی 49 . پلاک 42/1 (9154004204),مهزیار امامی,unknown,normal,import,غدیر1403: 6; غدیر1405: 2,,media_1790604467212.csv
سیدحسین,بحرالعلوم,5,5,,,09155080913,,,,جشن خدادادحسینی (پورعطا),unknown,normal,import,,,media_1790604467212.csv
سید محمدطاها,بحرالعلوم طباطبایی,6,6,,09154772507,09154772507,38695635,وکیل آباد راست,دانشجو5 بعد از چهارراه دوم پلاک 66واحد6,محمدباقر ایزدپناه / آقای اکبری / خانم هما ایوبی,class_seeker,normal,import,نیمه1402: 2,خواهان کلاس,media_1790604467212.csv
سید علی,بحرینی,4,4,,09155083780,09156955397,37254268,سجاد,فلسطین 26-نبش چهارراه دوم سمت راست، روبروی سخاوتی 5، پ15، واحد اول,سجاد رهبری زاده,unknown,normal,import,نیمه1402: 1; غدیر1403: 3; نیمه1403: 1,,media_1790604467212.csv
امیرسام,بحرینی پور,5,5,,09155072797,,,وکیل آباد چپ,لادن12 پ4,جشن غدیر هفت تیر 21,unknown,normal,import,غدیر1403: 1; نیمه1403: 2,,media_1790604467212.csv
احمد علی,بخارائی,4,4,09046206038,09378448396,09155052298,,آبکوه,سناباد,سید محمد جواد حسینی,unknown,normal,import,غدیر1403: 6,,media_1790604467212.csv
سید مهدیار,بخارایی,5,5,,09153185302,09361274450,,امام رضا,ملک الشعرای بهار20 شوش18,دباغ,unknown,normal,import,نیمه1403: 6; غدیر1404: 2,,media_1790604467212.csv
محمد امین,بخارایی,1,1,,09153591744,09916464861,,وکیل آباد چپ,باهنر,,unknown,normal,import,غدیر1405: 6,,media_1790604467212.csv
علی,بختی,4,4,,09151591778,,36018354,احمدآباد,فرهنگ پنج نبش مدرس 21,محمد طاها حسن پور,unknown,normal,import,,,"media_1790604467093.csv, media_1790604467135.csv"
ابوالفضل,بختیاری,5,5,,09157035652,09157035652,,رضاشهر,مسجد نوفل,,unknown,normal,import,,,media_1790604467212.csv
محمدطاها,بختیاری,6,6,,09158022040,09354884865,33859560,حومه,سیدی شهرک ثامن.ثامن3.پازهرامامی6 پلاک57زنگ10,خانم کیانی,unknown,normal,import,غدیر1403: 3; غدیر1404: 3,,media_1790604467212.csv
امیرحسین,بخشنده,6,6,,09154777503,09155007503,,قاسم آباد الهیه,,خانم حسن بیگی,unknown,normal,import,,,media_1790604467212.csv
علیرضا,بخشنده,,7,,09151003033,09151181633,37261924,آبکوه,قاضی طباطبایی 10 مجتمع فیروزه فاز 5 ساختمان نیلوفر پ26 ط6,,unknown,normal,import,,خانم باقرزاده,"media_1790604467093.csv, media_1790604467135.csv"
احمدرضا,بخشی,5,5,,09056124056,09151003390,,آبکوه,راهنمایی,خانم کمالی / آقای برکات,class_seeker,normal,import,غدیر1403: 2; نیمه1403: 6,خواهان کلاس,media_1790604467212.csv
محمد حسین,بخشی,5,5,,09153775956,09158185956,38460410,وکیل آباد چپ,صارمی54،مقابل رحیم زاده10،ساختمان سجاد،پلاک95،کد18,نسیم اسدی,unknown,normal,import,نیمه1402: 1; غدیر1403: 1; غدیر1405: 3,,media_1790604467212.csv
ایلیا,براتی,6,6,,09158968756,09155139515,,آبکوه,کلاهدوز,خانم رضایی موسوی,unknown,normal,import,نیمه1403: 3; غدیر1404: 3,,media_1790604467212.csv
عرفان,براتی,5,5,,09151101588,09154089616,,امام رضا,,فاطمه مغمیان یزد,unknown,normal,import,نیمه1403: 6,,media_1790604467212.csv
علی اکبر,برادران سلطانی,4,4,,09156503611,09159090456,,رضاشهر,رضاشهر,,unknown,normal,import,غدیر1405: 1,,media_1790604467212.csv
امیر عرفان,برادران فرد,6,6,,09383446144,09379424140,38539275,امام رضا,امام رضا 53 پلاک 105 واحد 2,خانم کشمیری,class_seeker,normal,import,نیمه1402: 5; غدیر1404: 1; غدیر1405: 1,خواهان کلاس,media_1790604467212.csv
ایمان,برادران هاشمی,4,4,,09155100162,09366234672,,وکیل اباد راست,,والا رضا,unknown,normal,import,,,media_1790604467212.csv
محمدحسن,برازنده,3,3,,09365219643,,,رضاشهر,شهرک طالقانی,جشن غدیر هفت تیر 21,unknown,normal,import,غدیر1403: 1,,media_1790604467212.csv
مهدیار,برخورداری,6,6,,09371669686,09028977931,,وکیل آباد راست,,اکتشافی,unknown,normal,import,,,media_1790604467212.csv
حسین,بردبار,4,4,,09153163160,09153163160,7689661,سجاد,بلوار خیام.خیام 10.گلایل.پلاک184,جلسه گل نرگس,unknown,normal,import,,,media_1790604467093.csv
صدرا,برزنونی,4,4,,09151225516,09151591016,38816489,وکیل آباد چپ,هاشمیه 15 پلاک 22,پسر داییم,unknown,normal,import,,,media_1790604467212.csv
طاها,برزگر,4,4,,09158073117,09385404556,37234853,آبکوه,کلاهدوز47 تورج27 پ13,,unknown,normal,import,نیمه1403: 1,,media_1790604467212.csv
محمدهادی,برزگر,6,6,,09151237436,09159214031,,ابوطالب,کریمی8 پ4,,unknown,normal,import,,,media_1790604467212.csv
اردلان,برزگری,5,5,,09156452535,09055318862,دوقلو,امام رضا,,مقیمیان,unknown,normal,import,نیمه1403: 6,,media_1790604467212.csv
محمدطاها,برغمدی,3,3,,09153244707,,,حومه,طبرسی,,unknown,normal,import,غدیر1404: 4; غدیر1405: 6,,media_1790604467212.csv
محمدحسین,برلیانی,6,6,,09151238314,09155126329,,کوهسنگی,,خانم بردبار,unknown,normal,import,,,media_1790604467212.csv
امیریوسف,برهانی فر,5,5,,09155051660,09150041660,37617480,سجاد,سجاد بنفشه روبروی بنفشه14 پ8/1,,unknown,normal,import,غدیر1403: 1,,media_1790604467212.csv
محمدمهدی,برهانی فر,6,6,,09153172306,09151151836,,وکیل آباد راست,وکیل آباد61 غدیر16 پ16,حسین هاشمی,class_seeker,normal,import,غدیر1403: 3,خواهان کلاس,media_1790604467212.csv
امیر رضا,برومند,3,3,,09158210913,09158210913,37254386,ابوطالب,قرنی 25 پلاک 26 واحد 7,منصوری,unknown,normal,import,,,media_1790604467093.csv
امیرحسین,برومند,,7,09931823009,09370443509,09152007735,,آبکوه,مطهری شمالی 13,امیر حسین,unknown,normal,import,,,"media_1790604467093.csv, media_1790604467135.csv"
کوروش,برومند,6,6,,09159239239,09155188676,5138520308,احمدآباد,احمدآباد،خیابان رضا،رضا13پلاک 52,خانم عبداللهی,unknown,normal,import,غدیر1404: 3,,media_1790604467212.csv
محمدهادی,برکات,2,2,,09151024935,09392314571,38555984,امام رضا,چهارراه لشگر امام خمینی49 میلان 49/4 پ32/1,دوستان,unknown,normal,import,,ماموریت ویژه2,"media_1790604467093.csv, media_1790604467135.csv"
امیرحسین,برکچی,4,4,,09151214763,09153245214,,آبکوه,آبکوه بین 7 و 9,اقاسجاد,unknown,normal,import,نیمه1403: 6; غدیر1405: 1,,media_1790604467212.csv
امیرپویا,بشیر,4,4,,09155194123,09153063658,,ابوطالب,موسوی قوچانی,خانم اقطاعی,unknown,normal,import,غدیر1404: 1,,media_1790604467212.csv
امیرمهدی,بصیری,4,4,,09151069729,09151069729,33436533,امام رضا,خیابان کوشش کوشش 18 بعداز چهارراه اول پلاک 225,جشن هفت تیر21,unknown,normal,import,نیمه1402: 4; غدیر1404: 1,,"media_1790604467093.csv, media_1790604467212.csv"
سید حسن,بقائی نژاد,6,6,,09303930653,09151103393,,وکیل آباد راست,مهدی مهدوی سرشت,,unknown,normal,import,,,media_1790604467212.csv
محمد حسن,بقالیان,4,4,,09155577641,09154143665,,امام رضا,,علیرضا خاور,unknown,normal,import,,,media_1790604467212.csv
داتیس,بلوکی,6,6,,09159150067,09153146123,,آبکوه,خیابان سنایی .سنایی 12 کوچه اول سمت چپ پلاک 10 طبقه اول,,unknown,normal,import,,,media_1790604467212.csv
سنم,بمانی,1,امسال میره اول,,09155009399,09124254531,,کلاهدوز1,,,unknown,normal,import,,,media_1790604467092.csv
محمدهادی,بنائی یزدی,6,6,,09155108202,09153032459,36082027,وکیل آباد راست,سیدرضی 21 پلاک 244 طبقه اول,عابدینی / کاظم اکبری,class_seeker,normal,import,نیمه1402: 1; غدیر1403: 6; نیمه1403: 1; غدیر1405: 1,خواهان کلاس,media_1790604467212.csv
محمد رضا,بنائیان,5,5,,09151125592,09155115208,05138330526,احمدآباد,ناصرخسرو,محمد حسین بنائیان / محمد حسین چرمچی / حمید ظریف,unknown,normal,import,غدیر1404: 1,,media_1790604467212.csv
امیرعلی,بندار,4,4,,09150044806,09354305203,36022107,وکیل آباد راست,"دانش آموز 23,پلاک375",فاطمه عارف زاده / خانم کمال فر,unknown,normal,import,,,media_1790604467212.csv
محمدرضا,بنی اسعدی,5,5,,09152001298,,,,,,unknown,normal,import,,,media_1790604467212.csv
حسام,بهابادی,5,5,,09156466842,09365927415,,امام رضا,,حمیدی,unknown,normal,import,,,media_1790604467212.csv
علی,بهادری,3,3,,09019918762,,36026686,وکیل آباد راست,امامت,همکارم خانم نعیمی,unknown,normal,import,,,"media_1790604467093.csv, media_1790604467135.csv"
ابوالفضل,بهاری,6,6,,09156624758,09156624758,,آبکوه,کلاهدوز,جشن غدیر هفت تیر 21,unknown,normal,import,غدیر1403: 3; غدیر1404: 3,,media_1790604467212.csv
مهدی,بهاری,6,6,,09153007970,09154038781,,آبکوه,کلاهدوز52 پ31,,unknown,normal,import,,,media_1790604467212.csv
محمدطاها,بهاریه,5,5,,,09387392968,,وکیل آباد راست,جلال 36پلاک 135 طبقه 3,جشن قانع منش (مازیار ابراهیم پور),class_seeker,normal,import,نیمه1403: 3,خواهان کلاس,media_1790604467212.csv
شایان,بهامین,3,3,,,09012083151,,حومه,خواجه ربیع,,unknown,normal,import,,,media_1790604467212.csv
امیررضا,بهبودی,6,6,,09216048095,09939676064,,وکیل آباد چپ,پژوهش,مدرسه,unknown,normal,import,,,media_1790604467212.csv
یزدان بهرامفر,بهرام فر,4,4,,09156143354,09397487779,37276308,آبکوه,کلاهدوز 26.بنفشه 3.پلاک 167,مژگان عباسی,unknown,normal,import,,,media_1790604467093.csv
محمدامین,بهرامی,6,6,,09153007970,,,آبکوه,تورج25 پ15,,unknown,normal,import,,,media_1790604467212.csv
محیا,بهرامی,6,6,,09158931398,09151185280,33711783,امام رضا,یاران 15 پلاک 66طبقه اول,مدرسه,unknown,normal,import,,,media_1790604467212.csv
سیدمحمد,بهره مند,3,3,,09151810761,09144794858,37642167,حومه,کوی امیر ذوالفقار18پلاک 7,واتساپ,unknown,normal,import,,,"media_1790604467093.csv, media_1790604467135.csv"
مهدیار,بهره پور,4,4,,09153145203,09155091822,37296304,آبکوه,صادقی 12,علی مهدی زاده / دبستان نیک پرور,class_seeker,normal,import,غدیر1403: 6; نیمه1403: 1; غدیر1404: 1; غدیر1405: 1,خواهان کلاس,media_1790604467212.csv
محمدمهدی,بهزاد,6,6,,09158270841,09019901480,,احمدآباد,رضا,آقای بشیر,unknown,normal,import,غدیر1404: 1; غدیر1405: 6,,media_1790604467212.csv
سید حمیدرضا,بهشتی,3,3,,09964820932,09303331361,,ابوطالب,کریمی17,جشن غدیر هفت تیر 21,unknown,normal,import,غدیر1403: 3; نیمه1403: 1; غدیر1404: 1; غدیر1405: 4,,media_1790604467212.csv
محمد حسن,بهشتی,6,6,,09156126335,09153065061,,قاسم آباد الهیه,اخر شماره یا 5 یا 0 هردو تماس بگیرید,دوست محسن علیزاده,unknown,normal,import,غدیر1404: 1,,media_1790604467212.csv
مهدی,بهشتی,6,6,,09152097284,,,امام رضا,,پیر نیا,unknown,normal,import,,,media_1790604467212.csv
علی,بهشتی صفت,5,5,,09155042187,09352399307,,قاسم آباد الهیه,,,unknown,normal,import,,,media_1790604467212.csv
امیر محمد,بهشتی نیا,3,3,,09379357949,09359893730,37615765,سجاد,بلوار سجاد بزرگمهر شمالی هشت پلاک 108واحد 6,از طریق پیام تو وات ساپ,unknown,normal,import,,,"media_1790604467093.csv, media_1790604467135.csv"
محمد,بهلی,5,5,,09331291135,09338020721,,ابوطالب,مطهری شمالی 35,همسایه,class_seeker,normal,import,غدیر1405: 6,خواهان کلاس,media_1790604467212.csv
محمد حسین,بهنام,3,3,,09158248796,09358488975,37126219,ابوطالب,راه آهن عبادی 37 امیر 4 پلاک 82,کانال مجالس مشهد در واتساپ,unknown,normal,import,,,"media_1790604467093.csv, media_1790604467135.csv"
امیرعلی,بهنیافر,6,6,,09150566492,09039821980,35411132,وکیل آباد راست دور,دندانپزشکان 9 پلاک 12,,unknown,normal,import,,پدر جلسه برای خودش می خواست,"media_1790604467093.csv, media_1790604467135.csv, media_1790604467212.csv"
محمد سجاد,بوذری,3,3,,09151254197,09159232678,38217220,رضاشهر,سرافرازان 25بین نیاوران 20و مسجد پلاک 93واحد 13,خانم نجف پور,unknown,normal,import,,,"media_1790604467093.csv, media_1790604467135.csv"
امیر رضا,بوک,3,3,,,09102206583,35028670,وکیل آباد چپ دور,پیروزی 79 بنفشه 19 پ59 واحد5,,unknown,normal,import,,مدرسه پسرم,"media_1790604467093.csv, media_1790604467135.csv"
طاها,بکائیان,6,6,,09105512264,09922324356,,ابوطالب,,فهیمه حریمی,unknown,normal,import,,,media_1790604467212.csv
امیر عباس,بیابانی,4,4,,09153244153,09158105220,37534449,ابوطالب,آیت الله عبادی 104ایثارگران 24/5پلاک3طبقه 2,خانم پیرنیا,unknown,normal,import,,,media_1790604467093.csv
محمد صالح,بیدار,6,6,,09155746966,09363225188,,وکیل آباد چپ,,مدرسه,unknown,normal,import,,,media_1790604467212.csv
محمد فاضل,بیدل,5,5,,09151244225,09155182265,38459042,احمدآباد,بین ابوذر غفاری34 و 36 پلاک320 زنگ واحد 4,ناظریان,unknown,normal,import,,,"media_1790604467093.csv, media_1790604467135.csv"
ارشیا,بیرجندی,6,6,,09152530211,09152094823,37520655,ابوطالب,نبش هدایت 12 پلاک 2,,unknown,normal,import,,,media_1790604467212.csv
سید محمدصدرا,بیضایی,5,5,,09155105488,09393600357,,آبکوه,,خواهرم,unknown,normal,import,,,media_1790604467212.csv
امیرعلی,بیغم,4,4,,09152081214,09159053180,38848490,وکیل آباد چپ,هاشمیه 73 نوزده بهمن 15 پلاک 7 واحد 4 (9155181809),داخل کانال دیدم,unknown,normal,import,نیمه1402: 1; غدیر1403: 6; نیمه1403: 1; غدیر1404: 1; غدیر1405: 1,,media_1790604467212.csv
سپهر,بینافر,5,5,,09153107631,09155599362,38445994,سجاد,فلسطین11. پلاک42,خانم اسدی,unknown,normal,import,نیمه1402: 1; غدیر1403: 1; غدیر1404: 2,,media_1790604467212.csv
حسین,بیهقی,3,3,,09153106556,09393106556,36055711,وکیل آباد راست,معلم17 پ12 ط 1,شبکه های اجتماعی,unknown,normal,import,نیمه1403: 4,,media_1790604467212.csv
محمدمهدی,بیچندی,3,3,,09353759003,09335565297,33868817,احمدآباد,قایم 26 پلاک 36 واحد 7,خانم رضایی,unknown,normal,import,,,"media_1790604467093.csv, media_1790604467135.csv"
یاسین,بیگی,6,6,,09158083530,09903580924,,حومه,,امیر مهدی یوسف مصری,unknown,normal,import,,,media_1790604467212.csv
حسام,تائبی,6,6,09393174639,09152047725,09155157725,,قاسم آباد الهیه,,گروه خدمتگزاران,unknown,normal,import,نیمه1403: 5,,media_1790604467212.csv
امیرصدرا,تاج الدین,1,1,,09151002922,,,فرامرز,فرامرز عباسی 23 رسالت 35 پ40 ط4,,unknown,normal,import,,ماموریت ویژه2,"media_1790604467093.csv, media_1790604467135.csv"
صالح,تازه بقار,6,6,,09058739030,09155135956,,ابوطالب,بین قرنی32 و 34 بلوک6,,unknown,normal,import,,,media_1790604467212.csv
محمد مهدی,تبریزیان,5,5,,09365525841,,33865973,امام رضا,کوشش 41 مهدی15 پلاک 48,سید حجت ضیافتی,unknown,normal,import,,,"media_1790604467093.csv, media_1790604467135.csv"
امیررضا,تحریرچی,3,3,,09151161073,09155143886,37649664,سجاد,ملک آباد گویا1 پ28/1,داداش امیرعلی تحریرچی,class_seeker,normal,import,,خواهان کلاس | حضوری,"media_1790604467093.csv, media_1790604467135.csv"
علی,تحریرچی,2,2,,09153198571,09151672135,38401366,کوهسنگی,دکتربهشتی 34,علیرضا تحریرچی/سجاد حدادیان,unknown,normal,import,,,"media_1790604467093.csv, media_1790604467135.csv"
محمدعلی,تحریرچی,3,3,,09155176174,09155088576,,احمدآباد,بهشتی2,آقای الیاس بهمن آبادی,unknown,normal,import,غدیر1405: 4,,media_1790604467212.csv
امیرعلی,تدینی پور,6,6,,09153613981,,,وکیل آباد راست دور,فارغ التحصیلان 17 پ12,جشن فیفا سیدرضی19,unknown,normal,import,,جشن فیفا سیدرضی19,"media_1790604467093.csv, media_1790604467135.csv, media_1790604467212.csv"
علی,تفقدابراهیم زاده,3,3,,09153062597,09353274766,37132942,ابوطالب,مطهری شمالی 1.بعدازچهارراه اول نبش هادیزاده 5 طبقه دوم,کلاس مهدویت دخترم,unknown,normal,import,,,"media_1790604467093.csv, media_1790604467135.csv"
علی,تفقدی,4,4,,09367223007,09153241225,38442251,آبکوه,راهنمایی21 پ28 (9036766787),,unknown,normal,import,نیمه1403: 6; غدیر1404: 1; غدیر1405: 1,,media_1790604467212.csv
علی,تفکرنیا,5,5,,09151217382,09395259174,37126021,آبکوه,خیابان سعد اباد ،صاحب الزمان 8،ساختمان اول سمت راست واحد 1,فرزانه اقایی,unknown,normal,import,,,media_1790604467093.csv
محمدصالح,تفکری,3,3,,09155148592,09352566560,38420335,احمدآباد,ابوذر غفاری 30 پلاک 139,خانم رحمان پناه,unknown,normal,import,,,"media_1790604467093.csv, media_1790604467135.csv"
محمدصالح,تقدیمی,4,4,,09151093670,09156500057,,قاسم آباد الهیه,,شمسی,unknown,normal,import,غدیر1404: 1,,media_1790604467212.csv
امیرعلی,تقوی,6,6,,09151029724,09025763074,,آبکوه,مجد5,,unknown,normal,import,غدیر1403: 4,,media_1790604467212.csv
تقی,تقوی,5,5,,09155578984,09156789064,,امام رضا,الیبعا عاعفب اتگبقا سسعت5ب عال,باتبللقدف,unknown,normal,import,,,"media_1790604467093.csv, media_1790604467135.csv"
یس,تقوی نیا,6,6,,,09128883063,,احمدآباد,احمدآباد / رئیسیان میگه خونه هفت تیره,امیرحسین فهیمی / طاها رئیسیان,class_seeker,normal,import,,خواهان کلاس,media_1790604467212.csv
علی,تقی آبادی,6,6,,09151024278,09151024278,,احمدآباد,,دوستان,unknown,normal,import,,,media_1790604467212.csv
امیر طاها,تقی زاده,4,4,,09156152707,09151042456,,کوهسنگی,کوهسنگی 22,خانم فاطمه نوبخت,unknown,normal,import,نیمه1403: 6; غدیر1404: 1; غدیر1405: 1,,media_1790604467212.csv
محمد آرمان,تقی زاده,3,3,,09365090836,09373190793,37676154,فرامرز,فرامرز عباسی 15 رسالت 49 پ36 واحد1,,unknown,normal,import,,ماموریت ویژه2,"media_1790604467093.csv, media_1790604467135.csv"
محمد مهدی,تقی زاده,3,3,09153029703,09153042058,09365523763,,امام رضا,امام خمینی75,پسر خاله,unknown,normal,import,غدیر1405: 6,,media_1790604467212.csv
عماد,تقی زادگان,3,3,,09155054508,09154414508,37268057,آبکوه,بلوار مجد.مجد14 پلاک 12 طبقه 4,مجتبی تقی زادگان / جواد نمینی,class_seeker,normal,import,نیمه1402: 4; غدیر1403: 5; غدیر1404: 1; غدیر1405: 4,خواهان کلاس,media_1790604467212.csv
علی,توانا,6,6,,09151024203,09159043906,,کوهسنگی,,محمد حسین پیروی,unknown,normal,import,,,media_1790604467212.csv
امیرعلی,توانا احمدیان,3,3,,09151089941,09154279941,,ابوطالب,موسوی قوچانی27,دوست علی کوثر,unknown,normal,import,غدیر1403: 6; نیمه1403: 4; غدیر1405: 4,,media_1790604467212.csv
ایلیا,توتونچی,6,6,,09155215172,09151113444,,آبکوه,کلاهدوز13,خانم رضایی,unknown,normal,import,غدیر1404: 3,,media_1790604467212.csv
محمد صالح,تولایی فرد,5,5,,09122946151,09153117157,,ابوطالب,عبادی7,,unknown,normal,import,غدیر1404: 1; غدیر1405: 6,,media_1790604467212.csv
امیررضا,توکل افشاری,5,5,,09022810034,09155594309,38786063,رضاشهر,پیروزی2/1 ارغوان13,دوست امیرعلی تکریمی,unknown,normal,import,نیمه1402: 1; غدیر1404: 2,,media_1790604467212.csv
محمدرضا,توکلی,4,4,,09154194641,,,ابوطالب,مطهری شمالی36,,unknown,normal,import,غدیر1405: 1,,media_1790604467212.csv
مهدی,توکلی,3,3,,09153107913,09150071721,38447740,کوهسنگی,حکیم نظامی 6 پلاک 13 واحد 6,,unknown,normal,import,,,"media_1790604467093.csv, media_1790604467135.csv"
پوریا,توکلی,6,6,,09151182663,,37662172,ابوطالب,ولیعصر11 پ33 واحد12,آقای هادی نور,unknown,normal,import,,,media_1790604467212.csv
حسام,تکلوی ثانی,2,2,,09153209621,09155145097,38812769,وکیل آباد چپ,هاشمیه 55 پلاک 118 بلوک 1 طبقه 4 واحد 11,ناهید تکلو,unknown,normal,import,,,media_1790604467093.csv
احسان,تیموری,6,6,,09016888237,09396092357,,حومه,,مدرسه امام خمینی,unknown,normal,import,,,media_1790604467212.csv
محمدامین,تیموری,2,2,,09155190049,09931743466,,حومه,بلوار توس,,unknown,normal,import,,,media_1790604467212.csv
پدرام,تیموری کیا,5,5,,09353612904,,,کوهسنگی,جهان آرا 16,,unknown,normal,import,,,media_1790604467212.csv
ابوالفضل,تیموریان,2,2,09151015279,09926323428,09157067138,,ابوطالب,هدایت 32,جشن هفت تیر21,unknown,normal,import,نیمه1402: 2; نیمه1403: 2; غدیر1405: 5,,media_1790604467212.csv
عرشیا,ثابت,1,1,,09154005390,09374067290,36032271,وکیل آباد راست نزدیک,جلال آل احمد 70 پ303 زنگ1,,unknown,normal,import,,,"media_1790604467093.csv, media_1790604467135.csv"
محمد یاسین,ثابت,5,5,,09159086907,09363738247,37529525,ابوطالب,هدایت 49/6پلاک 9/1,,unknown,normal,import,,,media_1790604467093.csv
علی اصغر,ثابت قدم,5,5,,09395175200,09155175200,37138624,آبکوه,دانشگاه 15 بن بست اول سمت راست پ6,هردمبیلی / ماموریت ویژه2,class_seeker,normal,import,غدیر1404: 3,هردمبیلی | ماموریت ویژه2 | خواهان کلاس,"media_1790604467093.csv, media_1790604467135.csv, media_1790604467212.csv"
معین,ثابتی,5,5,,09155077735,,,,,,unknown,normal,import,,,media_1790604467212.csv
آرش,ثانوی,3,3,,09153001417,09155110015,37613025,فرامرز,فرامرز رسالت5 پ73,طوسی,unknown,normal,import,,,"media_1790604467093.csv, media_1790604467135.csv"
پویان,ثانی,3,3,,09354366280,09151251262,,آبکوه,آبکوه,داداش علی ثانی,class_seeker,normal,import,غدیر1403: 3; نیمه1403: 2; غدیر1404: 2; غدیر1405: 4,خواهان کلاس,media_1790604467212.csv
محمدحسین,ثقفی,6,6,,09961134895,09961134895,,کوهسنگی,کیان سالاری,,unknown,normal,import,,,media_1790604467212.csv
ارسلان,جابری,6,6,,09156967720,09223541781,38460939,احمدآباد,سلمان 3جعفری2پلاک104,مدرسه رزاقی,unknown,normal,import,نیمه1402: 2; غدیر1403: 6; نیمه1403: 2; غدیر1404: 1; غدیر1405: 6,,media_1790604467212.csv
محمدارسلان,جابری,6,6,,09155625914,09159637279,,کوهسنگی,بهشتی,مدرسه منجی,unknown,normal,import,نیمه1403: 6,,media_1790604467212.csv
محمد,جاقوری,6,6,,09155120108,09302135501,,وکیل آباد راست,,خانم سمیه زارع,unknown,normal,import,,,media_1790604467212.csv
بنیامین,جامی,4,4,,09153070309,,,کوهسنگی,کوهسنگی,دوست امیرعلی صبوری,unknown,normal,import,غدیر1405: 1,,media_1790604467212.csv
امیرعلی,جامی پور,6,6,,09150505291,,,احمدآباد,,,unknown,normal,import,,,media_1790604467212.csv
ارش,جانباز,3,3,,09155104268,09151052821,,احمدآباد,راهنمایی,,unknown,normal,import,,,media_1790604467212.csv
محمدحسین,جانعلی زاده طوسی,5,5,,09155108849,09916418048,,ابوطالب,عبادی,نرگس جانعلی زاده طوسی,unknown,normal,import,نیمه1403: 6; غدیر1404: 2,,media_1790604467212.csv
سید نیما,جاوید حسینی,5,5,,09155256118,09155256118,38919095,وکیل آباد چپ,پیروزی 63. قطعه دوم سمت راست. مجتمع سرو. بلوک A پلاک 8,,unknown,normal,import,,,media_1790604467093.csv
سید حسین,جاوید شغیعی,6,6,,09156911399,09158020820,,رضاشهر,,,unknown,normal,import,,,media_1790604467212.csv
ابوالفضل,جبلی,4,4,,09155196931,09152176911,,قاسم آباد الهیه,رفیعی 12,دوست امیرحسین حاجی رحیمی,unknown,normal,import,غدیر1405: 1,,media_1790604467212.csv
حسین,جسمانی,5,5,09935757215,09159790214,09151039276,,ابوطالب,موسوی قوچانی11,امیر عباس زاده,class_seeker,normal,import,غدیر1403: 7; نیمه1403: 4; غدیر1404: 2; غدیر1405: 3,خواهان کلاس,media_1790604467212.csv
محمدصدرا,جعفردرواری,5,5,,09155011502,09153188578,38819553,وکیل آباد چپ,کوثر شمالی 39/3پلاک 51واحد4,علی رسولی,unknown,normal,import,,,media_1790604467212.csv
محمدامین,جعفرزاده,3,3,,09159217445,09159217445,,حومه,توس33,,unknown,normal,import,نیمه1403: 6,,media_1790604467212.csv
حسین,جعفری,3,3,,09153071783,09151084331,38840803,وکیل آباد چپ نزدیک,هاشمیه69 ابتدای کوچه پلاک4,خانم جعفری,unknown,normal,import,,,"media_1790604467093.csv, media_1790604467135.csv"
محمد متین,جعفری,6,6,,09153254061,09156905946,,احمدآباد,,خانم اخوی زاده,unknown,normal,import,,,media_1790604467212.csv
محمدمتین,جعفری,5,5,,09155089242,09301997061,33412581,امام رضا,بلوار فرودگاه چهارراه مقدم پروین اعتصامی 13پلاک 307,فهیمه,unknown,normal,import,,,"media_1790604467093.csv, media_1790604467135.csv"
هاکان,جعفری,5,5,,09156012243,09151216769,,وکیل آباد چپ,سرافرازان13,,unknown,normal,import,نیمه1402: 1; غدیر1403: 1; نیمه1403: 2; غدیر1404: 1; غدیر1405: 3,,media_1790604467212.csv
یاسین,جعفری,5,5,,09151064667,09151064667,37592172,آبکوه,سازمان آب صادقی 13 پلاک 54,دوست,unknown,normal,import,,,media_1790604467212.csv
سید علی,جعفری زاده,5,5,,09153047064,09156977064,32213807,ابوطالب,چهارراه عشرت اباد کاشانی 55 پلاک 50 طبقه سوم,خانم کرمانی,unknown,normal,import,غدیر1404: 3,,media_1790604467212.csv
علی,جعفری زاده,2,2,,09366635399,,,احمدآباد,ناصرخسرو,,unknown,normal,import,غدیر1405: 5,,media_1790604467212.csv
سیدمجتبی,جعفریه,3,3,,09158113234,09105653234,32254650,ابوطالب,خیابان عبادی،عبادی 29،کوچه هشتم،پلاک 68,خانم زارع,unknown,normal,import,,,"media_1790604467093.csv, media_1790604467135.csv"
محمدحسین,جغتایی,3,3,,09361083385,09352170778,,وکیل آباد چپ,هاشمیه,,unknown,normal,import,غدیر1404: 4,,media_1790604467212.csv
بنیامین,جلائیان,2,2,,09150052691,09158075494,36084810,وکیل آباد راست,امامت 32پلاک 27,آسیه عرفانیان,unknown,normal,import,,,"media_1790604467093.csv, media_1790604467135.csv"
محمدصدرا,جلائیان,6,6,,09151826691,,,رضاشهر,رضاشهر رودکی20 پ22,,unknown,normal,import,,,media_1790604467212.csv
صدرا,جلالی,5,5,,09153117335,,37263629,آبکوه,محدوده راهنمایی,کاظم اکبری,unknown,normal,import,,,"media_1790604467093.csv, media_1790604467135.csv"
حسین,جلالی طلب,3,3,,09159066800,09152030771,,وکیل آباد چپ,صیاد شیرازی,حامد اخوان فاطمی,unknown,normal,import,,,media_1790604467212.csv
امیررضا,جلالیان,5,5,,09153168219,09156158219,,ابوطالب,,امیرعلی ابراهیمی / اقطاعی,unknown,normal,import,,,media_1790604467212.csv
حسین,جلالیان,6,6,,09151239273,,38436529,کوهسنگی,جهان ارا 7 کوچه شهید زمانی 4 انتها پلاک 319 زنگ بالا,علی اصغر محمدیان,unknown,normal,import,غدیر1403: 1; نیمه1403: 1; غدیر1405: 4; نیمه1402: 2; غدیر1404: 1,,media_1790604467212.csv
محمد کیان,جلالیان,3,3,,09395080472,09301180152,,رضاشهر,خاقانی,خانم درمحمدی,unknown,normal,import,نیمه1403: 6; غدیر1404: 1,,media_1790604467212.csv
محمدصدرا,جلالیان,4,4,,09158588221,09159050891,38910748,وکیل آباد راست,امامت 19,دوست یاسین علیخانزاده / خانم چرمچی,class_seeker,normal,import,نیمه1402: 4; غدیر1403: 6; غدیر1405: 4,خواهان کلاس,media_1790604467212.csv
مهدیار,جلالیان,3,3,,09151115032,,37621642,آبکوه,ارشاد7 بلوک9,,unknown,normal,import,,سجاد حدادیان | ماموریت ویژه2,"media_1790604467093.csv, media_1790604467135.csv"
محمدکاظم,جلایر,6,6,,09155129572,09157949572,38439136,آبکوه,سناباد52.میلان اول سمت راست پلاک26,تبلیغ,unknown,normal,import,,,media_1790604467212.csv
امیرمهدی,جلیلی,6,6,,09155216629,09154216629,38764281,رضاشهر,خاقانی 19،بین دقیقی 3و1پلاک 7,خانوم محدث,unknown,normal,import,نیمه1402: 5; نیمه1403: 3; غدیر1404: 3,,media_1790604467212.csv
محمدرضا,جم,6,6,,09150665360,09365310810,38834753,رضاشهر,سرافرازان 7/2پلاک79,علیرضا رسولی پور,unknown,normal,import,,,media_1790604467212.csv
امیرعباس,جمالی,6,6,,09155120108,09302135501,,وکیل آباد راست,,خانم سمیه زارع,unknown,normal,import,,,media_1790604467212.csv
محمدمهدی,جمالی,5,5,,09155084742,09156901990,37130228,ابوطالب,عبادی 18 حسین باشی 9 کرامتی 2 پ34,رحمانی,unknown,normal,import,,,"media_1790604467093.csv, media_1790604467135.csv"
ابوالفضل,جمشیدی,5,5,,,09151173127,05138910513,,,سید مهدی اتابکی شریعتی,unknown,normal,import,,,media_1790604467212.csv
علیرضا,جمشیدی,6,6,,09360328980,09158603184,,ابوطالب,چهارراه ابوطالب سرای ایرانیان,,unknown,normal,import,,,media_1790604467212.csv
مازیار,جمشیدی,6,6,,,,,وکیل آباد چپ,کوثر جنوبی 20,مجید شمسی,unknown,normal,import,,,media_1790604467212.csv
امیرحسین,جمشیدیان,4,4,,09155002144,09158085161,34224425,سجاد,حامدشمالی5.پلاک103.طبقه4,جناب آقای واحدی,unknown,normal,import,,,media_1790604467093.csv
سینا,جمشیدیان,3,3,,09124344621,09122337567,36038353,سجاد,بلواردستغیب دستغیب 35بیستون8پلاک2/1واحد3,خانم شمسی,unknown,normal,import,,,"media_1790604467093.csv, media_1790604467135.csv"
حمیدرضا,جمعه پور,2,2,,09155280696,09152209453,36024947,وکیل آباد راست نزدیک,امامت 50 بلوار ادب پلاک 58,خانم نعیمی,unknown,normal,import,,,"media_1790604467093.csv, media_1790604467135.csv"
عماد,جمعه پور,5,5,,09158021407,,,امام رضا,هفده شهریور,مقیمیان,unknown,normal,import,,,media_1790604467212.csv
محمد امین,جنت خواه,6,6,,09038602870,09038602870,,حومه,طلاب/گاز/مجلسی/وحدت/امت/چمن/مصلی,آقای محمدیان,unknown,normal,import,,,media_1790604467212.csv
محمدعلی,جندالله,3,3,,09151178535,09354957322,36011832,وکیل آباد راست,بلوار سیدرضی سید رضی 27 پلاک 193/1طبقه دوم,محمد طاها صداقت,unknown,normal,import,,,"media_1790604467093.csv, media_1790604467135.csv"
امیر علی,جنگی,6,6,,09366055119,09303877947,,حومه,,سید حسین موسوی,unknown,normal,import,,,media_1790604467212.csv
امیرمحمد,جهان,5,5,,,09159769377,,آبکوه,قاضی9 پ50,,unknown,normal,import,,,media_1790604467212.csv
محمد,جهان آبادی,2,2,,09338851590,09158227207,,ابوطالب,مطهری شمالی,عمادقدیری,unknown,normal,import,غدیر1405: 5,,media_1790604467212.csv
امیرعباس,جهان آرا,5,5,,09361338187,09216378403,37111160,ابوطالب,مطهری شمالی 36_فاتق 10_پلاک 48,آقای میثم فراست,unknown,normal,import,,,"media_1790604467093.csv, media_1790604467135.csv"
احسان,جهان بین,6,6,,09373488076,09037378856,37245727,ابوطالب,قرنی28 پ23,,unknown,normal,import,,,media_1790604467212.csv
عرفان,جهان نیا,3,3,,09105007691,09151098344,36088672,وکیل آباد راست,امامت11پلاک61واحد9,,unknown,normal,import,,,media_1790604467093.csv
امیر مهدی,جهان گیر,2,2,,09155031388,,37673684,کوهسنگی,دکتر بهشتی 20ـ پلاک99ـ زنگ دوم,سیده زهرا نورایی,unknown,normal,import,,,"media_1790604467093.csv, media_1790604467135.csv"
پارسا,جهانشیری,6,6,,09153117363,09157609219,,حومه,طلاب/گاز/مجلسی/وحدت/امت/چمن/مصلی,مدرسه,unknown,normal,import,غدیر1404: 2,,media_1790604467212.csv
محمدحسین,جهانی,2,2,,09155103092,09151229343,38439182,احمدآباد,عارف 10 اولین کوچه سمت چپ نبش بن بست دوم پ19 ز3,,unknown,normal,import,,کریمی فر | ماموریت ویژه2,"media_1790604467093.csv, media_1790604467135.csv"
سید امیرمحمد,جواد پور,2,2,,09013558132,09152709328,,کوهسنگی,,خانم حسینی,unknown,normal,import,,,media_1790604467212.csv
سید محمد یاسین,جوادی,5,5,,09152046027,09334300819,05138849596,آبکوه,بین مجد 24 و 26 پلاک 69.واحد اول,خانم ناظران,unknown,normal,import,نیمه1402: 1; نیمه1403: 2; غدیر1404: 2,,"media_1790604467093.csv, media_1790604467135.csv, media_1790604467212.csv"
سید مرتضی,جوادی,3,3,,09155105025,09385984587,33490297,امام رضا,بلوار فرودگاه چهارراه مقدم پروین اعتصامی 27 پلاک 24 واحد5,ملیحه جلیلیان,unknown,normal,import,,,"media_1790604467093.csv, media_1790604467135.csv"
علی,جوادی,5,5,09334320122,09155020397,09156856112,37121499,ابوطالب,عبدالمطلب 58.قائم 8.1 پلاک30,ناهید اکبری,unknown,normal,import,نیمه1402: 1; غدیر1403: 3; نیمه1403: 2; غدیر1404: 4; غدیر1405: 4,,"media_1790604467093.csv, media_1790604467135.csv, media_1790604467212.csv"
علیرضا,جوادی,6,6,,09373495397,09373495397,33415536,امام رضا,امام رضا 48 دو کوچه مستقیم پلاک 46,ضیافتی,unknown,normal,import,,,"media_1790604467093.csv, media_1790604467135.csv"
محمد طاها,جوادی,2,2,,09159151332,09157036575,32705322,آبکوه,صاحب الزمان 7,گوهری,unknown,normal,import,,,"media_1790604467093.csv, media_1790604467135.csv"
امیر علی,جوادیان,2,2,,09153127708,09393907200,37137566,آبکوه,مجد 24 اولین کوچه سمت راست اولین کوچه سمت چپ پلاک 17 واجد6,نعیمه,unknown,normal,import,,,media_1790604467093.csv
حسین,جوان,3,3,,09387485819,09151028334,37421375,رضاشهر,رهایی 9 مهاجران یک پلاک 53,دوست و همکلاس,unknown,normal,import,,,"media_1790604467093.csv, media_1790604467135.csv"
عرفان,جوان,6,6,,09365218242,09365218242,,حومه,مسجد,,unknown,normal,import,,,media_1790604467212.csv
علیرضا,جوانشیر,3,3,,09151223160,09153255981,38764263,رضاشهر,بلوار پیروزی-بلوار خاقانی-خاقانی14-پلاک128/1-زنگ شماره 2,خانم درمحمدی,unknown,normal,import,,,"media_1790604467093.csv, media_1790604467135.csv"
امیرعلی,جوانشیری,2,2,,09155019539,,38456759,احمدآباد,نبش ناصر خسرو 30 پلاک 106,,unknown,normal,import,,,"media_1790604467093.csv, media_1790604467135.csv"
مهدی,جواهری,1,1,,09354763610,,36073448,وکیل آباد راست نزدیک,جلال آل احمد,,unknown,normal,import,,,"media_1790604467093.csv, media_1790604467135.csv"
محمد,جودوی,6,6,,09155134717,,,,,,unknown,normal,import,,,media_1790604467212.csv
محمد علی,حاتمی,6,6,,09156460367,09156460367,,رضاشهر,,طاها حسینی,unknown,normal,import,,,media_1790604467212.csv
محمدطاها,حاتمی مقدم,4,4,,09916252106,09330718279,,امام رضا,,عبدالهی,unknown,normal,import,,,media_1790604467212.csv
محمدرضا,حاجی بابائی,4,4,,09155021840,09155248022,37247340,ابوطالب,بین کامیاب 34 و 36 ، پلاک 408,,unknown,normal,import,غدیر1404: 1,,media_1790604467212.csv
محمدطاها,حاجی حسنی,6,6,,09151003684,09385253684,38407972,احمدآباد,ناصرخسرو19.3پلاک 20,پیامک,unknown,normal,import,,,media_1790604467212.csv
شهریار,حاجی حسینی,3,3,,09155177992,09158207843,37239811,ابوطالب,ابوطالب1 خیاطی10 پ43 ط2 واحد4,,unknown,normal,import,,,media_1790604467212.csv
امیرحسین,حاجی رحیمی,4,4,,09151151953,09155240676,,کوهسنگی,بهشتی38 پ50 واحد4,جشن خدادادحسینی (محمدکسرا قیصری) / مهدی قیصری / سروش زارع,class_seeker,normal,import,غدیر1405: 1,خواهان کلاس,media_1790604467212.csv
آرتین,حاجی زاده,3,3,,09156136952,09156136952,,قاسم آباد الهیه,,خودم,unknown,normal,import,,,media_1790604467212.csv
ابوالفضل,حاجی زاده,6,6,,09153197892,09129176526,38338209,وکیل آباد چپ دور,صیادشیرازی 19پلاک 4زنگ4,حاجی زاده,unknown,normal,import,,,"media_1790604467093.csv, media_1790604467135.csv, media_1790604467212.csv"
امیررضا,حاجی زاده,4,4,,09031862907,09031862907,,حومه,الهیه,نخ ساز,unknown,normal,import,نیمه1403: 2; غدیر1405: 1,,media_1790604467212.csv
شروین,حاجی زاده,5,5,,09153064255,,,,,اقای عطایی,unknown,normal,import,,,media_1790604467212.csv
علی,حاجی زاده,6,6,,09153170275,09147897467,37582195,آبکوه,شهید صادقی 12خیابان هجرت روبروی هجرت 10 پلاک 103واحد 1,خانم پژوم / خانم لقمانی,class_seeker,normal,import,,خواهان کلاس,media_1790604467212.csv
محمدحسن,حاجیان,5,5,,09155570511,09155570511,,حومه,طلاب/گاز/مجلسی/وحدت/امت/چمن/مصلی,آقای محمدی,unknown,normal,import,,,media_1790604467212.csv
سید محمد طاها,حافظان,4,4,,09151087931,09151087931,38486923,آبکوه,خیابن سناباد . روبروی سناباد 37 پلاک 346,آقای محمد اسدی مقدم,unknown,normal,import,,,"media_1790604467093.csv, media_1790604467135.csv"
امیرحسن,حامد مقدم,4,4,,09156472707,09151104966,,ابوطالب,عبادی20,اینه چیان,unknown,normal,import,غدیر1405: 6,,media_1790604467212.csv
محمد مهدی,حامد مهدوی,5,5,09158143098,09902661294,09158143098,,آبکوه,,حجت مهدوی,unknown,normal,import,,,media_1790604467212.csv
محمدمهدی,حامد مهدوی,5,5,,09356019520,09158143098,38449771,آبکوه,سناباد 13. پلاک 95/2.,عمو حبیب حامد مهدوی,unknown,normal,import,نیمه1402: 4; غدیر1403: 5,,media_1790604467212.csv
مهدیار,حامد مهدوی,5,5,,09153216616,,,سجاد,خیام جنوبی,دوست رضا کوچکی نیا,unknown,normal,import,غدیر1404: 2,,media_1790604467212.csv
معین,حبیب پور,5,5,,09152073589,09150649345,,فرامرز,,بی بی فاطمه نجاتیان قرشی,unknown,normal,import,,,media_1790604467212.csv
امیرحسین,حبیبی,6,6,,09153249426,09154762326,33495561,حومه,چمن 27 پلاک 171,از طریق گروه,unknown,normal,import,غدیر1403: 7,,media_1790604467212.csv
حسین,حبیبی,6,6,,09155309270,09359365059,,,,گروه مهدوی,unknown,normal,import,,,media_1790604467212.csv
محمدحسین,حبیبی,4,4,,09158124053,09158124062,,احمدآباد,,اقطاعی / امیرمهدی یگانه / هادی علی پرست,unknown,normal,import,,,media_1790604467212.csv
محمدمهدی,حبیبی,3,3,,09157026042,,,آبکوه,سناباد 19 پلاک 227 زنگ اول,چمنی,class_seeker,normal,import,,خواهان کلاس | حضوری,"media_1790604467093.csv, media_1790604467135.csv"
ابوالفضل,حبیبی خراسانی,5,5,,09396684066,09352349487,37269811,احمدآباد,مجد20پلاک 20,,unknown,normal,import,غدیر1403: 6; نیمه1403: 3; غدیر1404: 2,,media_1790604467212.csv
محمد رضا,حج گذار,5,5,,09357988801,,,ابوطالب,بلوار ابوطالب,,unknown,normal,import,,,media_1790604467212.csv
محمدیاسین,حجازی فر,5,5,,09153031308,09151566025,38785191,رضاشهر,رضاشهر رودکی 1پلاک 90,خانم پرواز زاده / هدایتی,unknown,normal,import,غدیر1403: 1; نیمه1403: 2,,media_1790604467212.csv
علیرضا,حجربر,6,6,,09153593523,09153220667,37298836,آبکوه,سناباد19 نبش منوچهری9,,unknown,normal,import,,,media_1790604467212.csv
محمدجواد,حدادی,5,5,,09157154741,09157194741,,ابوطالب,عبادی12,دوست مجتبی مقدسان,unknown,normal,import,غدیر1405: 3,,media_1790604467212.csv
امیر صدرا,حدادیان,4,4,09156229171,09156229171,,38942830,وکیل آباد چپ دور,صیاد شیرازی 61 پلاک 90,سجادحدادیان,unknown,normal,import,,هردمبیلی | مجازی,"media_1790604467093.csv, media_1790604467135.csv, media_1790604467212.csv"
امیرحسن,حدادیان,6,6,,09153207159,,,کوهسنگی,کوهسنگی,جشن غدیر هفت تیر 21,unknown,normal,import,غدیر1403: 1; نیمه1403: 6,,media_1790604467212.csv
مبین,حدادیان,6,6,,09153175056,09154175056,,وکیل آباد چپ دور,فکوری 17 لاله 8 پ29,آقای حدادیان / هردمبیلی,unknown,normal,import,,آقای حدادیان | هردمبیلی,"media_1790604467093.csv, media_1790604467135.csv, media_1790604467212.csv"
امیرمهدی,حسامی,4,4,,09150086581,09303860957,37131975,آبکوه,کلاهدوز37 پ28,,unknown,normal,import,,,media_1790604467212.csv
محمدحسین,حسامی,6,6,,09153150118,09155057944,37533249,ابوطالب,تقاطع شفا موسوی قوچانی روبروی موسوی قوچانی 20 مجتمع اسکان الماس تابان بلوک اقاقیا d واحد شش حسامی,خانم آذر باد,unknown,normal,import,,,media_1790604467212.csv
امیرحسین,حسن آبادی,5,5,,09151070215,09155092463,,آبکوه,مجد25,عرفانیان,unknown,normal,import,غدیر1403: 6; نیمه1403: 2; غدیر1404: 2; غدیر1405: 3,,media_1790604467212.csv
علی رضا,حسن آبادی,3,3,,09151597099,09153585908,38457467,کوهسنگی,کوهسنگی دکتربهشتی38 رودکی18 پلاک 106 زنگ چهارم,صدر قائنی,unknown,normal,import,,,"media_1790604467093.csv, media_1790604467135.csv"
محمد,حسن خانی,5,5,,09157060704,09158190090,35018005,وکیل آباد چپ,وکیل آباد لادن 5 نبش 4راه دوم پلاک 49، زنگ خراب است،منزل ویلایی,فضای مجازی,unknown,normal,import,نیمه1402: 1; غدیر1403: 1; غدیر1404: 2,,media_1790604467212.csv
ابوالفضل,حسن زاده,4,4,,09355601522,09159047037,,حومه,توس33,یکی ازکانال هایی که عضوهستم,unknown,normal,import,غدیر1405: 6,,media_1790604467212.csv
حسین,حسن زاده,6,6,,09155140471,09153087315,,,,محمد یاقوتی,unknown,normal,import,,,media_1790604467212.csv
پدرام,حسن زاده,4,4,,09153249057,09153104148,,کوهسنگی,,خانم قاسمی,unknown,normal,import,غدیر1405: 6,,media_1790604467212.csv
حبیب حسین,حسن زاده افتخار,5,5,,09380339492,,,ابوطالب,,تو ایتا گروه جشن,unknown,normal,import,,,media_1790604467212.csv
سید ابوالفضل,حسن زاده چمنی,3,3,,09151151644,09157031644,38810587,وکیل آباد چپ نزدیک,کوثر 1 ، پلاک 38,چمنی,unknown,normal,import,,,"media_1790604467093.csv, media_1790604467135.csv"
سید ابوالفضل,حسن زاده چنی,2,2,,09157031644,,38810587,وکیل آباد چپ دور,شهرستانی 5,خانم امیر بیک,unknown,normal,import,,,media_1790604467135.csv
طاها,حسن فرخی,6,6,,09159794490,,,,,,unknown,normal,import,,,media_1790604467212.csv
سید پویان,حسن نیا,6,6,,09157220932,09157057154,,حومه,مصلی,,unknown,normal,import,غدیر1405: 6,,media_1790604467212.csv
بنیامین,حسن پور,3,3,,09153113522,09159961904,,ابوطالب,,خانم زینب آدرانی,unknown,normal,import,,,media_1790604467212.csv
محمد طاها,حسن پور,5,5,,09158087541,09371146691,36013495,وکیل آباد راست نزدیک,جلال 21چهاراه اول نبش مدرس21پلاک67,آقای مرتضوی,unknown,normal,import,,,"media_1790604467093.csv, media_1790604467135.csv"
مهدی,حسن پور,5,5,09367957947,09362970511,09367957947,,احمدآباد,احمدآباد،رضا5،پلاک31،واحد4,خانم دانشور,unknown,normal,import,غدیر1403: 1; غدیر1405: 3,,media_1790604467212.csv
سامان,حسنی,2,2,,09153778827,09151088827,,وکیل آباد راست,,دبستان امید ایرانیان,unknown,normal,import,,,media_1790604467212.csv
محمدصدرا,حسنی,5,5,,09356624717,09359868343,,ابوطالب,,,unknown,normal,import,,,media_1790604467212.csv
محمدمهدی,حسنی,6,6,09372546066,09013125998,09013125991,,ابوطالب,طبرسی شمالی38 (9009092110),امیرعطا حکیم زاده,class_seeker,normal,import,نیمه1402: 3; غدیر1403: 3; نیمه1403: 3,خواهان کلاس,media_1790604467212.csv
داریوش,حسین زاده,3,3,,09363257911,09363257911,,کوهسنگی,عدل خمینی73,,unknown,normal,import,غدیر1404: 3; غدیر1405: 4,,media_1790604467212.csv
دانیال,حسین زاده,6,6,,09363257911,09363257911,,کوهسنگی,عدل خمینی73,,unknown,normal,import,غدیر1404: 3; غدیر1405: 4,,media_1790604467212.csv
رایان,حسین زاده,3,3,,09151135025,,,احمدآباد,ابوذر 13,,unknown,normal,import,,,media_1790604467212.csv
سلمان,حسین زاده,4,4,,09154150175,09054280658,,ابوطالب,عبادی18 حسین باشی9 کرامتی2 پ46,,unknown,normal,import,,,media_1790604467212.csv
سید محمد,حسین زاده,6,6,,09150085560,,,ابوطالب,مطهری شمالی 17,جشن نیمه شعبان میدان سعدی (وحیدرضا هدایتی),unknown,normal,import,,,media_1790604467212.csv
علی,حسین زاده,3,3,,09155066961,09153254274,38439226,کوهسنگی,بین بهشتی 22و 24 پلاک 64/1 زنگ یک یا دو,مادر,unknown,normal,import,,,"media_1790604467093.csv, media_1790604467135.csv"
فرهاد,حسین زاده,4,4,,09153776208,,,آبکوه,سناباد,مهدوی سرشت / جلسه ای,class_seeker,normal,import,,خواهان کلاس,media_1790604467212.csv
محمد,حسین زاده,6,6,,09153108214,09159149737,38836891,وکیل آباد چپ,حدفاصل میدان هاشمیه و میدان حر، چهار راه کوثر(چهارچشمه) کوثرجنوبی 16 پلاک 16 جنب مدرسه سلیمانشاهی,کانال محبان المهدی، خانم محمدیان,unknown,normal,import,,,media_1790604467212.csv
محمد حسن,حسین زاده,4,4,,09158806972,09154355452,,امام رضا,خیابان سرشور,اقطایی / اسلامی,unknown,normal,import,غدیر1404: 1; غدیر1405: 1,,media_1790604467212.csv
محمدصدرا,حسین زاده,3,3,,09361125705,09361125705,3443014,امام رضا,هفده شهریور یاران 15 پلاک 66,مدرسه,unknown,normal,import,غدیر1405: 1,,media_1790604467212.csv
امیر علی,حسین زاده اصفهانی,5,5,,09354393643,,,کوهسنگی,,,unknown,normal,import,غدیر1404: 2,,media_1790604467212.csv
ایلیا,حسین زاده اصفهانی,6,6,,09158833671,09362268260,,امام رضا,,,unknown,normal,import,,,media_1790604467212.csv
حسین,حسین غنی,6,6,,09158245591,09016626184,,امام رضا,,,unknown,normal,import,,,media_1790604467212.csv
ابوالفضل,حسین پور,5,5,,09159137323,09331029061,,ابوطالب,مطهری جنوبی28,,unknown,normal,import,,,media_1790604467212.csv
احسان,حسین پور,3,3,,09355690475,09308685806,دوقلو,آبکوه,دانشگاه1,,unknown,normal,import,غدیر1403: 1; نیمه1403: 1; غدیر1405: 2,,media_1790604467212.csv
محمد مهزیار,حسین پور,6,6,,09156000976,09359457454,36096174,وکیل آباد راست,امامت 35 پلاک 41 طبقه 3,محمدجواد عرب,unknown,normal,import,,,media_1790604467212.csv
حسین,حسین پور عرب,5,5,,09159252343,09036200221,,کوهسنگی,بهشتی17,دوست حسین نکاحی,unknown,normal,import,غدیر1404: 2; غدیر1405: 3,,media_1790604467212.csv
محمد حسن,حسین پور گل خطمی,2,2,09156260937,09105602956,09330460360,,امام رضا,آخوند خراسانی آخوند 8,خانم حسین پور,unknown,normal,import,,,"media_1790604467093.csv, media_1790604467135.csv"
امیرعلی,حسینعلی زاده,4,4,,09156491520,,,رضاشهر,رودکی9 پ106,,unknown,normal,import,,,"media_1790604467093.csv, media_1790604467135.csv"
ابوالفضل,حسینی,,7,,09338188001,09338188002,37246191,ابوطالب,ابوطالب 36 - بین گلبرگ 10 و 12- پ 82 ط 4,,unknown,normal,import,,,"media_1790604467093.csv, media_1790604467135.csv"
امیرعباس,حسینی,4,4,09156573921,09151257719,09152455059,,ابوطالب,مطهری شمالی 14,پسرخاله محمدکیا فهمیده,unknown,normal,import,غدیر1403: 2; نیمه1403: 4; غدیر1405: 4,,media_1790604467212.csv
رادین,حسینی,5,5,,09151085063,09151085063,,وکیل آباد چپ,,راحله حسینی,unknown,normal,import,,,media_1790604467212.csv
سید احسان,حسینی,5,5,,09026707227,09371934042,,وکیل آباد چپ,صیاد شیرازی,جشن غدیر هفت تیر 21,unknown,normal,import,غدیر1403: 2,,media_1790604467212.csv
سید ارتین,حسینی,6,6,,09155163203,09368672539,,کوهسنگی,سعیدی,,unknown,normal,import,,,media_1790604467212.csv
سید امیر حسین,حسینی,5,5,,09155183705,09151566321,37254768,ابوطالب,شهید صادقی هجرت 6 کوچه اول سمت راست زنگ سوم انتهای کوچه پلاک 42 زنگ 2,زهره حسینی,unknown,normal,import,نیمه1402: 2; نیمه1403: 6,,"media_1790604467093.csv, media_1790604467135.csv, media_1790604467212.csv"
سید امیرحسین,حسینی,5,5,,09156603525,09158103391,,وکیل آباد چپ,هفت تیر9,,unknown,normal,import,غدیر1403: 6,,media_1790604467212.csv
سید امیرعلی,حسینی,4,4,,09159804399,09151210344,,امام رضا,,سید محمد جواد حسینی,unknown,normal,import,,,media_1790604467212.csv
سید امیرعلی,حسینی,4,4,,09153228207,09384061439,,وکیل آباد راست,قانع4 پ11,سید محمد جواد حسینی,unknown,normal,import,نیمه1403: 1,,media_1790604467212.csv
سید امیرعلی,حسینی,6,6,09304395919,09152005919,09152005919,,آبکوه,بلوارسازمان آب اسفندیانی 9 اولین میلان سمت چپ پلاک 14,ریحانه فکور / خانم,class_seeker,normal,import,غدیر1403: 3; نیمه1403: 5,خواهان کلاس,media_1790604467212.csv
سید حسین,حسینی,5,5,,09155122966,09151050063,32736766,ابوطالب,مطهری شمال 17 گلمکانی پلاک2,تبلیغ در گروها,unknown,normal,import,غدیر1404: 2,,media_1790604467212.csv
سید سجاد,حسینی,4,4,09151031493,09153030665,09151031493,,احمدآباد,ناصرخسرو 17. پلاک 33. طبقه اول,محمدیوسف اقطاعی,unknown,normal,import,,,media_1790604467212.csv
سید طاها,حسینی,4,4,09155043466,09155043466,09151047146,,احمدآباد,احمد اباد رضا 21پلاک 32/1زنگ سوم,خانم باقرزاده / ریحانه فکور,unknown,normal,import,نیمه1402: 1; غدیر1403: 2; غدیر1404: 1,,media_1790604467212.csv
سید طاها,حسینی,6,6,09156249256,09151569754,09353319817,,وکیل آباد چپ,لادن 20 پلاک 7 واحد 4 (38676295),گروه اینایی حسینیه / حسینیه محبان الایمه,unknown,normal,import,نیمه1402: 3; غدیر1403: 4; نیمه1403: 4,,media_1790604467212.csv
سید علیرضا,حسینی,6,6,,09153106443,09155201202,38791279,رضاشهر,رضاشهر ملک الشعرا2انوری 9 پلاک 96,خانم زهره حسینی,unknown,normal,import,نیمه1402: 3; غدیر1403: 2; غدیر1404: 3,,media_1790604467212.csv
سید محمد,حسینی,2,2,,09111758386,09119622564,32223367,وکیل آباد چپ,بلوار فکوری ، فکوری 45 کوچه بهاران 12 کوچه یاس پلاک 65 واحد 2,خانم خندان,unknown,normal,import,,,media_1790604467093.csv
سید محمد,حسینی,5,5,,09155246044,09354317494,37247116,ابوطالب,قرنی 21 بعد از چهارراه اول پلاک 55,مدرسه بنا خسروی,unknown,normal,import,,,media_1790604467212.csv
سید محمد متین,حسینی,5,5,,09158050868,09158967730,,آبکوه,کلاهدوز23,,unknown,normal,import,نیمه1403: 6; غدیر1404: 2,,media_1790604467212.csv
سید محمدحسین,حسینی,6,6,,09153014535,09151575543,,ابوطالب,عبدالمطلب,خانم کوهستانی,class_seeker,normal,import,غدیر1405: 6,خواهان کلاس,media_1790604467212.csv
سید محمدزهیر,حسینی,6,6,,09153226757,09158119122,37051833,ابوطالب,کاشانی 50 کوچه اول سمت چپ پلاک 17,نجات حسینی,unknown,normal,import,نیمه1402: 2; نیمه1403: 5; غدیر1404: 3; غدیر1405: 3,,media_1790604467212.csv
سید محمدطاها,حسینی,6,6,,09151049013,09151219364,38528006,امام رضا,خیابان هفده شهریور عنصری غربی 19پلاک235,آقای طبسی حائری,class_seeker,normal,import,نیمه1402: 3; غدیر1403: 6; نیمه1403: 1; غدیر1404: 1; غدیر1405: 1,خواهان کلاس,media_1790604467212.csv
سید محمدعلی,حسینی,4,4,,09376037923,09156538343,37258842,ابوطالب,مطهری جنوبی 3 پلاک 74 .طبقه سوم,کلاس خانم خطیبی,unknown,normal,import,,,media_1790604467093.csv
سید مهدی,حسینی,3,3,,09156959855,,,ابوطالب,,پاک شرست,unknown,normal,import,,,media_1790604467212.csv
سید یاسین,حسینی,5,5,,09153096507,09188969925,,ابوطالب,مطهری46 انتظار9 نقیبی9,ابن الرضا,class_seeker,normal,import,,خواهان کلاس,media_1790604467212.csv
سید یوسف,حسینی,6,6,,09356349596,,,امام رضا,17شهریور صدر42,,unknown,normal,import,,,media_1790604467212.csv
عرفان,حسینی,3,3,,09154118486,,,امام رضا,عنصری شرقی مقابل3 پ52,,unknown,normal,import,,ماموریت ویژه,"media_1790604467093.csv, media_1790604467135.csv"
علیرضا,حسینی,5,5,,09355002432,09338081979,,حومه,طلاب,,unknown,normal,import,,,media_1790604467212.csv
فرشید,حسینی,,7,,09155051799,,,آبکوه,میدان سعدآباد مطهری3 پ66 ط2,,unknown,normal,import,,هردمبیلی,"media_1790604467093.csv, media_1790604467135.csv"
محمد رضا,حسینی,6,6,,09151152172,09153181854,,احمدآباد,,علیرضا اقطاعی,unknown,normal,import,,,media_1790604467212.csv
محمدمحسن,حسینی,4,4,,,09127034286,,ابوطالب,عبادی7,دوست محمدصادق تولایی فرد,unknown,normal,import,غدیر1405: 6,,media_1790604467212.csv
پارسا,حسینی,1,1,,09158191215,09154078071,,وکیل آباد راست,,حسینی,unknown,normal,import,,,media_1790604467212.csv
پارسا,حسینی,6,6,,09154421367,09015374966,,وکیل آباد راست,انتهای وکیل آباد سمت راست,گروه,unknown,normal,import,غدیر1404: 3,,media_1790604467212.csv
کیان,حسینی,4,4,09157628221,09153254145,09158588221,,وکیل آباد راست,امامت 19,جشن هفت تیر21,unknown,normal,import,نیمه1402: 4; غدیر1403: 6; نیمه1403: 1; غدیر1405: 4,,media_1790604467212.csv
سید محمدرضا,حسینی خراسانی,6,6,,09158184957,09153164018,,امام رضا,,نخعی,unknown,normal,import,,,media_1790604467212.csv
سید امیرعلی,حسینی طباطبایی,5,5,,09035481215,09354300179,38219471,رضاشهر,سرافرازان 52.خسروی5.انتهای خاکپور3.ساختمان گلها.واحد 2,محمد یوسفی مقدم,unknown,normal,import,,,"media_1790604467093.csv, media_1790604467135.csv"
سید مبین,حسینی طباطبایی,5,5,,09152762390,09394371198,38781424,رضاشهر,خاقانی نبش خاقانی 30. پلاک 1. واحد6,سرکار خانم عبداللهی,unknown,normal,import,نیمه1402: 1; غدیر1403: 1; نیمه1403: 2,,media_1790604467212.csv
سید محمدحسین,حسینی فقیه,6,6,,09157036928,09157982208,,آبکوه,آبکوه15 ایرج5,خانم حسینی,class_seeker,normal,import,نیمه1402: 1; غدیر1403: 7; نیمه1403: 1; غدیر1404: 1; غدیر1405: 4,خواهان کلاس,media_1790604467212.csv
سید صالح,حسینی مدرس,5,5,,09155005431,09155182248,36099860,وکیل آباد راست,وکیل آباد 7 .میرزا کوچک خان 11. پلاک 54. طبقه 4,خانم رافتی,unknown,normal,import,,,media_1790604467093.csv
پوریا,حسینی مقدم,5,5,,09353041917,09385662823,,ابوطالب,حرعاملی59 صدیقی3 پ8,,unknown,normal,import,,,media_1790604467212.csv
سید محمد,حسینی میلانی,3,3,09151019748,09155582298,09205130433,,امام رضا,امام رضا 28,سیدعباس حسینی میلانی,unknown,normal,import,غدیر1403: 7; نیمه1403: 2; غدیر1404: 1; غدیر1405: 6,,media_1790604467212.csv
سید محمدامین,حسینی نیک,4,4,,09370402092,09331175905,,حومه,,,unknown,normal,import,,,media_1790604467212.csv
سید حامد,حسینی یزدی,2,2,,09151582514,09391465571,37244187,آبکوه,قاضی طباطبایی1 _پلاک46,امیر حسین واحدی,unknown,normal,import,,,"media_1790604467093.csv, media_1790604467135.csv"
محمد,حسینیان,5,5,,,09155599362,,سجاد,فلسطین11,جشن هفت تیر21,unknown,normal,import,نیمه1402: 1; غدیر1404: 2,,media_1790604467212.csv
پرهام,حسینیان,6,6,,09155982179,09357225901,,وکیل آباد راست,آموزگار60 پ35,,unknown,normal,import,نیمه1402: 3; غدیر1403: 1; نیمه1403: 3; غدیر1404: 1,,media_1790604467212.csv
امیرعلی,حسینیان بنای یزدی,5,5,,09359629440,09159001564,,وکیل آباد راست,سیدرضی10,محمدصادق میری,class_seeker,normal,import,نیمه1403: 4; غدیر1404: 2; غدیر1405: 3,خواهان کلاس,media_1790604467212.csv
حسین,حشمتی,6,6,,09154424028,,,ابوطالب,هنرور,,unknown,normal,import,نیمه1403: 5,,media_1790604467212.csv
امیرعلی,حصاری,4,4,,,,37131975,آبکوه,مجد28 پ28,,unknown,normal,import,,,media_1790604467212.csv
علی,حقانی منتظری,4,4,,09355644545,09151021429,38664620,وکیل آباد چپ دور,صیاد شیرازی 2 سرو 6 پلاک 74 واحد 2,خانم نگین عدالتیان,unknown,normal,import,,,"media_1790604467093.csv, media_1790604467135.csv"
امیر محمد,حقایقی,6,6,,09156475722,09364112470,37663423,سجاد,فلسطین 24 پلاک21 واحد5,خانم دانشور,unknown,normal,import,,,"media_1790604467093.csv, media_1790604467135.csv"
محمدطاها,حقایقی,6,6,09054790896,09365309945,09054790896,,سجاد,فلسطین 24 پلاک 21,امیرعلی حقایقی / جشن قانع منش (حیدری),class_seeker,normal,import,نیمه1402: 3; غدیر1403: 4,خواهان کلاس,media_1790604467212.csv
پرهام,حقایقی فر,6,6,,,09385193065,,ابوطالب,ابوطالب صفدری نژاد11,,unknown,normal,import,,,media_1790604467212.csv
رضا,حقوقی,3,3,,09151204261,09157008894,37126472,ابوطالب,موسوی قوچانی 17 کوچه شهید نوایی 11 پ15 ط2,,unknown,normal,import,,ابراهیم پور,"media_1790604467093.csv, media_1790604467135.csv"
یوسف,حقیر السادات,6,6,,09150737202,09391151047,,ابوطالب,,زینب کاتب (مادر),unknown,normal,import,,,media_1790604467212.csv
محمدحسین,حلیمی,4,4,,09361773492,09388351196,33651402,ابوطالب,عبادی18 حسین باشی9 کرامتی2 پ46,علی خوشباف,unknown,normal,import,نیمه1402: 5; غدیر1403: 2; نیمه1403: 2; غدیر1404: 2; غدیر1405: 2,,media_1790604467212.csv
علی,حمیدی,3,3,,09155060969,09385060969,32218831,ابوطالب,خیابن عبادی ، عبادی 29 کوچه هفتم ، پلاک 13/71 زنگ سوم,سیده زهره نجات حسینی,unknown,normal,import,نیمه1402: 1; غدیر1403: 6; نیمه1403: 6; غدیر1404: 1,,media_1790604467212.csv
محمدعلی,حمیدی,5,5,,09915493204,09905495091,38536471,امام رضا,17شهریور7 توسلی 20 پلاک 62 طبقه سوم,مقیمیان,unknown,normal,import,نیمه1403: 6,,media_1790604467212.csv
محمد جواد,حمیدی نژاد,4,4,,09156493805,,,ابوطالب,,,unknown,normal,import,,,media_1790604467212.csv
صادق,حنایی,4,4,,09155047492,09159163638,38528836,امام رضا,امام رضا 61 حمیدیه 16 پلاک 66 زنگ 2,فرید رییسی,unknown,normal,import,غدیر1405: 1,,media_1790604467212.csv
محمد حسین,حنایی,4,4,,09012527332,09363625094,,آبکوه,,فضای مجازی,unknown,normal,import,,,media_1790604467212.csv
محمدحسن,حنایی,4,4,,09128502900,09157040514,38112560,امام رضا,امام خمینی 86 پلاک 34 زنگ 2,امیرعلی حنایی,unknown,normal,import,نیمه1402: 1,,media_1790604467212.csv
محمدحسین,حنایی,5,5,,09128502900,09157040514,38112560,امام رضا,امام خمینی 86 پلاک 34 زنگ 2,امیرعلی حنایی,unknown,normal,import,نیمه1402: 1,,media_1790604467212.csv
محمدحسین,حیاتی,3,3,,09159157995,09381584742,,ابوطالب,عبدالمطلب 14 کریمی5 چهارراه دوم دست چپ پ30,,class_seeker,normal,import,,خواهان کلاس | حضوری,"media_1790604467093.csv, media_1790604467135.csv"
امیر پارسا,حیدری,2,2,,09155509503,09376533226,32236626,ابوطالب,عبادی 33 روبروی خزایی 14 پلاک 59,خانم مشهدی / صادق غفوریان,unknown,normal,import,,,"media_1790604467093.csv, media_1790604467135.csv"
امیرعلی,حیدری,5,5,,09353851289,09030327423,37326365,ابوطالب,عبادی75 -بعداز چهارراه سوم - پلاک 228,خانم ستایش,unknown,normal,import,,,"media_1790604467093.csv, media_1790604467135.csv"
حامد,حیدری,3,3,,09159965092,09155024566,37234579,وکیل آباد چپ,فکوری5 شهرستانی3,خانم چرمچی,unknown,normal,import,غدیر1404: 2,,media_1790604467212.csv
سبحان,حیدری,3,3,,09020072719,,,,,,unknown,normal,import,,,media_1790604467212.csv
سید مهدیار,حیدری,4,4,09158033667,09152002133,09158033667,,ابوطالب,عبدالمطلب12 پلاک29,سعیدیان,unknown,normal,import,,,"media_1790604467093.csv, media_1790604467135.csv"
صالح,حیدری,6,6,,09157657499,09155166021,,امام رضا,نواب صفوی3,,unknown,normal,import,,,media_1790604467212.csv
محمدحسین,حیدری,4,4,,09159217445,09159217445,,حومه,توس33,,unknown,normal,import,نیمه1403: 6; غدیر1404: 1,,media_1790604467212.csv
محمدحسین,حیدری,4,4,,09367474520,09372932271,36073288,وکیل آباد راست,معلم 1.1,کانال مذهبی مشهد,unknown,normal,import,,,media_1790604467212.csv
مهدیار,حیدری,1,1,,09156790783,,36071713,وکیل آباد راست نزدیک,معلم 19 چهارراه دوم سمت چپ پ167(یا 168) ط1,,unknown,normal,import,,,"media_1790604467093.csv, media_1790604467135.csv"
مهدیار,حیدری,5,5,,09153032260,09151069602,38647592,وکیل آباد چپ دور,فکوری 5 . شهرستانی 3 . پ 16 . واحد 3,تقدمی,unknown,normal,import,,,"media_1790604467093.csv, media_1790604467135.csv"
محمداحسان,حیدری ساعی,6,6,,09337393810,09390249363,,امام رضا,,ماد رسمیه ضیایی,unknown,normal,import,,,media_1790604467212.csv
سید محمد,خاتمی,6,6,,09353592790,09154211131,37335855,ابوطالب,مطهری شمالی 17,حورا نصیرالدینی,unknown,normal,import,نیمه1402: 3; نیمه1403: 1; غدیر1404: 3; غدیر1405: 4,,media_1790604467212.csv
سید محمدعلی,خاتمی,3,3,,09156964091,09352468912,38789701,رضاشهر,رضاشهر خاقانی 19 پلاک209 زنگ دوم,ریحانه اسدی,unknown,normal,import,,,"media_1790604467093.csv, media_1790604467135.csv"
علی,خاتمی طوسی,2,2,,09153137155,09151220204,37684254,سجاد,بلوار سجاد، بهارستان 18 پلاک132 طبقه دوم,از اشنایان,unknown,normal,import,,,"media_1790604467093.csv, media_1790604467135.csv, media_1790604467212.csv"
سید محمدعلی,خادم,6,6,,09155182337,09159159357,37284184,احمدآباد,میدان تختی صاحب الزمان8.پلاک130,خانم اسلامی,unknown,normal,import,غدیر1403: 4; غدیر1404: 2,,"media_1790604467093.csv, media_1790604467212.csv"
طاها,خادم,3,3,,09156001681,,,احمدآباد,ابوذر,,unknown,normal,import,,,media_1790604467212.csv
مرتضی,خادم,3,3,,09155225630,,37290945,آبکوه,خ,,unknown,normal,import,,,media_1790604467093.csv
کاوه,خادم,4,4,,09019791966,09154774514,دوقلو,رضاشهر,پیروزی12,حوریه غیور,unknown,normal,import,نیمه1403: 2,,media_1790604467212.csv
ابوالفضل,خادم حسینی,4,4,,09151250879,09155041388,,رضاشهر,صارمی36,جشن هفت تیر21,unknown,normal,import,نیمه1402: 1; غدیر1403: 6; نیمه1403: 1; غدیر1404: 1; غدیر1405: 2,,media_1790604467212.csv
حسین,خادم حسینی,5,5,,09151180635,09906041861,,ابوطالب,میدان توحید,اقای مقدسان,unknown,normal,import,غدیر1405: 3,,media_1790604467212.csv
محمدطاها,خادم حسینی,4,4,,09153214169,09153096670,38780361,رضاشهر,بلوار شهید کلانتری نبش کلانتری 6پلاک 48زنگ اول,خانم فکور,unknown,normal,import,نیمه1402: 1; نیمه1403: 1; غدیر1404: 1; غدیر1405: 2,,media_1790604467212.csv
مصطفی,خادم حسینی,5,5,,09156997192,09105637344,,ابوطالب,انتهای ابوطالب,مهمون اقا مجتبی,unknown,normal,import,غدیر1404: 4; غدیر1405: 3,,media_1790604467212.csv
امیرعلی,خادمان,3,3,,09151016725,09158986498,37290335,آبکوه,آبکوه 7.دانشسرای شمالی 13.پلاک 160,سرکار خانم بام حرم,unknown,normal,import,,,media_1790604467093.csv
حسین,خادمان الحسینی,2,2,,09153596689,09153231990,322939005,امام رضا,خیابان هاشمی نژاد 3کوچه حسین درخشانی پلاک 25,خانم قریشی / خانم یاسمین خراسانی,unknown,normal,import,نیمه1402: 4; نیمه1403: 4,,media_1790604467212.csv
علی,خالصی پور,3,3,,09387356859,09153050657,,وکیل آباد راست,جلال آل احمد,جشن غدیر هفت تیر 21,unknown,normal,import,غدیر1403: 2; نیمه1403: 1,,media_1790604467212.csv
مهدی,خالق پور,5,5,,09153102538,09334234435,,احمدآباد,حکیم نظامی,شیخ الاسلامی,unknown,normal,import,غدیر1405: 6,,media_1790604467212.csv
امیرمحمد,خالقی,4,4,,09153184206,09372925266,,امام رضا,,اسلامی,unknown,normal,import,,,media_1790604467212.csv
یاسین,خاموشی,5,5,,09369739827,09150046691,33868291,امام رضا,کوشش48پلاک57زنگ3,,unknown,normal,import,غدیر1403: 2; نیمه1403: 2; غدیر1404: 2,,media_1790604467212.csv
معین,خانزاده,3,3,09154356438,09333827250,09150054484,,وکیل آباد چپ,هاشمیه62 فراز3,در محمدی,unknown,normal,import,غدیر1403: 2; نیمه1403: 2; غدیر1405: 4,,media_1790604467212.csv
ایلیا,خانی,2,2,,09155180919,09153087282,38932246,وکیل آباد راست نزدیک,دانش آموز8 پ13 زنگ1,,unknown,normal,import,,احسان مبرا | کلاس نمیاد,"media_1790604467093.csv, media_1790604467135.csv"
سبحان,خانی,5,5,,09154126241,09155126241,,حومه,طبرسی,امیر حسینی,unknown,normal,import,غدیر1405: 6,,media_1790604467212.csv
محمدعرفان,خانی خلیل اباد,6,6,,09150060650,09152283851,37654482,سجاد,فلسطین 30 بلوار دستغیب دستغیب 10 پلاک 17,خ امیدنژاد,unknown,normal,import,,,media_1790604467212.csv
علی رضا,خاور,3,3,,09373685914,09159155311,32213709,ابوطالب,حاشیه خیابان عبادی بین عبادی11و13کنار قنادی یاس پلاک 235زنگ3,خانم اسفندیاری,unknown,normal,import,,,"media_1790604467093.csv, media_1790604467135.csv"
ابوالفضل,خاوری,4,4,,09018580161,,نداریم,ابوطالب,اوایل مطهری شمالی,حکیم زاده,unknown,normal,import,,,"media_1790604467093.csv, media_1790604467135.csv"
امیر طاها,خاوری,4,4,,09153185391,09156589919,37124992,ابوطالب,ابکوه5 _تربیت 15,مدرسه,unknown,normal,import,,,"media_1790604467093.csv, media_1790604467135.csv"
علی اصغر,خاوری,4,4,,09910120766,09364588898,,امام رضا,امام رضا 39,سجاد خطیبی,unknown,normal,import,غدیر1404: 1; غدیر1405: 1; نیمه1403: 6,,media_1790604467212.csv
علی,خاوری خراسانی,4,4,,09155165337,,33432014,امام رضا,خیابان فداییان اسلام 18 هدایت 3پلاک 25,,unknown,normal,import,,,"media_1790604467093.csv, media_1790604467135.csv"
محمدطاها,خاکساران,3,3,,09154248694,09154248695,,احمدآباد,بابک,,unknown,normal,import,نیمه1403: 5,,media_1790604467212.csv
سیدمحمدمهدی,خاکشور,6,6,,09154504902,09353784068,,کوهسنگی,,,unknown,normal,import,,,media_1790604467212.csv
مهدیار,خاکشور,4,4,,09384702431,09961950040,,امام رضا,,,unknown,normal,import,,,media_1790604467212.csv
مهدی,خاکپور,6,6,,09033915992,09023589518,,امام رضا,,خاکپور,unknown,normal,import,,,media_1790604467212.csv
محمدرضا,خباز,2,2,,09356106785,09155204016,,سجاد,فلسطین,امیرمحمد یاوری,unknown,normal,import,غدیر1405: 1,,media_1790604467212.csv
سید محمدصالح,خباز حسینی,5,5,,09153033529,09354030876,38666051,وکیل آباد راست دور,وکیل اباد59پلاک12,خانم رضایی,unknown,normal,import,,,"media_1790604467093.csv, media_1790604467135.csv, media_1790604467212.csv"
محمد مهدی,خباز مافی نژاد,3,3,,09155227565,09154057565,37294365,آبکوه,مجد6 پلاک 107,گروه واتساپ,unknown,normal,import,,,"media_1790604467093.csv, media_1790604467135.csv"
معین,خبازی,6,6,,09151036080,09021559882,37294197,ابوطالب,مطهری66 صدری نژاد8 پ3 واحد6,,unknown,normal,import,,,media_1790604467212.csv
امیرحسین,خبازیان,6,6,,09151053023,09354773032,37344532,ابوطالب,بلوار هدایت بین هدابت 5 و 7 پلاک 10,خانم نرگس آذرباد / خانم امیدنژاد,unknown,normal,import,نیمه1402: 3; نیمه1403: 3,,media_1790604467212.csv
امیرعلی,خبیری,3,3,,09151190705,09156255023,36045316,وکیل آباد راست,امامت 74 . سه راه اول سمت چپ پلاک 22 واحد 3,زینب حکم آبادی,unknown,normal,import,نیمه1403: 5; غدیر1404: 1; غدیر1405: 4,,media_1790604467212.csv
محمد صدرا,ختایی یزدی,4,4,,09157043903,09028570308,5138437602,کوهسنگی,خ کوهسنگی خ رودکی22 کوچه ی آخر سمت راست پلاک 193,باغبانی,unknown,normal,import,نیمه1402: 1,,media_1790604467212.csv
امیرحسین,خجسته,6,6,,09157737795,09157737795,,حومه,,خجسته,unknown,normal,import,,,media_1790604467212.csv
محمدسبحان,خجسته کاشانی,5,5,,09158953628,09353387667,37242495,آبکوه,بلوار مجد.مجد27.بعد از چهارراه اول.پلاک11.واحد3,عرفان خجسته کاشانی,unknown,normal,import,نیمه1402: 1; نیمه1403: 5; غدیر1404: 1,,media_1790604467212.csv
امیرمحمد,خدابخشی,5,5,,09156294193,09153589517,,امام رضا,,حدادیان,unknown,normal,import,,,media_1790604467212.csv
محمد مهدی,خدادادی,4,4,,09157434980,,,,,,unknown,normal,import,,,media_1790604467212.csv
محمدامین,خدادادی,4,4,,,09158573214,37513687,ابوطالب,موسوی قوچانی28 پ169,,unknown,normal,import,نیمه1403: 2; غدیر1404: 2; غدیر1405: 6,,media_1790604467212.csv
محمدحسین,خدادادی,3,3,,09155741501,09153591425,37283739,ابوطالب,کریمی15 پ159 (9155741901),,unknown,normal,import,,,media_1790604467212.csv
محمدرضا,خدادادی,6,6,,09153596939,,,کوهسنگی,جهان آرا,,unknown,normal,import,,,media_1790604467212.csv
محمدمهدی,خدادادی,3,3,,09153284480,09154734980,,ابوطالب,هنرور3 پ126 واحد3,,unknown,normal,import,غدیر1403: 6; غدیر1404: 1,,media_1790604467212.csv
محمد شایان,خدادادیان,4,4,,09383692979,09399301683,37237394,ابوطالب,ابوطالب,,unknown,normal,import,,,"media_1790604467093.csv, media_1790604467135.csv"
مهزیار,خداشاهی,6,6,,09159081330,09159068987,5136200172,وکیل آباد راست,بلوار وکیل آباد.مدرس 7.پلاک 65.طبقه سوم,,unknown,normal,import,,,"media_1790604467093.csv, media_1790604467135.csv, media_1790604467212.csv"
اشکان,خراسانی,6,6,09902410594,09153117203,09153004757,38715130,رضاشهر,شهرک طالقانی بهارستان 14پلاک60,خانم عبداللهی,unknown,normal,import,غدیر1405: 3; نیمه1402: 3; غدیر1403: 7; نیمه1403: 2,,media_1790604467212.csv
سید ابوالفضل,خراسانی,3,3,,09153218575,09153349711,38672495,وکیل آباد چپ,دانش آموز15,خانم کمالی / کاظم اکبری / سجاد گوهرشادی,class_seeker,normal,import,نیمه1403: 6; غدیر1404: 1,خواهان کلاس,media_1790604467212.csv
ابوالفضل,خراسانی زاده,5,5,,09156488477,09393046665,,وکیل آباد راست,دانشجو9,عرفانیان,unknown,normal,import,غدیر1403: 6; غدیر1404: 2; غدیر1405: 3,,media_1790604467212.csv
امیر یزدان,خردمند,5,5,,09153121099,09055800683,3276765655,ابوطالب,موسوی قوچانی مجتمع اسکان بلوک)پیچک طبقه چهارم واحد 12,فائزه امامی / دو قلو,class_seeker,normal,import,غدیر1404: 2; غدیر1405: 3,خواهان کلاس,media_1790604467212.csv
سید علی,خرم پژوه,6,6,,09025651371,09151083282,,قاسم آباد الهیه,,طباطبایی,unknown,normal,import,,,media_1790604467212.csv
محمد مهدی,خرمک,4,4,,09372499834,09373080768,37235672,ابوطالب,عبادی34-پلاک16-واحد5,خانم رافتی,unknown,normal,import,,,media_1790604467093.csv
ارسلان,خزائی,6,6,,09301219479,09037939619,38686378,وکیل آباد چپ,صیاد65صابر3پ71,سرکارخانم راجی,unknown,normal,import,غدیر1403: 4,,media_1790604467212.csv
حسین,خزاعی,3,3,,09156841865,09374090798,,حومه,رسالت,,unknown,normal,import,غدیر1405: 5,,media_1790604467212.csv
سجاد,خزاعی,6,6,09336651656,09151105130,09336651656,,سجاد,فلسطین 10 پلاک 11 آل طه,مادر,unknown,normal,import,,,media_1790604467212.csv
کیان,خزایی,5,5,09356995621,09153035693,09158951955,,رضاشهر,+989023035693,محمد طاها خزایی,unknown,normal,import,,,media_1790604467212.csv
پارسا,خزعلی,3,3,,09120187073,,37293001,آبکوه,مجد24،پلاک12،طبقه دوم,,unknown,normal,import,,,"media_1790604467093.csv, media_1790604467135.csv"
محمدمهدی,خسروجردی,6,6,,09155599867,,37239553,وکیل آباد چپ,میدان هفت تیر موسسه حضرت خدیجه,,unknown,normal,import,,,media_1790604467212.csv
آرسین,خسروی,6,6,,09906151529,09030349391,37262381,آبکوه,قاضی طباطبایی 10 مجتمع فیروزه فاز 5 ورودی 2 ساختمان نرگس طبقه 8 واحد 35,یکی از اولیا,unknown,normal,import,,,media_1790604467212.csv
ابوالفضل,خسروی,5,5,,09151159925,09335336137,36043844,وکیل آباد راست,بولوار امامت_امامت 6_پلاک56_طبقه 4_منزل خسروی,سید نرجس هاشم نیا,unknown,normal,import,,,media_1790604467093.csv
محمدحسین,خسروی تبار,6,6,,09151312667,09152302484,,احمدآباد,,بهزاد / آقای ظریف / سلمان امینی,unknown,normal,import,,,media_1790604467212.csv
امیر عباس,خشنودی,4,4,,,,,احمدآباد,,,unknown,normal,import,,,media_1790604467212.csv
محمد طاها,خطیب بیلندی,2,2,,09156216920,09156216919,38640622,وکیل آباد چپ دور,هفت تیر 12 پلاک 21,احسان پورعطا,unknown,normal,import,,,"media_1790604467093.csv, media_1790604467135.csv"
محمدصادق,خطیبی,2,2,,09155238538,09158978589,37607182,سجاد,بلوار سازمان آب شهید صادقی 12 توفیق 13 پلاک 73 واحد 4,فضای مجازی,unknown,normal,import,,,"media_1790604467093.csv, media_1790604467135.csv"
محسن,خلیل زاده,5,5,,09151119003,09155255539,38793856,رضاشهر,رضاشهر،بلوار رضوی،بین رضوی 2 و دعبل،پلاک 12،ساختمان سعید ،واحد 5,راحله پاک سیما,unknown,normal,import,نیمه1402: 1,,media_1790604467212.csv
محمدمعین,خلیلی,,7,,09151061890,09158912040,36031154,وکیل آباد راست نزدیک,سیدرضی 63 ، شهید قاسمی 70 ، پلاک 272,محمدسجاد نباتی,unknown,normal,import,,,"media_1790604467093.csv, media_1790604467135.csv"
سامیار,خندان ایزدی,4,4,,09359815392,09021074777,38421760,رضاشهر,بلوار دلاوران بلوار رهایی 5.2 پلاک 41,وجیهه خندان ایزدی,unknown,normal,import,نیمه1402: 1; غدیر1403: 4; نیمه1403: 1; غدیر1404: 1; غدیر1405: 1,,"media_1790604467093.csv, media_1790604467212.csv"
فرنام,خندانی,3,3,,09182727833,,33865425,امام رضا,سیدی بلوار صبا صبا 10,نفیسه زوار,unknown,normal,import,,,"media_1790604467093.csv, media_1790604467135.csv"
محمد عرفان,خنده می,6,6,,09156016003,09333265104,32215199,ابوطالب,عبادی37امیر 7پلاک 79,,unknown,normal,import,غدیر1404: 1,,media_1790604467212.csv
علی اکبر,خواجوی,6,6,,09153580056,09157623038,37620626,آبکوه,ارشاد8 نبش مهندس2,,class_seeker,normal,import,نیمه1402: 3; غدیر1403: 4; نیمه1403: 3,خواهان کلاس,media_1790604467212.csv
محمدحسین,خواجوی,6,6,,09159750981,09154750981,36031012,وکیل آباد راست نزدیک,جلال 70شیدایی 23پلاک271زنگ دوم,مدرس,unknown,normal,import,,,"media_1790604467093.csv, media_1790604467135.csv"
محمدمهدی,خورسندی,4,4,,09153214110,09152298894,36589860,سجاد,"بلواردستغیب، دستغیب35، بیستون 8اولین منزل سمت چپ پلاک2/1, به طرف درب آلمینیومی پلاک1 زنگ واحد 3، علی",علیرضا حاتمی,unknown,normal,import,,,"media_1790604467093.csv, media_1790604467212.csv"
عرشیا,خورسندی قناد,5,5,,,09030434872,,وکیل آباد راست,,لیلا ابوطالبی,unknown,normal,import,,,media_1790604467212.csv
امیررضا,خورشیدی,2,2,09030774660,09030774659,09157201025,,ابوطالب,کریمی 10پلاک 168زنگ 1,,unknown,normal,import,,,"media_1790604467093.csv, media_1790604467135.csv"
رادان,خوش خلق,4,4,09152080440,09357606261,09152080440,,,,امیرعلی اصغریان,unknown,normal,import,,,media_1790604467212.csv
محمدمتین,خوش سیما,5,5,,09152469449,09156536285,5137282965,ابوطالب,مطهری شمالی چهارنبش چهارراه دوم پلاک 213,,unknown,normal,import,,,media_1790604467212.csv
بنیامین,خوش نیت,4,4,,09153073673,09158958799,37250654,ابوطالب,عبدالمطلب 30آرام خائری 20 جنب بوستان جواهری پلاک 41 واحد 6,نجمه جمال آبادی,unknown,normal,import,غدیر1403: 6; نیمه1403: 2; نیمه1402: 1,,media_1790604467212.csv
صدرا,خوش نیت,4,4,,09151584838,09151170511,38469790,کوهسنگی,کوهسنگی 16پلاک 9واحد اول,خانم عرفانیان,unknown,normal,import,,,"media_1790604467093.csv, media_1790604467135.csv"
امیرمهدی,خوش همدم,2,2,,09155140362,09151021477,38482562,آبکوه,سناباد26بنفشه5پلاک55واحد4,زهرا شهریاری,unknown,normal,import,,,"media_1790604467093.csv, media_1790604467135.csv"
محمد کیان,خوش همدم,6,6,,09127477880,09156114552,,وکیل آباد راست,,خانم گودرزی,unknown,normal,import,,,media_1790604467212.csv
حسین,خوشحال,6,6,,09151028154,,,آبکوه,,,unknown,normal,import,,,media_1790604467212.csv
رادمهر,خوشخو,4,4,,09155757490,09155757390,,احمدآباد,دانشگاه 14,محمد صالح تفکری / امیرمهدی یگانه,unknown,normal,import,غدیر1405: 1,,media_1790604467212.csv
مهدی یار,خوشنویس,2,2,,09156007645,09156007645,5138235159,وکیل آباد چپ نزدیک,سرافرازان 13 راضی 2,سیدمعین افقهی زاده,unknown,normal,import,,,"media_1790604467093.csv, media_1790604467135.csv"
محمد,خیاط,6,6,,09155031800,09157993314,37135893,ابوطالب,قرنی14 تربیت18 پ270,امیرعلی طوسی / 9019727971 / 9336727821,unknown,normal,import,,,media_1790604467212.csv
علی اصغر,خیاط ترک,6,6,,09153000279,09153900279,38513581,امام رضا,میدان ضد جمهوری 7 کافی 3پلاک 54,,unknown,normal,import,,,media_1790604467212.csv
ارسلان,خیرابادی,2,2,,09156846200,09156846200,33419445,امام رضا,امام رضا 46 چهارراه آخر پلاک 112,یکی ازاقوام,unknown,normal,import,,,"media_1790604467093.csv, media_1790604467135.csv"
طاها,خیرخواه مزینانی,3,3,,09354303051,09158249946,,امام رضا,چمن31,اقای هدایتی,unknown,normal,import,غدیر1405: 6,,media_1790604467212.csv
محمدمهدی,خیری نژاد,5,5,09157232956,09157082956,09151232956,,ابوطالب,خیام شمالی63 لعل4 پ14,امیرحسین چمنی,class_seeker,normal,import,,خواهان کلاس,media_1790604467212.csv
حیدر,داستانی,5,5,,09352220419,09941159464,32292218,ابوطالب,کاشانی 55,گروه,unknown,normal,import,,,media_1790604467212.csv
سید امیرمحمد,داماد غرویان,4,4,,09154050165,09158123158,,آبکوه,آبکوه15,,unknown,normal,import,,,media_1790604467212.csv
سید محمدیاسین,داماد غرویان,1,1,,09152062606,09152062606,,قاسم آباد الهیه,,جناب مهندس پاشایی,unknown,normal,import,,,media_1790604467212.csv
مجتبی,دانتاب,5,5,,09215272294,09216291602,,حومه,سیدی بازار اطلس,,unknown,normal,import,غدیر1404: 2,,media_1790604467212.csv
امیرحسین,دانشمند,6,6,,09151007237,,37121388,ابوطالب,ابوطالب1 پ525,,unknown,normal,import,,,media_1790604467212.csv
محمدحسین,دانشمند,5,5,,09153093960,09155008489,38788436,رضاشهر,پیروزی4رودکی15پلاک 72بالاترین زنگ,پسرعمو دانیال دانشمند,unknown,normal,import,نیمه1402: 1; غدیر1403: 6; نیمه1403: 1; غدیر1404: 2; غدیر1405: 6,,media_1790604467212.csv
رادوین,داودی,6,6,,09352701641,09352701640,32210199,ابوطالب,کامیاب 46 پلاک 36,اقایی / دوقلو,class_seeker,normal,import,نیمه1403: 1; غدیر1404: 3; غدیر1405: 2,خواهان کلاس,media_1790604467212.csv
علی اکبر,داودی,5,5,,09373155422,09380033713,,ابوطالب,عبدالمطلب,محمد داودی,unknown,normal,import,غدیر1405: 3,,media_1790604467212.csv
محمد حسام,داوری,5,5,,09153050054,09351852434,37122967,ابوطالب,قرنی 27,دوست,unknown,normal,import,,,"media_1790604467093.csv, media_1790604467135.csv"
محمد مهدی,داوری,6,6,,09155599867,,37239553,وکیل آباد چپ,میدان هفت تیر موسسه حضرت خدیجه,,unknown,normal,import,,,media_1790604467212.csv
حسن,داوری منش,5,5,,09391286070,09158003881,,ابوطالب,,خانم مسعودی,unknown,normal,import,غدیر1404: 2,,media_1790604467212.csv
امیرعطا,داوودی,6,6,,09155070627,,,احمدآباد,ابوذر غفاری,جشن غدیر هفت تیر 21,unknown,normal,import,غدیر1403: 4,,media_1790604467212.csv
اشکان,دایی,6,6,,09153033321,09153033321,,سجاد,,سالمیان,unknown,normal,import,,,media_1790604467212.csv
حسین,دبیر,3,3,,09155102403,09155051976,38439180,احمدآباد,بعثت 10 ناصرخسرو 17 پلاک 55/1,اقای درمحمدی,unknown,normal,import,,,"media_1790604467093.csv, media_1790604467135.csv"
امیرعباس,دبیری,6,6,,09128514197,09902514197,,قاسم آباد الهیه,,مادران,unknown,normal,import,,,media_1790604467212.csv
سپنتا,دبیری,2,2,,09155826438,09155826438,,ابوطالب,چهارراه ابوطالب,همسایه,unknown,normal,import,غدیر1405: 6,,media_1790604467212.csv
ریخانه,دخت مودب,2,2,09140717917,09140717917,09383124295,,ابوطالب,میدان امام حسین ایثارگران 25/6 پلاک 18,مدرسه,unknown,normal,import,,,media_1790604467093.csv
محمد مجتبی,درانی,2,2,09154783459,09150075157,09154783459,,ابوطالب,میدان شهدا خیابان هاشمی نژاد,,unknown,normal,import,,,"media_1790604467093.csv, media_1790604467135.csv"
محمدمهدی,درمحمدی,3,3,,09153017344,09153214640,38697121,وکیل آباد چپ دور,هفت تیر 20 پلاک 21,خانوم پورشهسوار,unknown,normal,import,نیمه1403: 5; غدیر1405: 4,,"media_1790604467093.csv, media_1790604467135.csv, media_1790604467212.csv"
امیرحسام,درودی,6,6,,09151111288,09352222381,37604612,فرامرز,جانباز ساجدی ساجدی 3 فخر 12جنب پلاک 101,مادر,unknown,normal,import,,,"media_1790604467093.csv, media_1790604467135.csv"
حسن,درودی,3,3,,09159163026,09158809737,,ابوطالب,ابوطالب,,unknown,normal,import,غدیر1405: 4,,media_1790604467212.csv
مهدیار,درودی,6,6,,09158276634,09154006413,,امام رضا,,آقای غلامی,unknown,normal,import,,,media_1790604467212.csv
ارمیا,درویشی,3,3,,09157618209,09154406118,,ابوطالب,بلوار شفا,,unknown,normal,import,غدیر1404: 1; غدیر1405: 4,,media_1790604467212.csv
امیرحسین,درّی مشهدی,2,2,,09128502900,09157040514,,امام رضا,"امام خمینی 86 , پلاک 34 , زنگ 2",,unknown,normal,import,,پسر عمو امیرعلی حنایی | ماموریت ویژه2,"media_1790604467093.csv, media_1790604467135.csv"
علی,درّی مشهدی,4,4,,09128502900,09157040514,38112560,امام رضا,امام خمینی 86 پلاک 34 زنگ 2,امیرعلی حنایی,unknown,normal,import,نیمه1402: 1,,media_1790604467212.csv
علی,درگاهیان,2,2,,09151019602,09158048710,37290162,آبکوه,آبکوه 13 ، پلاک 83,چمنی,unknown,normal,import,,,"media_1790604467093.csv, media_1790604467135.csv"
علی,دری,4,4,,,09157040514,,امام رضا,امام خمینی72,دوست صادق حنایی,unknown,normal,import,غدیر1405: 1,,media_1790604467212.csv
مهدی,دری,2,2,,,09157040514,,امام رضا,امام خمینی72,دوست صادق حنایی,unknown,normal,import,غدیر1405: 1,,media_1790604467212.csv
حسین,دست پروری,6,6,,09153213228,09151239861,,آبکوه,دانشگاه 1 پلاک14,,unknown,normal,import,نیمه1403: 4,,media_1790604467212.csv
سلمان,دستمالچی,4,4,,09123151289,09153022123,,سجاد,سجاد,,unknown,normal,import,,,media_1790604467212.csv
آرمین,دشتبان,4,4,,09152636623,09152940111,,قاسم آباد الهیه,مجیدیه,دوست علیرضا علیشاهی,unknown,normal,import,غدیر1405: 3,,media_1790604467212.csv
امیرحسین,دشتی,4,4,,09151593645,,,آبکوه,شهید صادقی 21,جشن غدیر هفت تیر 21,unknown,normal,import,غدیر1403: 1,,media_1790604467212.csv
سلمان,دشتیان,6,6,,09016300343,09150873397,,احمدآباد,کفایی20 پلاک 172 واحد3,خانم تقی زادگان,unknown,normal,import,,,media_1790604467212.csv
امیرمحمد,دقاق پور,5,5,09387495004,09155183705,09151019800,,آبکوه,ارشاد6 گوهرشاد8,خانم مهدیه طباطبایی,unknown,normal,import,نیمه1402: 2,,media_1790604467212.csv
سجاد,دل ارام,6,6,,09153259136,09151044765,,وکیل آباد راست,,محمدذهبی,unknown,normal,import,,,media_1790604467212.csv
کیان,دلگیر,6,6,,09151156203,09153093340,,,,علیرضاخاور,unknown,normal,import,,,media_1790604467212.csv
سید حسین,دلیر,4,4,,09151207260,09155121837,,آبکوه,سناباد5,کلاس مهدویت,unknown,normal,import,غدیر1404: 1,,media_1790604467212.csv
محمدطاها,دلیری نسب,6,6,,09151190812,09156500812,37346995,ابوطالب,عبادی62/پلاک 57 واحد آخر,,unknown,normal,import,,,media_1790604467212.csv
محمد مهدی,دنیائی,6,6,,09155104873,09154216238,38595514,امام رضا,خیابان امام رضا چهارراه دانش به سمت,حسین دنیائی,unknown,normal,import,,,media_1790604467212.csv
کوروش,ده یادگاری,3,3,,09366408132,09153222243,,قاسم آباد الهیه,اندیشه,فاطمه زرقامی,unknown,normal,import,نیمه1403: 6; غدیر1405: 4,,media_1790604467212.csv
امیرمهدی,دهباشی,5,5,,09155053520,09151089624,38688437,آبکوه,کلاهدوز,,class_seeker,normal,import,نیمه1402: 1; غدیر1403: 2; نیمه1403: 1,خواهان کلاس,media_1790604467212.csv
سجاد,دهباشی,4,4,,09155032003,09370363001,38402767,ابوطالب,راه آهن,,unknown,normal,import,,,media_1790604467212.csv
امیر حسین,دهستانی,5,5,,09155029204,09153244542,,,,,unknown,normal,import,,,media_1790604467212.csv
امیرحافظ,دهقان,3,3,,09335470266,09308901772,,احمدآباد,ناصر خسرو21,,unknown,normal,import,غدیر1403: 6; نیمه1403: 4,,media_1790604467212.csv
رضا,دهقان,3,3,,09153214428,09155587589,37245645,آبکوه,کلاهدوز 31پلاک23زنگ چهار,از کانال,unknown,normal,import,نیمه1402: 1; غدیر1403: 6; نیمه1403: 1; غدیر1405: 4,,media_1790604467212.csv
سینا,دهقان,3,3,,09151597476,,,وکیل آباد چپ,صیاد شیرازی,جشن غدیر هفت تیر 21,unknown,normal,import,غدیر1403: 3,,media_1790604467212.csv
امیرحسام,دهقان بافقی,6,6,,09365746653,,,ابوطالب,یوسف,,unknown,normal,import,,,media_1790604467212.csv
امیرطاها,دهقانی,4,4,,09156605296,09159756791,36063738,وکیل آباد راست,جلال آل احمد54 شهیدقاسمی53 پلاک 182 زنگ اول,خانم تقدمی,unknown,normal,import,نیمه1402: 1; غدیر1403: 6; نیمه1403: 1,,media_1790604467212.csv
حامد,دهقانی,6,6,,09159796211,09151029724,,ابوطالب,ابوطالب21 حجت21 پ1,,unknown,normal,import,,,media_1790604467212.csv
محمدجواد,دهقانی,3,3,,09151055568,,36039341,وکیل آباد راست نزدیک,آزاد شهر،امامت39/1,مطهره هاشمی,unknown,normal,import,,,"media_1790604467093.csv, media_1790604467135.csv"
علی,دهقانی فیروزآبادی,4,4,,09155011076,09380243689,38415618,آبکوه,مجد 3 پلاک 163 زنگ,مریم باعدی / آقای تفکری,unknown,normal,import,نیمه1403: 1; غدیر1405: 1,,media_1790604467212.csv
محمد مانی,دهقانیان,6,6,,09159737301,09158979602,38849634,وکیل آباد چپ,صیاد شیرازی,آقای رسولی,unknown,normal,import,,,media_1790604467212.csv
عمادرضا,دهنوی,4,4,,09159217445,09159217445,,حومه,توس33,,unknown,normal,import,نیمه1403: 6,,media_1790604467212.csv
محمدحسین,دهنوی,3,3,,09354072862,,,ابوطالب,ابوطالب 15,,unknown,normal,import,,,media_1790604467212.csv
امیرحسین,دوست خواه,4,4,,09151157560,09151571436,38437500,احمدآباد,کوهسنگی 15 پلاک 6,خانوم وکیلیان,unknown,normal,import,نیمه1403: 2; غدیر1404: 1,,media_1790604467212.csv
امیرحسین,دوست زاده,4,4,,09151001134,09156208568,38641887,وکیل آباد چپ,صارمی54 رحیم زاده7,,unknown,normal,import,غدیر1404: 3; غدیر1405: 1,,media_1790604467212.csv
سیدرضا,دوستی نژاد,3,3,,09365364503,09366994485,33434318,امام رضا,امام رضا 64 چهار راه چهارم پلاک 132,خانم دباغ,unknown,normal,import,,,"media_1790604467093.csv, media_1790604467135.csv"
فرهان,دولتشاهی,5,5,,09153581828,09366800253,,سجاد,فلسطین12,,unknown,normal,import,نیمه1402: 1; غدیر1403: 1; نیمه1403: 2; غدیر1404: 1; غدیر1405: 2,,media_1790604467212.csv
محمد,دولتی,4,4,,09154083961,09153018479,38905589,وکیل آباد راست دور,چهارراه صدف ، جنب دبستان فرهاد122پ طبقه1واحد3,احتشام نیک,unknown,normal,import,,,"media_1790604467093.csv, media_1790604467135.csv"
ایمان,دیزبادی,4,4,,09386982584,,,ابوطالب,,معلم اسدی,unknown,normal,import,,,media_1790604467212.csv
محمد جواد,ذاکر,5,5,,09901442343,09901442311,,وکیل آباد راست,,صنعتی,unknown,normal,import,,,media_1790604467212.csv
علی,ذاکری,5,5,,09388442340,09155136791,37239553,وکیل آباد چپ,میدان هفت تیر موسسه حضرت خدیجه,خانم منظم,unknown,normal,import,,,media_1790604467212.csv
الیاس,ذاکری راد,6,6,,09387675784,09221051830,,حومه,طلاب/گاز/مجلسی/وحدت/امت/چمن/مصلی,دوستان,unknown,normal,import,,,media_1790604467212.csv
کیان,ذهانی,6,6,09300710595,09300710559,09300710595,,ابوطالب,مطهری شمالی 8 نبش حلیم فروشی اراسته طبقه چهارم,محمد مهدی شمس,unknown,normal,import,نیمه1402: 4,,media_1790604467212.csv
سامیار,ذهبی,5,5,09155021802,09157350509,09383298847,,وکیل آباد راست,دانشجو,نگار کمال فر,unknown,normal,import,,,media_1790604467212.csv
محمد,ذهبی,3,3,,09153075259,09155205042,38922247,وکیل آباد راست نزدیک,دانشجو27 ، پ 523 ، زنگ3,خانم نجمه تقدمی,unknown,normal,import,,,"media_1790604467093.csv, media_1790604467135.csv"
کیان,ذونعمت کرمانی,5,5,,09155055721,09154065721,,وکیل آباد چپ,اقبال3,خانم آشگران,unknown,normal,import,غدیر1404: 1; غدیر1405: 5,,media_1790604467212.csv
امیرعباس,ذکاوتی,4,4,,09151001266,09380700886,دوقلو,احمدآباد,قائم,,unknown,normal,import,غدیر1405: 2,,media_1790604467212.csv
امیرعلی,رئیسی مستشاری,5,5,,09151074525,09399325067,37269620,ابوطالب,عبادی 40 نیکنام 4 پلاک 5 زنگ 2 طبقه اول,فاطمه پرویزی,unknown,normal,import,نیمه1402: 1; غدیر1403: 2; نیمه1403: 1; غدیر1405: 3,,media_1790604467212.csv
مهدی,راجعی,6,6,,,09158075285,,ابوطالب,هدایت 22/3 پ4,,unknown,normal,import,,,media_1790604467212.csv
محمدمبین,رادان,4,4,,09105648710,09389622968,,امام رضا,,آقای یوسف مصری,unknown,normal,import,,,media_1790604467212.csv
محمدطاها,رادمرد,6,6,,09151110943,09156110943,,وکیل آباد راست,بین فرهنگ 9 و 11,خانم مقدوری,unknown,normal,import,غدیر1403: 6; نیمه1403: 3; غدیر1404: 3,,media_1790604467212.csv
روزبه,رادمهر,6,6,,09153216861,09153012287,38689989,وکیل آباد چپ,هفت تیر 16 پلاک واحد3,خانم رضایی,unknown,normal,import,غدیر1404: 3,,media_1790604467212.csv
امیرعلی,راستگو,6,6,,09157720064,09154203096,38829134,وکیل آباد چپ,هاشمیه 73 درب مشکی زنگ 5,حدیثه کمالی,unknown,normal,import,,,media_1790604467212.csv
سامیار,راسخی,4,4,,09153012045,09153012045,,فرامرز,فرامرز8,سعیدی,unknown,normal,import,غدیر1405: 6,,media_1790604467212.csv
آرمان,رافتی,5,5,,09151329328,09151338304,38465486,احمدآباد,ابوذر غفاری 9 پلاک 126 واحد یک,معلم اش: خانم اسدی / دوقلو,unknown,normal,import,نیمه1402: 1; غدیر1403: 1; نیمه1403: 2; غدیر1404: 1,,media_1790604467212.csv
سید علی اکبر,ربانی موسویان,4,4,,09154244785,09150823919,32235574,ابوطالب,میدان شهدا,محمد کوثر,unknown,normal,import,نیمه1402: 4; غدیر1403: 6; نیمه1403: 5,,media_1790604467212.csv
پارسا,رجائیان,1,1,,09153009164,,,,,,unknown,normal,import,,,"media_1790604467093.csv, media_1790604467135.csv"
علیرضا,رجایی,4,4,,09153140314,09155587284,37232428,آبکوه,کلاهدوز42 پ43,,unknown,normal,import,غدیر1403: 2; نیمه1403: 1; غدیر1404: 1; غدیر1405: 1,,media_1790604467212.csv
محمدحسین,رجب زاده,6,6,,09158966381,09356677035,,وکیل آباد چپ,لادن31,مهدی سینایی نژاد,unknown,normal,import,غدیر1403: 2,,media_1790604467212.csv
علیرضا,رجبی,4,4,,09158189386,09156972831,38663252,وکیل آباد چپ,هفت تیر 15 پلاک 19 واحد5,خانم خالقی,unknown,normal,import,نیمه1402: 4,,media_1790604467212.csv
محمدامین,رجبی,3,3,,09394677151,09152299753,38414684,کوهسنگی,کوهسنگی ،بلوار نامجو ،نامجو 21،کوچه ی پوریا پلاک695,دوست محمدعلی مجیدی,unknown,normal,import,نیمه1402: 4; غدیر1403: 1; غدیر1405: 4,,media_1790604467212.csv
محمدصدرا,رجبی,5,5,,09156586248,09156586247,38373242,ابوطالب,توس34,لیلابهار,unknown,normal,import,غدیر1403: 2; نیمه1403: 2; غدیر1404: 2; غدیر1405: 2,,media_1790604467212.csv
محمدحسین,رجبی مشهدی,4,4,,09155079131,09158064540,38694093,وکیل آباد راست دور,شریف 15 پلاک 49,اقای یادگاری,unknown,normal,import,,,"media_1790604467093.csv, media_1790604467135.csv"
محمد حسن,رجبیان,6,6,,09051851336,09010599842,,حومه,طلاب/گاز/مجلسی/وحدت/امت/چمن/مصلی,محمدیان,unknown,normal,import,,,media_1790604467212.csv
محمدحسین,رحانی,6,6,,09390932794,,,قاسم آباد الهیه,,,unknown,normal,import,,,media_1790604467212.csv
نوید,رحمان زاده,6,6,,09153349711,09151233016,,وکیل آباد چپ,هفت تیر38,سرکار خانم کمالی,unknown,normal,import,نیمه1403: 6,,media_1790604467212.csv
امیرعلی,رحمانی,5,5,,,09331538363,,وکیل آباد راست,دانش آموز22 پ395,جشن قانع منش (محمدعلی ارباب),unknown,normal,import,,,media_1790604467212.csv
حسام,رحمانی,6,6,,09152449343,,,قاسم آباد الهیه,,سعیدپاشایی,unknown,normal,import,,,media_1790604467212.csv
حسین,رحمانی,6,6,,09156614837,09025465037,,قاسم آباد الهیه,,سعیدپاشایی,unknown,normal,import,,,media_1790604467212.csv
سید امیرمحمد,رحمانی,6,6,,09155011795,09304652955,37131800,ابوطالب,عبادی 28 پلاک 35 واحد 6,خانم محمدی,unknown,normal,import,غدیر1404: 3,,media_1790604467212.csv
عرفان,رحمانی,4,4,,09159237940,09155095622,,وکیل آباد چپ,,رحمانی,unknown,normal,import,,,media_1790604467212.csv
عرفان,رحمانی,6,6,,09151097293,09105557293,,آبکوه,کلاهدوز47 منفرد2,,unknown,normal,import,,,media_1790604467212.csv
علی سان,رحمانی,4,4,,09154228861,,,احمدآباد,احمدآباد,,class_seeker,normal,import,,خواهان کلاس,media_1790604467212.csv
علیرضا,رحمانی,6,6,,09154890801,09104803455,37241411,ابوطالب,قرنی28 پ29,,unknown,normal,import,,,media_1790604467212.csv
محمدپویا,رحمانی,3,3,,09151010788,09032328299,33120268,حومه,سیدی.سحر28.پلاک2,ملیحه,unknown,normal,import,,,media_1790604467093.csv
محمد,رحمانی نسب,5,5,09155069006,09353006384,09155059006,,ابوطالب,عبادی 47,حاج حمید کمالی / خانم غفوری استاد,class_seeker,normal,import,غدیر1405: 3,خواهان کلاس,media_1790604467212.csv
امیرعلی,رحمتی,3,3,,09154889586,09155580711,33867104,کوهسنگی,سیدی.قائم34.پلاک12.طبقه دوم,خانم گروسی,unknown,normal,import,,,"media_1790604467093.csv, media_1790604467135.csv"
حسین,رحمتی,6,6,,09028400852,09371250361,,حومه,چمن,محمد محمدی,unknown,normal,import,,,media_1790604467212.csv
علی,رحمتی,5,5,,09352824051,09374480432,37253810,ابوطالب,بلوارمطهری شمالی،مطهری شمالی 21،کوچه مطهری 21/12پلاک17,فاطمه رحمتی ازکانال مجالس مذهبی,unknown,normal,import,,,"media_1790604467093.csv, media_1790604467135.csv"
محمد صادق,رحمتی پور,5,5,,09363804412,09152237477,38512760,امام رضا,آخوند خراسانی 26 پلاک 51 زنگ 3,خانم امیری,unknown,normal,import,غدیر1403: 3; نیمه1403: 1; غدیر1404: 2,,media_1790604467212.csv
محمدطاها,رحیم,6,6,,09153100896,09158831288,38210787,وکیل آباد چپ,دلاوران20 شهید عارفی23/1 پ3,جشن هفت تیر21,unknown,normal,import,نیمه1402: 3; غدیر1403: 2; نیمه1403: 5; غدیر1404: 3,,media_1790604467212.csv
امیر یوسف,رحیم زاده,5,5,,09155178593,09155200787,33412451,امام رضا,بلوار 17 شهریور شهید صدر جنوبی صدر 28 پلاک 36,آقای سجاد حدادیان,unknown,normal,import,,,"media_1790604467093.csv, media_1790604467135.csv"
امیرحسین,رحیم زاده,4,4,,09362280769,09152081214,38818331,وکیل آباد چپ,هاشمیه 77پلاک23 واحد2,داخل کانال دیدم,unknown,normal,import,نیمه1402: 1; غدیر1403: 7; نیمه1403: 1; غدیر1404: 1; غدیر1405: 1,,media_1790604467212.csv
ابوالفضل,رحیمی,5,5,,09157265779,09158032873,,امام رضا,,مقیمیان,unknown,normal,import,,,media_1790604467212.csv
ارمیا,رحیمی,6,6,,09036709782,09156561990,37615173,ابوطالب,خیام شمالی46 شکری9 امیر30,کانال های مذهبی,unknown,normal,import,نیمه1403: 3,,media_1790604467212.csv
امیرعباس,رحیمی,5,5,,09157063970,09155173970,,ابوطالب,خیام شمالی46/2 پ15 زنگ1,,unknown,normal,import,نیمه1402: 1; غدیر1403: 2; نیمه1403: 2; غدیر1404: 2; غدیر1405: 6,,media_1790604467212.csv
محمد,رحیمی,5,5,,09152455764,09051516038,,ابوطالب,عبدالمطلب,,unknown,normal,import,,,media_1790604467212.csv
محمد پارسا,رحیمی,6,6,,09153013505,09356356116,38472388,کوهسنگی,جهان آرای 7 پلاک 285 واحد 3,علی ابراهیمی قوژدی,unknown,normal,import,,,media_1790604467212.csv
محمدرضا,رحیمی,4,4,,09157020530,09332702417,,امام رضا,امام خمینی59,دوست حمادرضا خاوری,unknown,normal,import,غدیر1405: 1,,media_1790604467212.csv
محمدطاها,رحیمی,5,5,,09158774700,09158028267,33490374,امام رضا,مقدم نخریسی .خیابان پروین اعتصامی .بین 8و10.پلاک134.زنگ4,گروه های واتس آپ,unknown,normal,import,,,"media_1790604467093.csv, media_1790604467135.csv"
مهرداد,رحیمی,5,5,,09152455762,09371036758,,ابوطالب,حرعاملی64 پ79 زنگ1,,class_seeker,normal,import,غدیر1403: 2; نیمه1403: 6; غدیر1404: 2; غدیر1405: 3,خواهان کلاس,media_1790604467212.csv
یاسین,رحیمیان,5,5,,09014450626,,,حومه,طلاب/گاز/مجلسی/وحدت/امت/چمن/مصلی,هم کلاسی ها,unknown,normal,import,,,media_1790604467212.csv
صدرا,رزاز زاده,6,6,,09153135459,09150280521,38471138,احمدآباد,راهنمایی 5پلاک 20 (9151227436),معلم مدرسه خانم آذرباد,unknown,normal,import,نیمه1402: 3; غدیر1403: 4; نیمه1403: 3; غدیر1404: 3,,media_1790604467212.csv
امیرحسین,رزم پور,4,4,09155741066,09151009272,09155741066,,وکیل آباد راست,وکیل اباد39بلوارفخرایی بین 13و15پلاک 24ایفون تصویری,خانم کاتب / خانم طوسی / خانم چمنی,unknown,normal,import,غدیر1403: 7; غدیر1404: 3; غدیر1405: 1,,media_1790604467212.csv
محسن,رستم زاده,5,5,,09155141749,09157664359,37535960,ابوطالب,ابوطالب 59-پلاک 65,خواهرم,unknown,normal,import,,,media_1790604467093.csv
محمدطاها,رستمی,5,5,,09151044131,09156838129,,امام رضا,,کمال فر,unknown,normal,import,,,media_1790604467212.csv
امیر عباس,رستگار مقدم,4,4,,09151133983,09151023983,38813968,وکیل آباد چپ نزدیک,هاشمیه6 فرشته5 پ41,جناب اقای محمد رضا واحدی,unknown,normal,import,,,"media_1790604467093.csv, media_1790604467135.csv"
محمدعلی,رستگار مقدم تقی زاده,6,6,,09155089250,09022964100,,احمدآباد,رضا9 پ1/16,علیرضا وحیدیان,unknown,normal,import,نیمه1402: 4; نیمه1403: 6,,media_1790604467212.csv
پارسا,رستگارمقدم,6,6,,09155087012,09153020069,8799714,رضاشهر,بلوار فکوری بین فکوری 90و92 پلاک 91,امیرنژاد,unknown,normal,import,,,media_1790604467212.csv
امیرطاها,رسولی,6,6,,09376254277,,,فرامرز,ساجدی4 سمت چپ پ31 ط2,مهندس برنجیان / مهدی موسوی,class_seeker,normal,import,,خواهان کلاس,media_1790604467212.csv
ایمان,رسولی,6,6,,09331663719,09034257868,,حومه,طلاب/گاز/مجلسی/وحدت/امت/چمن/مصلی,آقای محمدیان,unknown,normal,import,,,media_1790604467212.csv
سینا,رسولی,4,4,,09152423833,09383304100,,رضاشهر,ملک الشعرا,,unknown,normal,import,,,media_1790604467212.csv
امیرعلی,رسولی زاده,3,3,09379386612,09363707086,09379386612,,امام رضا,امام خمینی 69 پلاک 4 طبقه دوم,محمدرضا عباسپور,unknown,normal,import,,,"media_1790604467093.csv, media_1790604467135.csv"
آرین,رسولی پور,6,6,,09128320872,09125318278,,وکیل آباد راست,,سعید پاشایی,unknown,normal,import,,,media_1790604467212.csv
حسین,رسولی پور,5,5,,09156549647,09037245360,,رضاشهر,کوثر جنوبی10,سعید پاشایی,unknown,normal,import,غدیر1405: 3,,media_1790604467212.csv
پارسا,رسولی پور,6,6,,09153101365,09153042395,38837928,وکیل آباد چپ نزدیک,کوثر جنوبی 19 پلاک 5 زنگ 2,خانم حمیدزاده,class_seeker,normal,import,,خواهان کلاس | حضوری,"media_1790604467093.csv, media_1790604467135.csv, media_1790604467212.csv"
حسین,رشیدی,5,5,,,09338248486,دوقلو,ابوطالب,هدایت 32,,unknown,normal,import,نیمه1403: 2,,media_1790604467212.csv
اردلان,رشیدی محب سراج,6,6,,09365802900,09032381540,7239907,ابوطالب,موسوی 14موقنیان 9پلاک 34واحد3طبقه 2منزل رشیدی,رشیدی,unknown,normal,import,نیمه1402: 1; نیمه1403: 6; غدیر1404: 3,,media_1790604467212.csv
محمدطاها,رشیدیان,5,5,,09935581348,09152236374,,وکیل آباد راست,فارغ التحصیلان,ملیکه خانم کوهستانی,unknown,normal,import,غدیر1403: 2; نیمه1403: 2; غدیر1405: 3,,media_1790604467212.csv
محمد معین,رضائی,6,6,,09155748807,09037652126,,سجاد,,جناب آقای ظریف,unknown,normal,import,,,media_1790604467212.csv
محمدرضا,رضاخواه,4,4,,09151157900,09151164926,37681388,سجاد,بلوارسجاد نبش بنفشه 11 پلاک54 واحد5,اگهی,unknown,normal,import,,,media_1790604467093.csv
علی,رضاپور,6,6,,09305701614,09039654440,,امام رضا,,دوستم,unknown,normal,import,,,media_1790604467212.csv
امیر حمزه,رضایی,5,5,,09371962879,,,حومه,امیر حمزه رضایی,,unknown,normal,import,نیمه1403: 6,,media_1790604467212.csv
علی,رضایی,3,3,,09153098795,09154038795,,ابوطالب,ابوطالب 1 خیاطی 15 پ2 زنگ6,,unknown,normal,import,,,"media_1790604467093.csv, media_1790604467135.csv"
علی,رضایی,6,6,,09151031304,09353588599,37392958,ابوطالب,بلوار کامیاب.کامیاب 17.انتهای کوچه سمت راست پلاک 80واحد5,خانم امامی فر,unknown,normal,import,نیمه1402: 1; نیمه1403: 2; غدیر1404: 3,,media_1790604467212.csv
ماهان,رضایی,5,5,,09151164759,09158989833,37265316,آبکوه,کلاهدوز 38 اسففدیانی 1/6 پلاک 62,مدرسه ده سنگی,unknown,normal,import,,,"media_1790604467093.csv, media_1790604467135.csv"
محمد جواد,رضایی,5,5,,09123798925,,,احمدآباد,اخر شماره 35 یا 25,,unknown,normal,import,,,media_1790604467212.csv
محمد سجاد,رضایی,6,6,09300360327,09300360327,,,ابوطالب,ایثارگران 20,مدرسه,unknown,normal,import,,,media_1790604467212.csv
محمد ماهان,رضایی,6,6,,09155221448,09156953664,37247701,ابوطالب,مطهری شمالی 70 پلاک 5 واحد 5,آقای خاتمی,unknown,normal,import,,,media_1790604467212.csv
محمدطاها,رضایی,4,4,,09029480169,,دوقلو,ابوطالب,عبدالمطلب,ساعدی,class_seeker,normal,import,,خواهان کلاس,media_1790604467212.csv
مرتضی,رضایی,4,4,,09354372086,09152213283,37130411,ابوطالب,موسوی قوچانی 14.موقنیان 9.پلاک 54.ط3,شبکه مجازی,unknown,normal,import,نیمه1403: 3; غدیر1405: 2,,media_1790604467212.csv
کیاراد,رضایی,5,5,,09153327701,09044624538,,ابوطالب,هدایت یاس7,,unknown,normal,import,,,media_1790604467212.csv
مهدی,رضایی پور,3,3,,09151026863,09028328397,37345676,ابوطالب,عبدالمطلب3/1پلاک 114 واحد2,زهره اشراقی,unknown,normal,import,,,media_1790604467093.csv
سید عبدالحسین,رضوانی,6,6,,09038681906,09374480432,37253810,ابوطالب,خیابان ایت الله عبادی،عبادی40،انتهای عبادی40،کوچه مطهری23/7پلاک17زنگ دوم,محمدرحمتی ازکانال مجالس مذهبی,unknown,normal,import,,,"media_1790604467093.csv, media_1790604467135.csv, media_1790604467212.csv"
امیرمهدی,رضوی,3,3,,09363618684,,,وکیل آباد راست,سیدرضی,جشن غدیر هفت تیر 21,unknown,normal,import,غدیر1403: 1,,media_1790604467212.csv
سید عرفان,رضوی,5,5,,09155207136,09370370800,36026672,وکیل آباد راست,سید رضی 14 . پلاک 266 . طبقه دوم,خانم نیکو,unknown,normal,import,غدیر1403: 2,,media_1790604467212.csv
سید علی,رضوی,4,4,,09155109335,09151258933,38445854,کوهسنگی,شهید بهشتی 53 پلاک 24 واحد یک,حسین مقدسی,unknown,normal,import,,,"media_1790604467093.csv, media_1790604467135.csv"
سید علی اصغر,رضوی,5,5,09156468918,09159765856,09158598582,,حومه,شاهنامه,,unknown,normal,import,نیمه1402: 5; غدیر1403: 5; نیمه1403: 3; غدیر1404: 2,,media_1790604467212.csv
سید محمدحسین,رضوی,4,4,,09153581463,09153031384,,احمدآباد,بهشتی38,,unknown,normal,import,نیمه1403: 6; غدیر1405: 1,,media_1790604467212.csv
سید محمدیاسین,رضوی,4,4,,09151006030,09397700940,,آبکوه,سناباد سنایی,دوست علی دهقانی فیروزآبادی,unknown,normal,import,غدیر1405: 1,,media_1790604467212.csv
سید مصطفی,رضوی,1,1,,09159150928,09155182418,,رضاشهر,بلوار نماز,,unknown,normal,import,غدیر1405: 6,,media_1790604467212.csv
علیرضا,رضوی,3,3,,09156114508,09151037054,38472368,احمدآباد,کوهسنگی 25، پلاک 1، ساختمان سروناز، واحد 7,سیدمحمدرضا هدایت زاده,unknown,normal,import,,,"media_1790604467093.csv, media_1790604467135.csv"
محمدرضا,رضوی نیا,3,3,,09157668522,,,ابوطالب,عبدالمطلب 12شهید تسلیمی 7پلاک 24,خانم فلاح,class_seeker,normal,import,,خواهان کلاس | حضوری,"media_1790604467093.csv, media_1790604467135.csv"
ابوالفضل,رضوی نیک,6,6,,09353400059,09353400059,38444060,احمدآباد,احمداباد رضا 35 پلاک 1,خانم علیپور,unknown,normal,import,,,media_1790604467212.csv
رضا,رفائی,4,4,,09151092480,09155049832,,ابوطالب,,,unknown,normal,import,,,media_1790604467212.csv
محمدعباس,رفائی,5,5,,09153090554,09153088134,37242158,آبکوه,مجد22,خانم تقی زادگان / عمژیک,unknown,normal,import,غدیر1403: 6; نیمه1403: 2; غدیر1404: 2,,media_1790604467212.csv
محمد,رفعت نیا,2,2,,09151174947,09152296089,,احمدآباد,احمد اباد,,unknown,normal,import,,,media_1790604467212.csv
امیر حسین,رمضان خواه,6,6,09154191655,09155023729,09154191655,,وکیل آباد چپ,هاشمیه 43پ73,اقای رسولی پور,unknown,normal,import,نیمه1402: 3; غدیر1403: 6; نیمه1403: 2,,media_1790604467212.csv
محمد رضا,رمضان نژاد کرمانی,3,3,,09945828403,09945828403,37612993,سجاد,خیام 11,شیما برهانی,unknown,normal,import,,,"media_1790604467093.csv, media_1790604467135.csv"
محمد مهدی,رمضان پور,4,4,,09154358531,09158234922,,آبکوه,مجد19,جعفری,unknown,normal,import,غدیر1404: 1,,media_1790604467212.csv
امیرحسین,رمضانی,5,5,,09383699006,09051689381,,حومه,طلاب/گاز/مجلسی/وحدت/امت/چمن/مصلی,خاکشور,unknown,normal,import,,,media_1790604467212.csv
امیرعباس,رمضانی,6,6,09024913514,09153021544,09031334293,,رضاشهر,سرافرازان پنج پلاک 56 طبقه دوم منزل رمضانی,آقای شمس,unknown,normal,import,نیمه1402: 3; غدیر1403: 6; نیمه1403: 2; غدیر1404: 1; غدیر1405: 1,,media_1790604467212.csv
علیرضا,رمضانی,5,5,,09153290961,09155181787,37289009,آبکوه,بلوارمجد مجد25 نبش قرنی 18/12 پلاک135 واحد1,سحررستگارمقدم,class_seeker,normal,import,,خواهان کلاس,media_1790604467212.csv
محسن,رمضانی,3,3,,09153145925,,,وکیل آباد چپ,سرافرازان,,unknown,normal,import,غدیر1404: 1; غدیر1405: 4,,media_1790604467212.csv
ایلیا,رنجبر,4,4,,09158036709,09151063667,33890533,امام رضا,سیدی خ قائم قائم 47 پلاک 40,خاطره کرمانی,unknown,normal,import,,,"media_1790604467093.csv, media_1790604467135.csv"
کسرا,رنجبر,6,6,,09155006861,,,وکیل آباد چپ,سرافرازان9,جشن هفت تیر21,unknown,normal,import,نیمه1402: 3,,media_1790604467212.csv
امیر محمد,رنجبری,2,2,,09385259746,09357869820,33428479,امام رضا,خیابان فداییان اسلام . چمن 24 . پلاک 23,,unknown,normal,import,,,media_1790604467093.csv
علی,رنگ,3,3,,09155020047,09155211946,38473760,کوهسنگی,خیابان کوهسنگی حکیم نظامی 20 پلاک 6 واحد 4,جلسات حاج خانم پورشهسوار,unknown,normal,import,,,"media_1790604467093.csv, media_1790604467135.csv"
محمدرضا,رنگ امیز طوسی,3,3,,09154299905,,38420901,کوهسنگی,کوهسنگی,خانم شادپور,unknown,normal,import,,,"media_1790604467093.csv, media_1790604467135.csv"
رادین,ره پیما,6,6,,09155183324,09155222045,,,,آقا محمد یونس فیضی,unknown,normal,import,,,media_1790604467212.csv
ماهان,رهبر,3,3,,09153003071,09155182242,37268642,ابوطالب,بین عبدلمطلب 58 و 56 پلاک 9,,unknown,normal,import,نیمه1402: 1; غدیر1403: 6; غدیر1404: 1,,"media_1790604467093.csv, media_1790604467135.csv, media_1790604467212.csv"
احسان,رهبری زاده,3,3,,09155138218,09151003404,37253208,سجاد,فلسطین 22,سجاد رهبری زاده,unknown,normal,import,غدیر1403: 6; نیمه1403: 1; غدیر1405: 4,,media_1790604467212.csv
امیرحسین,روان,5,5,,09153783200,09156193262,,احمدآباد,رضا,دوست محمدطاها رشیدیان,unknown,normal,import,غدیر1405: 3,,media_1790604467212.csv
ابوالفضل,روح بخش,5,5,,09154356438,09155136438,,وکیل آباد چپ,دلاوران نماز17 آرمان8,,unknown,normal,import,غدیر1403: 2; نیمه1403: 2; غدیر1405: 4,,media_1790604467212.csv
حسین,روح پرور,1,1,09156843245,09365311325,09374348350,,ابوطالب,خیابان عبادی عبادی 104،ایثارگران15/8پلاک1,خانم دباغ,unknown,normal,import,,,media_1790604467093.csv
سینا,روحانی,5,5,,09368954723,09155240828,,ابوطالب,عبدالمطلب لاله,خانم رجبی,class_seeker,normal,import,غدیر1405: 3,خواهان کلاس,media_1790604467212.csv
حسین,روحپرور,1,1,09156843245,09365311325,09374348350,,ابوطالب,خیابان عبادی عبادی 104،ایثارگران15/8پلاک1,خانم دباغ,unknown,normal,import,,,media_1790604467135.csv
امیرعباس,روحی,6,6,,09153024552,09151253949,,آبکوه,جنت 4,,unknown,normal,import,غدیر1405: 3,,media_1790604467212.csv
علیرضا,روحی,4,4,,09155159266,09158129266,,آبکوه,قاضی طباطبایی 7 پلاک 30,اقطاعی / محمد صالح تفکری,unknown,normal,import,,,media_1790604467212.csv
طاها,روزه مریم,6,6,,09054814156,09159069107,,وکیل آباد چپ,,ابوالفضل حاجی زاده,unknown,normal,import,,,media_1790604467212.csv
امیرحسین,روشن,3,3,09153215579,09153215579,09153010690,37624816,سجاد,فلسطین26 پ27 ط4,,unknown,normal,import,,,"media_1790604467093.csv, media_1790604467135.csv"
امیررضا,روشن,1,1,,09153581700,09155176613,37267405,آبکوه,کلاهدوز 26 پ18,,unknown,normal,import,,,"media_1790604467093.csv, media_1790604467135.csv"
سید محمد پارسا,روشن,3,3,,09159000348,09156202203,05137291969,آبکوه,چهارراه ابوطالب ابوطالب 1 بین شهید خیاطی 13و15پلاک 412,کانال مدرسه,unknown,normal,import,,,"media_1790604467093.csv, media_1790604467135.csv"
ارسلان,ریاحی,6,6,,09358800769,,,وکیل آباد راست,دانشجو,شهبازفر و بافنده / خانم رجبی,class_seeker,normal,import,,خواهان کلاس,media_1790604467212.csv
سجاد,ریاضی,6,6,,09155209733,09155209733,,فرامرز,مهدی,,unknown,normal,import,غدیر1405: 6,,media_1790604467212.csv
محمدطاها,ریاضی,5,5,,09155571954,09151200929,,وکیل آباد چپ,ابتدای ویلاشهر طرقبه و به شدت پیگیر,خانم پاک سرشت,class_seeker,normal,import,نیمه1403: 6,خواهان کلاس,media_1790604467212.csv
محمد سبحان,ریحانی,5,5,,09151599162,09155219015,35029082,وکیل آباد راست دور,فارغ التحصیلان 16 پلاک 102 زنگ پایین سمت چپ,خانم پاشایی,class_seeker,normal,import,غدیر1403: 2,خواهان کلاس,"media_1790604467093.csv, media_1790604467135.csv, media_1790604467212.csv"
محمد سجاد,ریحانی,6,6,09159169662,09159169662,09374962497,,ابوطالب,مطهری شمالی 4بعداز چهاراه اول سمت چپ کفش باقری,پیام رسان ایتا,unknown,normal,import,نیمه1403: 6; غدیر1404: 3,,media_1790604467212.csv
امیر,ریخته گرزاده,3,3,,09155186298,09151043047,38415449,احمدآباد,احمداباد خیابان بابک3پلاک8طبقه4,خانم درمحمدی,unknown,normal,import,,,"media_1790604467093.csv, media_1790604467135.csv"
امیررضا,رییسی,1,1,,09396269237,09155227723,,ابوطالب,,,unknown,normal,import,,,media_1790604467212.csv
علیرضا,رییسی,6,6,,09035807987,09155162987,,کوهسنگی,,کانال مدرسه ثابت,unknown,normal,import,,,media_1790604467212.csv
محمد عرفان,زارع,5,5,,09155030151,09153063725,37311861,ابوطالب,خ عبدالمطلب 5 شهید نقیبی 9 پلاک 3 طبقه بالا,زهره نازدار,unknown,normal,import,,,"media_1790604467093.csv, media_1790604467135.csv"
محمد رضا,زارع ثانی,2,2,,09151040834,09155757249,38945974,وکیل آباد راست نزدیک,دانش آموز 16 پلاک 23 طبقه دوم,خانوم داوری,unknown,normal,import,,,"media_1790604467093.csv, media_1790604467135.csv"
امیرعلی,زارع یزدی,6,6,,09358196417,09152013611,,رضاشهر,شهرک طالقانی,آموزشگاه وشو,unknown,normal,import,غدیر1404: 3,,media_1790604467212.csv
حسام,زارعی,4,4,,09156844100,09156833301,37274126,ابوطالب,مطهری 14 پلاک 125 طبقه دوم,گروه,unknown,normal,import,,,"media_1790604467093.csv, media_1790604467135.csv"
طاها,زارعی,4,4,,09155146997,09158976617,37684648,سجاد,سجاد،بزرگمهر شمالی 7،پلاک 93,خانوم محمد زاده,unknown,normal,import,نیمه1402: 1; غدیر1403: 1; نیمه1403: 1; غدیر1405: 1,,media_1790604467212.csv
مهران,زارعی,4,4,,09159835899,09156556841,,ابوطالب,پل ابوطالب،چراغچی13محمدزاده ی1،پلاک49،طبقه چهارم,ملکی,unknown,normal,import,,,media_1790604467212.csv
مهرزاد,زارعی,6,6,,09398872409,,,ابوطالب,ابوطالب82,,unknown,normal,import,غدیر1404: 3,,media_1790604467212.csv
محمد عرفان,زارعیان,6,6,,09152461123,09395483726,37534069,ابوطالب,بلوار هدایت .بلوار شفا .شفا40.خام فروشی کیهان پلاک 160,محمد متین اقایی,unknown,normal,import,غدیر1403: 2,,media_1790604467212.csv
امیرحسین,زامهران,5,5,,09355233265,09157606656,,وکیل آباد راست,,تهمینه زرقامی,unknown,normal,import,,,media_1790604467212.csv
محمد مهدی,زاهد مقدم,5,5,,09155041389,09151044552,38795212,رضاشهر,پیروزی3 .رودکی 8 .پلاک 115 .واحد4,کانال مجالس مذهبی,unknown,normal,import,,,"media_1790604467093.csv, media_1790604467135.csv"
آریو,زاهدی,6,6,,09151021309,09150291299,,وکیل آباد چپ,,گروه مدرسه,unknown,normal,import,,,media_1790604467212.csv
ایلیا,زاهدی,5,5,,09355110687,09150037993,38672830,وکیل آباد چپ دور,فکوری 11 خیابان شقایق 8 کوچه قائم پلاک 35,,unknown,normal,import,,,"media_1790604467093.csv, media_1790604467135.csv"
محمد حسین,زاهدی,4,4,,09151176105,09333224248,36636439,قاسم آباد,قاسم آباد ادیب 6 چهارراه اول سمت راست پ20,خانم عرفانیان,unknown,normal,import,,,"media_1790604467093.csv, media_1790604467135.csv"
محمدرضا,زاهدی,3,3,,09159239096,09158135892,,ابوطالب,حجت1 قاسمی فرد1 پ16,,unknown,normal,import,غدیر1404: 1; غدیر1405: 1,,media_1790604467212.csv
محمدعماد,زاهدی,6,6,,09151044451,09372668839,,ابوطالب,ابوطالب,,unknown,normal,import,غدیر1405: 1,,media_1790604467212.csv
محمدمهدی,زرین زاده,2,2,,09155013528,09155129459,36089452,سجاد,بلوار سجاد ، خیابان امین ، پلاک 18,مرشدیان,unknown,normal,import,,,"media_1790604467093.csv, media_1790604467135.csv"
مصطفی,زرینی دربان,6,6,,09917980438,09153248916,,وکیل آباد چپ,,حمید ظریف,unknown,normal,import,,,media_1790604467212.csv
مهدی,زعفرانی,,7,,09151152176,09151185142,37260053,امام رضا,خیابان ملک الشعرا بهار روبروی استانداری پلاک 157,زهرا علما,unknown,normal,import,,,"media_1790604467093.csv, media_1790604467135.csv"
امیر علی,زمانی,5,5,,09156128418,09352166633,37264833,آبکوه,کلاهدوز 52/2پلاک 61/1 واحد 2,عرفان صدوقی,unknown,normal,import,,,media_1790604467093.csv
محمد میثم,زمانی,6,6,,09155010698,,,ابوطالب,ابوطالب32 پ11,,unknown,normal,import,,,media_1790604467212.csv
مصطفی,زمانی,4,4,,09153242813,,05132258434,ابوطالب,عبادی 49 پلاک 19 واحد1,اسماعیل زادگان,unknown,normal,import,,,"media_1790604467093.csv, media_1790604467135.csv"
امیریوسف,زمانی نیک,3,3,09151232026,09158088841,09151119140,,احمدآباد,ناصرخسرو21,کوهستانی / دوست امیرعلی دهقان,unknown,normal,import,غدیر1403: 6; نیمه1403: 1; غدیر1405: 1,,media_1790604467212.csv
امیرپاشا,زمانی کیا,6,6,,09155257535,09153164896,38227620,وکیل آباد چپ,رهایی2 رهایی2/2پ4 واحد2,دبستان کاظمیه,unknown,normal,import,,,media_1790604467212.csv
احمد رضا,زمانیان,6,6,,09036153806,,,ابوطالب,عبادی 50,محمد مهدی نباتی,unknown,normal,import,,,media_1790604467212.csv
محمدعلی,زنبیل باف,5,5,,09158989756,09155236224,37240601,ابوطالب,کریمی,,unknown,normal,import,غدیر1405: 4,,media_1790604467212.csv
سبحان,زنقایی,3,3,,09157184237,09150640347,,حومه,خواجه ربیع,,unknown,normal,import,غدیر1405: 4,,media_1790604467212.csv
سجاد,زواریان,4,4,,09151159054,,05138413892,,,حسین زواریان,unknown,normal,import,,,media_1790604467212.csv
عماد رضا,زوبین,5,5,,09155191009,09153198983,38582934,احمدآباد,نبش امام خمینی 50 پ 936,خانم خالقی,unknown,normal,import,,,"media_1790604467093.csv, media_1790604467135.csv"
امیر محمد,زورمند,2,2,,09159002606,09159002606,38719226,رضاشهر,شهرک طالقانی نبش بهارستان 15پلاک 11 واحد 2,گروه,unknown,normal,import,,,media_1790604467093.csv
حسین,زکریائی,1,1,,09382280148,09127150997,,آبکوه,,,unknown,normal,import,,,media_1790604467212.csv
سینا,زین الدین,5,5,,09902542669,09156142007,,قاسم آباد الهیه,,,unknown,normal,import,,,media_1790604467212.csv
یونس,زینالی,6,6,,09155000060,09153779037,32256695,ابوطالب,مطهری جنوبی 28 پلاک 75,خانم نفیسه,unknown,normal,import,نیمه1402: 1; نیمه1403: 1; غدیر1404: 3; غدیر1405: 2,,media_1790604467212.csv
علی,زینلی,3,3,,09151176480,09371918444,05137247139,آبکوه,کلاهدوز34پلاک19زنگ3,شریعتی,unknown,normal,import,,,"media_1790604467093.csv, media_1790604467135.csv"
علی اکبر,سابقی,6,6,,09026711774,,,قاسم آباد الهیه,,اقدس سابقی,unknown,normal,import,,,media_1790604467212.csv
مبین,سابقی مقدم,4,4,,09159078996,09157778996,37344289,ابوطالب,مطهری شمالی 50 انفرادی 6 بن بست مقدس ساختمان 5طبق واح 10,هیئت,unknown,normal,import,,,media_1790604467212.csv
اریا,ساجدی,2,2,,09152373515,09045168089,,آبکوه,دستغیب,,unknown,normal,import,,,media_1790604467212.csv
محمدعرفان,ساجدی,5,5,,09383821331,09151228662,37137901,آبکوه,قاضی طباطبایی 14.کوچه 14/5.پلاک 13,حسینیه / 9383364813,unknown,normal,import,,,media_1790604467212.csv
سید مهدیار,سادات,6,6,,09153040308,09365565896,,ابوطالب,هاشمی نژاد 20/2 نبش واحدی 12 پ78,ماموریت ویژه2,unknown,normal,import,,,media_1790604467212.csv
مهدیار,سادات,1,1,,,09365565896,,ابوطالب,هاشمی نژاد 20/2 نبش واحدی 12 پ78,,unknown,normal,import,,ماموریت ویژه2 | ماموریت ویژه3,"media_1790604467093.csv, media_1790604467135.csv"
محمدصدرا,سادات شرفی,4,4,,,09305661217,,ابوطالب,مطهری شمالی35,خانم هوشمند,class_seeker,normal,import,غدیر1405: 6,خواهان کلاس,media_1790604467212.csv
سید سجاد,سادات فاطمی,4,4,,09153583957,09152053422,37245013,ابوطالب,خیابان آیت الله عبادی، عبادی18،بین حسین باشی 7و 7/1، پلاک 337،واحد 2,دوست,unknown,normal,import,نیمه1403: 6,,media_1790604467212.csv
سید سلمان,سادات فاطمی,5,5,,09155060969,09385060969,32218831,ابوطالب,خیابن عبادی ، عبادی 29 کوچه هفتم ، پلاک 13/71 زنگ سوم,سیده زهره نجات حسینی,unknown,normal,import,نیمه1402: 1; غدیر1403: 6; نیمه1403: 6; غدیر1404: 1,,media_1790604467212.csv
سید علیرضا,سادات فاطمی,4,4,,09155529327,09155581529,37248718,ابوطالب,عبادی 12 نعمتی 2 نبش سعادت 12 پلاک 60 زنگ 3,,unknown,normal,import,نیمه1402: 1; غدیر1403: 2; نیمه1403: 1; غدیر1404: 2; غدیر1405: 2,,media_1790604467212.csv
سید محمد,سادات فاطمی,5,5,,09151004053,09371218916,37245013,ابوطالب,خیابان آیت الله عبادی، عبادی18،بین حسین باشی 7و 7/1، پلاک 337،واحد 2,دوست,unknown,normal,import,نیمه1402: 1; غدیر1403: 5; نیمه1403: 6; غدیر1404: 1; غدیر1405: 3,,media_1790604467212.csv
محمد جواد,سادات میدانی,5,5,,09368878634,09934494472,,ابوطالب,,صائب,unknown,normal,import,,,media_1790604467212.csv
محمد حسین,سازگار,5,5,,09157397841,09157397841,,وکیل آباد چپ,,رضایی,unknown,normal,import,,,media_1790604467212.csv
محمدحسین,ساعیان,6,6,,,09366818098,,رضاشهر,پیروزی2/1,دوست محمدحسین اصغری,unknown,normal,import,غدیر1405: 2,,media_1790604467212.csv
سبحان,ساغری,5,5,,,09157638636,,ابوطالب,ابوطالب1 خیاطی11 پ42,,unknown,normal,import,,,media_1790604467212.csv
محمد حسن,سالار,4,4,,09151160766,09155201123,38477017,کوهسنگی,"رضا 31 ,پلاک 3/1, واحد 3",محمد جواد افتخاری,unknown,normal,import,,,"media_1790604467093.csv, media_1790604467135.csv"
امیرعلی,سالاری,5,5,,09153071356,09151243507,38714452,احمدآباد,احمدآباد بابک 10 پلاک 36 واحد2,خانم عبداللهی,class_seeker,normal,import,غدیر1405: 3; نیمه1402: 1; غدیر1403: 2; نیمه1403: 2; غدیر1404: 2,خواهان کلاس,media_1790604467212.csv
علیرضا,سالاری,5,5,09155031470,09155031470,09155051285,,آبکوه,کلاهدوز33,خانم موسوی (تقدمی ),unknown,normal,import,غدیر1404: 2,,media_1790604467212.csv
کیان,سالاری,6,6,,09152522094,09393911175,,وکیل آباد چپ,اقبال,دوست,unknown,normal,import,غدیر1404: 3,,media_1790604467212.csv
محمد سعیا,سالاری مقدم,3,3,,09158245390,,,امام رضا,امام خمینی,جشن غدیر هفت تیر 21,unknown,normal,import,غدیر1403: 2,,media_1790604467212.csv
کمیل,سالاری پور,4,4,,09307065803,09337861103,37281231,حومه,توس33,زاکیان,unknown,normal,import,غدیر1405: 1,,media_1790604467212.csv
محمدسامان,سالمی,4,4,,09151024035,09156185119,37612949,ابوطالب,بلوار شفا شفا 22 پلاک 11 طبقه 4,معین گلمکانی,unknown,normal,import,,,"media_1790604467093.csv, media_1790604467135.csv"
مهدیار,سالمیان,5,5,,09151010965,09153033321,,سجاد,فرهاد23 پ30,محمد رضا غفوری,class_seeker,normal,import,نیمه1402: 1; غدیر1403: 2; نیمه1403: 6; غدیر1404: 2; غدیر1405: 6,خواهان کلاس,media_1790604467212.csv
علی اصغر,سبز علی,4,4,,09153293087,,,حومه,,,unknown,normal,import,,,media_1790604467212.csv
کیان,سبزه,5,5,,09378062552,09338297926,37642487,ابوطالب,توس33,معلمم سرکار خانم دانشور,unknown,normal,import,,,media_1790604467212.csv
محمدصادق,سبزیکارحقیقی,5,5,,09159798599,09154248404,37296283,آبکوه,خیابان آبکوه.بولوارمجد.مجد15.پلاک13.واحد2,اقوام,unknown,normal,import,,,"media_1790604467093.csv, media_1790604467135.csv"
یاسین,ستارزاده,5,5,,09918790865,,,امام رضا,امام خمینی 85 پلاک 146,آقای اکبری,class_seeker,normal,import,نیمه1402: 1,خواهان کلاس,media_1790604467212.csv
راه اهن,سجاد محمدی,5,5,,09154404576,09151224576,322217225,ابوطالب,عبادی33 خزایی22 پلاک3,فرزانه اسدی,unknown,normal,import,,,"media_1790604467093.csv, media_1790604467135.csv"
سید امیرحسین,سجاد پور,3,3,,09154186848,09354624386,5137235186,ابوطالب,عبدالمطلب44 حسین زاده6 پ37,حکیم زاده,unknown,normal,import,,,"media_1790604467093.csv, media_1790604467135.csv"
سید امیرحسین,سجادپور,3,3,,09354624386,09353271930,37235186,ابوطالب,عبدالمطلب 44 حسین زاده 6 پ37 زنگ4,,unknown,normal,import,,آقای حدادیان | ماموریت ویژه2,"media_1790604467093.csv, media_1790604467135.csv"
سید رضا,سجادی,5,5,,09153135261,,38710534,رضاشهر,شهرک طالقانی ، بهارستان 1، پلاک 84، و 4,,unknown,normal,import,,,media_1790604467212.csv
سید علیرضا,سجادی,3,3,,09156593730,09374954566,37258025,ابوطالب,شهید طبا طبایی 24 بعد چهارراه دوم پلاک 150,مریم بخشی,unknown,normal,import,,,media_1790604467135.csv
سید محمدجواد,سجادی,3,3,,09156593730,09374954566,37258025,ابوطالب,شهید طبا طبایی 24 بعد چهارراه دوم پلاک 150,مریم بخشی,unknown,normal,import,,,"media_1790604467093.csv, media_1790604467135.csv"
سید پارسا,سجادی,3,3,,09151370855,,37278663,آبکوه,سناباد 55 - پلاک 42 - واحد 5,,unknown,normal,import,,,"media_1790604467093.csv, media_1790604467135.csv"
محمدجواد,سجادی,3,3,,09019777912,,,ابوطالب,مطهری شمالی41 پ21 واحد5,محمد حسین فرزانه,unknown,normal,import,,,"media_1790604467093.csv, media_1790604467135.csv"
سید محمد حسین,سجادی نیا,3,3,,09153206282,09157086282,38581659,امام رضا,عدل خمینی 64 بعدازچهارراه پنجم پلاک128 واحد 14,خانم سجادی نیا,unknown,normal,import,,,"media_1790604467093.csv, media_1790604467135.csv"
علی,سجادیان,6,6,,09105534282,09105534282,37051609,ابوطالب,موسوی 27پلاک 19زنگ14,کلیپ,unknown,normal,import,,,media_1790604467093.csv
امیرطاها,سخاوت,6,6,,09155077832,09153148843,,سجاد,فلسطین13,جشن غدیر هفت تیر 21,class_seeker,normal,import,غدیر1403: 3; نیمه1403: 3,خواهان کلاس,media_1790604467212.csv
یوسف,سخاوتی,4,4,,09151191915,09304429199,,ابوطالب,عبادی105,جشن هفت تیر21,unknown,normal,import,نیمه1402: 3; غدیر1403: 4; نیمه1403: 1,,media_1790604467212.csv
امیرعلی,سرافراز یزدی,6,6,,09155093383,09151576221,,فرامرز,فرامرز عباسی 40,پسر خاله الیاس خالقی,unknown,normal,import,غدیر1405: 5,,media_1790604467212.csv
طاها,سرافرازی,4,4,,09306268627,09378172182,32236626,ابوطالب,عبادی,خانم مشهدی,unknown,normal,import,,,"media_1790604467093.csv, media_1790604467135.csv"
مهدیار,سربلندی,5,5,09158965619,09151119014,09158965619,,فرامرز,ساجدی 3 ، فخر 12 ، پلاک 81 ، واحد 6,,unknown,normal,import,نیمه1402: 1; غدیر1403: 2; نیمه1403: 2; غدیر1404: 2; غدیر1405: 3,,media_1790604467212.csv
سورنا,سردارابادی,6,6,,09159748394,09159748394,3507413,وکیل آباد راست,معلم74پلاک51/1طبقه4,دارالتحقیظ,unknown,normal,import,,,media_1790604467212.csv
سبحان,سردوست,2,2,09397673515,09156006273,09058085540,,وکیل آباد چپ,کوثر جنوبی 19 پلاک 16 طبقه سوم,زهرا غلامی,unknown,normal,import,,,media_1790604467093.csv
محمد,سروری,3,3,,09159051125,09154079886,5137578998,ابوطالب,موسوی قوچانی30دورمیدان،خروجی دوم انتهای میلان بن بست جنب پلاک104,یکی ازدوستان,unknown,normal,import,نیمه1403: 1,,media_1790604467212.csv
پارسا,سروری,5,5,,09354202278,09354232278,,حومه,,سجاد هاشمی,unknown,normal,import,,,media_1790604467212.csv
محمد طاها,سروقدی,2,2,,09151206361,09355683468,37345053,ابوطالب,مطهری شمالی46 پ28 واحد3,دختر دایی,unknown,normal,import,,,"media_1790604467093.csv, media_1790604467135.csv"
حسین,سروی,4,4,,09153014535,09151575543,,ابوطالب,عبدالمطلب,خانم کوهستانی,class_seeker,normal,import,غدیر1405: 6,خواهان کلاس,media_1790604467212.csv
محمد جواد,سرگلزیی,6,6,,09156278007,09153581252,37425173,امام رضا,فلکه هفده شهریور سمت چپ بازار رضا روبروی آتش نشانی پشت بیت الزهرا کوچه شهید میر غ هشت پلاک هفت,مدرسه مکرم,unknown,normal,import,,,media_1790604467212.csv
مهدیار,سعادت,5,5,,09151088399,09158358399,,فرامرز,جانباز,,unknown,normal,import,,,media_1790604467212.csv
صالح,سعادتمند,3,3,,09155186497,09151017972,,احمدآباد,ابوذر22,,unknown,normal,import,غدیر1405: 1,,media_1790604467212.csv
عرفان,سعادتمند,6,6,,09371650157,09352701641,,ابوطالب,عبادی,داودی,class_seeker,normal,import,نیمه1403: 1; غدیر1404: 3; غدیر1405: 2,خواهان کلاس,media_1790604467212.csv
سینا,سعادتی,2,2,,09374656052,09334605304,,حومه,توس33,,unknown,normal,import,غدیر1405: 1,,media_1790604467212.csv
امید,سعادتی نژاد,1,1,,09392235558,09150633796,,قاسم آباد الهیه,,محمد رحمانی نسب,unknown,normal,import,,,media_1790604467212.csv
محمد حسین,سعید موسوی,4,4,,09151150087,09155122823,,احمدآباد,,یوسف سلجوقیان / صالح تفکری,unknown,normal,import,,,media_1790604467212.csv
امیرعلی,سعیدمنش,6,6,,09379121734,09353103410,,ابوطالب,,,unknown,normal,import,,,media_1790604467212.csv
یاسین,سعیدپور,5,5,,09152235205,09157229381,,قاسم آباد الهیه,الهیه,مدرسه,unknown,normal,import,نیمه1403: 6,,media_1790604467212.csv
امیر علی,سعیدی,3,3,,09151132300,09155134299,05137600953,سجاد,سجاد بهار یک,خانم صادقی,unknown,normal,import,,,"media_1790604467093.csv, media_1790604467135.csv"
امیر کیان,سعیدی,6,6,,09155193203,09368672539,,کوهسنگی,,ابوالفضل میری,unknown,normal,import,,,media_1790604467212.csv
امیرحسین,سعیدی,6,6,,09151252553,09352227321,38455397,آبکوه,میدان راهنمایی.بین دستغیب4و6.پلاک 68,خاله,unknown,normal,import,,,"media_1790604467093.csv, media_1790604467135.csv"
امیرعباس,سعیدی,4,4,,09151249640,09151269640,,وکیل آباد چپ,هفت تیر31,جشن غدیر هفت تیر 21,unknown,normal,import,غدیر1403: 7; نیمه1403: 1,,media_1790604467212.csv
سجاد,سعیدی,6,6,,09151243019,09156446306,36013111,وکیل آباد راست,آزادی 48جنب کباب برکات طبقه سوم زنگ 6,امیرمحمد قاسمی / قانع منش,class_seeker,normal,import,نیمه1402: 3,خواهان کلاس,media_1790604467212.csv
سید یاسین,سعیدی,5,5,,09151109821,09150029821,37637692,حومه,پنجم گاز ابوذر33 میلان4 سمت راست پ321,دختر خاله مادر,unknown,normal,import,,,"media_1790604467093.csv, media_1790604467135.csv"
سید پارسا,سعیدی نسب,5,5,,09155079718,09378270475,,آبکوه,چهارراه مجد مجد28,,unknown,normal,import,,,media_1790604467212.csv
امیرعلی,سفرکرده,5,5,,09158353524,09151053067,,امام رضا,عنصری یاران,سجاد حدادیان,unknown,normal,import,غدیر1403: 2; غدیر1405: 1; نیمه1403: 2; غدیر1404: 1,,media_1790604467212.csv
امیر عباس,سقا نوغانی,6,6,,09361941884,09156482292,,ابوطالب,,آقای محمدیان,unknown,normal,import,,,media_1790604467212.csv
حسین,سلامتی,4,4,,09153055535,09151126010,37112066,آبکوه,کلاهدوز 47. تورج 33. پلاک8,آقای هاشمی,unknown,normal,import,,,"media_1790604467093.csv, media_1790604467135.csv"
سید محمد حسین,سلامتی,2,2,,09153135918,09159037252,38403254,احمدآباد,ابتدای عدالت 17.پلاک 43.زنگ یک,حسنا مجری ساز طوسی,unknown,normal,import,,,"media_1790604467093.csv, media_1790604467135.csv"
محمدحسین,سلامی,6,6,,09301083209,09155159591,,امام رضا,,مدرسه سعدی,unknown,normal,import,,,media_1790604467212.csv
محمد یوسف,سلجوقیان,3,3,,09153018559,09158102275,38443358,احمدآباد,احمد اباد نبش ابوذر 32 پلاک 17,خواهر,unknown,normal,import,,,"media_1790604467093.csv, media_1790604467135.csv"
اروین,سلجوقیان مقدم,6,6,09154409930,09153139930,09154409930,,آبکوه,کلاهدوز,خانم ابراهیمی آموزگار دبستان رزاقی,unknown,normal,import,نیمه1403: 3,,media_1790604467212.csv
امید,سلطانی,5,5,,09153190296,09375290296,,رضاشهر,پیروزی4,مریم پویانسب,unknown,normal,import,غدیر1404: 2,,media_1790604467212.csv
امیررضا,سلطانی,6,6,,09153249426,09154762326,,امام رضا,چمن 27 پلاک 171,خانم مقیمیان,unknown,normal,import,غدیر1403: 7,,media_1790604467212.csv
سامیار,سلطانی,6,6,,09155107867,09153240900,,رضاشهر,پیروزی 10 زکریا جنوبی 28پ 20 طبقه 3,خانم ابراهیمی معلم کلاس,unknown,normal,import,,,media_1790604467212.csv
محمدطاها,سلطانی,5,5,,09151205803,09152375803,37584136,ابوطالب,بلوارعبدالمطلب عبدالمطلب 11لاله 1پلاک 48 زنگ دوم,خانم دباغی,unknown,normal,import,,,"media_1790604467093.csv, media_1790604467135.csv"
محمد حسام,سلطانی بشرویه,4,4,,09157080779,09363515644,37525142,ابوطالب,ابوطالب 54 پلاک 10 زنگ پایین,مدرسه شهیددهسنگی,unknown,normal,import,,,"media_1790604467093.csv, media_1790604467135.csv"
بهراد,سلطانی گرد فرامرزی,6,6,,09151068305,09155600210,38436356,احمدآباد,احمد آباد ملاصدرا 6 پلاک 19 زنگ سوم,معلم کلاس اول خانم دانشور / عماد افخمی / جلسه ای بوده و مدرسش آقای تشکری بوده,class_seeker,normal,import,نیمه1403: 3,خواهان کلاس,media_1790604467212.csv
محمدحسام,سلمانی مقدم,5,5,,09153260048,09156249708,,ابوطالب,عبادی103 پ6,,unknown,normal,import,غدیر1405: 3,,media_1790604467212.csv
آرسین,سلیمان مزرجی,5,5,,09397401635,09397401635,37328950,وکیل آباد راست,میدان نمایشگاه شهرک ارمغان بین ارمغان 12 و14 پلاک 23.خونه مامانم.,معلم دانش آموز,unknown,normal,import,,,media_1790604467212.csv
ایلیا,سلیمان پور,3,3,,09157622747,,,وکیل آباد چپ نزدیک,کوثر جنوبی15 پ11 ط2 جنوبی,,unknown,normal,import,,ماموریت ویژه,"media_1790604467093.csv, media_1790604467135.csv"
سید عطا,سلیمانی,5,5,,09155205163,09151069303,,وکیل آباد چپ,,پاشایی,unknown,normal,import,,,media_1790604467212.csv
علی,سلیمانی,5,5,,09156275254,09159928950,,رضاشهر,زکریا شمالی,دوست محمدکیا فهمیده,unknown,normal,import,غدیر1405: 3,,media_1790604467212.csv
علیرضا,سلیمانی,6,6,,09153145153,,32280443,ابوطالب,قرنی29 پ29,,unknown,normal,import,,,media_1790604467212.csv
امیدرضا,سلیمی,6,6,,09362937471,09158165501,32243660,ابوطالب,عبادی 29نبش میلان 9پلاک 89واحد1 / 9159927753,دبستان ایوب نصیر زاده,unknown,normal,import,نیمه1402: 5; نیمه1403: 1,,media_1790604467212.csv
مهدی,سلیمی,6,6,,09151040750,,,,,,unknown,normal,import,,,media_1790604467212.csv
فردین,سلیمی گل شیخی,3,3,,09155127360,,36092317,فرامرز,بلوار فردوسی خیابان ثمانه . ثمانه 1 پلاک 116 . زنگ 2,شریفه حفیظی,unknown,normal,import,,,"media_1790604467093.csv, media_1790604467135.csv"
سبحان,سلیمی گیلاکجان,6,6,,09151050785,09112376780,38452631,احمدآباد,کلاهدوز1,خانم دانشور,unknown,normal,import,نیمه1402: 3; نیمه1403: 3,,media_1790604467212.csv
رمضان,سمیری فر,4,4,,09376260968,,,امام رضا,,,unknown,normal,import,,,media_1790604467212.csv
داریوش,سمیعی,6,6,,09156214130,09380880834,,قاسم آباد الهیه,فلاحی7,,unknown,normal,import,,,media_1790604467212.csv
مرصاد,سنوبری,6,6,,09301482356,09153239198,,ابوطالب,میدان امام حسین,آقای معلمی,unknown,normal,import,نیمه1402: 4; غدیر1403: 4; نیمه1403: 3,,media_1790604467212.csv
سینا,سنچولی,6,6,,09152239725,,37591341,ابوطالب,ایثارگران25 ابراهیمی7 پ4 ط2,,unknown,normal,import,,,media_1790604467212.csv
سید امیرعباس,سنگی,4,4,09397673515,09151824627,09158267639,,ابوطالب,انتهای چراغچی 42 زمرد 13 سمت راست روبروی فضای سبز طبقه اول پلاک 22,سرکارخانم سمیراحائری,class_seeker,normal,import,غدیر1403: 2,خواهان کلاس,"media_1790604467093.csv, media_1790604467135.csv, media_1790604467212.csv"
امیرحسن,سنگین,3,3,,09151118133,09151229390,32229743,امام رضا,گنبد سبز اخوند خراسانی 20سمتچپ پااک 1/29زنگ سوم,گروه خدمتگزاران,unknown,normal,import,نیمه1402: 1; غدیر1403: 6,,media_1790604467212.csv
مهیار,سهرابی,5,5,,09384741058,09381385783,37278979,آبکوه,میدان تختی مطهری جنوبی3 عطار 3 پلاک 46 واحد 2,واتساپ,unknown,normal,import,,,media_1790604467093.csv
امیر عباس,سپهری,6,6,,09157065821,09150380535,37248056,ابوطالب,مطهری شمالی 17,یکی از دوستا,unknown,normal,import,,,media_1790604467212.csv
فربد,سپهری,6,6,,09156866239,,,قاسم آباد الهیه,اندیشه,,unknown,normal,import,,,media_1790604467212.csv
محمدعلی,سپهری,3,3,09155146099,09155146099,,,وکیل آباد چپ نزدیک,هنرستان 40/6 پلاک 30,امیر مهدی شوشتری,unknown,normal,import,,,"media_1790604467093.csv, media_1790604467135.csv"
ایلیا,سکندرپور,5,5,,09353021432,09151332873,38474384,آبکوه,راهنمایی 22.پلاک 3/37 زنگ دوم,کانال مدرسه,unknown,normal,import,,,media_1790604467093.csv
سید محمد حسن,سیاحی زاده,2,2,,09175602719,09913305917,38477256,کوهسنگی,خیابان دکتر بهشتی 36 پارس 14 آخرین کوچه سمت چپ پلاک 190 طبقه سوم,محروقی,unknown,normal,import,,,"media_1790604467093.csv, media_1790604467135.csv"
سید حسین,سیادت,6,6,09965655113,09304546616,09152175886,37343226,ابوطالب,کامیاب17 فائزی 4پلاک 54طبقه دوم / 09965655113,اتش روز,unknown,normal,import,نیمه1402: 2; نیمه1403: 4; غدیر1404: 3,,media_1790604467212.csv
امیرحسین,سیبویه,3,3,,09333054178,09333054178,,آبکوه,,,unknown,normal,import,,,media_1790604467212.csv
سید مهدی,سید شبیری,5,5,,09373716933,09368266390,,کوهسنگی,بهشتی2,اقای مهدی زاده,unknown,normal,import,غدیر1404: 2; غدیر1405: 6,,media_1790604467212.csv
مهدیار,سید صلاتی,6,6,,09365746653,,,ابوطالب,آقا یوسف,,unknown,normal,import,,,media_1790604467212.csv
سید علی,سیدزاده,4,4,,09127952101,09151108393,,رضاشهر,رضوی 26,خانم اسلامی / محمد یوسف اقطاعی,unknown,normal,import,غدیر1405: 1,,media_1790604467212.csv
سید علی,سیدزاده,4,4,,09153117099,09151255842,38676460,وکیل آباد راست,صدف 29 - پلاک 33 - طبقه چهارم,سید امیر مهدی سیدزاده,unknown,normal,import,نیمه1402: 4; غدیر1405: 1,,media_1790604467212.csv
سید علیرضا,سیدی,4,4,,09153109848,09153305471,32213620,احمدآباد,احمدآباد_ ابوذر غفاری 1_ پلاک 124,خانم یوسفی,unknown,normal,import,نیمه1402: 1; غدیر1403: 2; غدیر1404: 1,,media_1790604467212.csv
سید مهدی,سیدی,5,5,,09153580814,09155024145,38410832,آبکوه,سناباد41-گل یک- پلاک64,سیدحسن هاشم نیا,unknown,normal,import,,,media_1790604467093.csv
سیدامیریوسف,سیدی,2,2,,09155010545,09377701004,37291805,آبکوه,خیابان مجد بین مجد 28و 30پلاک23,فاطمه سادات سیدی,unknown,normal,import,,,"media_1790604467093.csv, media_1790604467135.csv"
سید محمدعلی,سیف زاده,5,5,,09157772018,09157052018,,رضاشهر,خاقانی24,خانم اسماعیلی,unknown,normal,import,نیمه1403: 3; غدیر1405: 3,,media_1790604467212.csv
حسین,سیف کاشانی,5,5,,09156166598,09394797506,38683349,وکیل آباد چپ,بین صارمی 37و39پلاک 35زنگ 61,اقبال نیا,unknown,normal,import,نیمه1402: 1; غدیر1403: 1; غدیر1404: 2,,media_1790604467212.csv
محمدطاها,سیفی,6,6,09155060045,09308770266,09358061812,,وکیل آباد چپ,هاشمیه,علیرضا رسولی پور / آقای شمس,unknown,normal,import,نیمه1402: 3; غدیر1403: 1; غدیر1404: 2,,media_1790604467212.csv
محمد طاها,سیفی نژاد,3,3,,09151006931,09158067494,37110836,آبکوه,کلاهدوز 23 .بعد از چهارراه دوم سمت چپ پلاک 60 واحد 3,یک کانال در تلگرام,unknown,normal,import,,,media_1790604467093.csv
عبدالحسین,سینایی نژاد,3,3,,09159391412,09159391412,38476998,احمدآباد,احمداباد ، بابک 9، پلاک 2/46، زنگ 1,عباس زاده,unknown,normal,import,غدیر1403: 3,,"media_1790604467093.csv, media_1790604467135.csv, media_1790604467212.csv"
محمد مهدی,شادلو,4,4,,09155112061,09379372061,38438318,آبکوه,فلکه سراب سناباد 7 بن بست اول سمت راست پ1/91,ناشناس,unknown,normal,import,,ماموریت ویژه2,"media_1790604467093.csv, media_1790604467135.csv"
سبحان,شادمان,6,6,,09151571979,09155120881,,کوهسنگی,,,unknown,normal,import,غدیر1405: 4,,media_1790604467212.csv
علی,شادمان مقدم,6,6,,09155211643,,37134230,ابوطالب,ابوطالب1 خیاطی7 پ27,,unknown,normal,import,,,media_1790604467212.csv
ادریس,شارعی,6,6,,09109211561,09016219730,,ابوطالب,خیام شمالی,,unknown,normal,import,غدیر1404: 3,,media_1790604467212.csv
امیرمحمد,شازده,6,6,,09150736427,09150736427,38536018,امام رضا,عنصری11 پلاک1/129,مدرسه,unknown,normal,import,,,media_1790604467212.csv
سیدابوالفضل,شالفروشان,6,6,,09151200025,09151243145,,رضاشهر,شهرک طالقانی,نجمه هاشم زاده,unknown,normal,import,نیمه1403: 3,,media_1790604467212.csv
حسین,شالچیان,3,3,,09365264636,09038613062,38405721,کوهسنگی,کوهسنگی جهان آرا10امید 10کوچه رز547/1,فهیمی,unknown,normal,import,غدیر1403: 6; نیمه1403: 4; غدیر1404: 1; غدیر1405: 4,,media_1790604467212.csv
محمدطاها,شالچیان طرقبه,4,4,,09158278547,09158278548,37512493,ابوطالب,ابوطالب 37 پلاک 31 ط 2,مجید یزدیانی,unknown,normal,import,,,"media_1790604467093.csv, media_1790604467135.csv"
کوروش,شالچین یزدی,6,6,,09364860013,09152395038,5137252926,ابوطالب,توس33شقایق 1بهار4سمت چپ درب اول واحد2,فرشته لیالی,unknown,normal,import,غدیر1403: 3,,media_1790604467212.csv
عباس,شاه حسینی,5,5,,09157500041,,,رضاشهر,طالقانی فکوری79 پ40,,unknown,normal,import,,,media_1790604467212.csv
محمد علی,شاه گل زاده,5,5,,09354537016,09354537016,,قاسم آباد الهیه,,,unknown,normal,import,,,media_1790604467212.csv
شایان,شاهان,4,4,,09372035496,09372035406,38443707,احمدآباد,بخارایی6پلاک42,حسین زاده,unknown,normal,import,,,media_1790604467093.csv
رضا,شاهرخی,4,4,,09151582883,09151584322,,ابوطالب,,کانال ضد سرقت,unknown,normal,import,,,media_1790604467212.csv
محمد سلمان,شاهرخی,3,3,,09151064240,,,وکیل آباد راست,دانش آموز,جشن غدیر هفت تیر 21,unknown,normal,import,غدیر1403: 2; نیمه1403: 1; غدیر1405: 4,,media_1790604467212.csv
محمدحسین,شاهرخی,4,4,,09157571535,,,آبکوه,کلاهدوز 29 تورج 15 پلاک 101 واحد 1,,unknown,normal,import,,,media_1790604467212.csv
امیرعلی,شاهرخی نیک,6,6,,09011624765,09364469841,,قاسم آباد الهیه,,,unknown,normal,import,,,media_1790604467212.csv
امین مهدی,شاکری,6,6,,09358523770,09358523770,38516648,احمدآباد,ملک الشعرای بهار بهار5 پلاک 574,ارسال,unknown,normal,import,,,"media_1790604467093.csv, media_1790604467135.csv, media_1790604467212.csv"
سید مهدی,شاکری,4,4,,09356846820,09157060530,33420430,امام رضا,بلوار فرودگاه پروین اعتصامی 11پلاک 302,فهیمه کاشفی,unknown,normal,import,,,"media_1790604467093.csv, media_1790604467135.csv"
امیررضا,شاکری روش,4,4,,09105000071,09155120286,,فرامرز,مهدی28,خانم جباری,unknown,normal,import,نیمه1403: 2,,media_1790604467212.csv
حسام,شایان,4,4,,09154777312,,,وکیل آباد چپ,اقبال لاهوری 17,,unknown,normal,import,,,media_1790604467212.csv
سبحان,شایان,6,6,,09158014409,09379417583,36666718,فرامرز,ساجدی4 غفاری2 پ12 ط3,,class_seeker,normal,import,نیمه1402: 1; غدیر1403: 1; غدیر1404: 1,خواهان کلاس,media_1790604467212.csv
متین,شایسته,5,5,09151570237,09153083343,09151570237,,آبکوه,دانشسرا دانشسرا یک پلاک 16 طبقه 3زنگ 5,,unknown,normal,import,,,"media_1790604467093.csv, media_1790604467135.csv"
محمد جواد,شبابی,6,6,,09153200200,09155190296,38791046,سجاد,فلسطین / 9153250669,هاشمی / سرکار خانم پوراسماعیل,unknown,normal,import,نیمه1402: 3; غدیر1403: 5,,media_1790604467212.csv
امیر آرمان,شبانی,4,4,,09399555010,09157987900,,وکیل آباد راست,سیدرضی59,جشن غدیر هفت تیر 21,unknown,normal,import,غدیر1403: 4; نیمه1403: 2; غدیر1404: 1; غدیر1405: 4,,media_1790604467212.csv
علی,شبانی,4,4,,09158215598,09158215597,5137573889,ابوطالب,ایثارگران24 پلاک41,کانال اخبار,unknown,normal,import,نیمه1402: 1; نیمه1403: 1; غدیر1404: 1,,media_1790604467212.csv
سید مهدی,شبیری,5,5,,09373716923,09158114503,38519909,کوهسنگی,بهشتی2 پ41 واحد1,,unknown,normal,import,نیمه1402: 2; نیمه1403: 2,,media_1790604467212.csv
امیر اسماعیل,شجاع,6,6,,09154030996,09150090996,,,,میرزایی,unknown,normal,import,,,media_1790604467212.csv
علی اصغر,شجاع گوارشکی,5,5,09151015279,09926323428,09157067138,,ابوطالب,هدایت 32,جشن هفت تیر21,unknown,normal,import,نیمه1402: 2; نیمه1403: 2,,media_1790604467212.csv
سبحان,شجاعی مهر,6,6,,09381691869,,37286509,آبکوه,بین تورج18 و 20 پ6,,unknown,normal,import,,,media_1790604467212.csv
طاها,شخصی دربند,5,5,,09153043959,09153581930,38412745,کوهسنگی,کوهسنگی.بهشتی 38 پلاک50 طبقه دوم,مریم محبی,unknown,normal,import,,,media_1790604467212.csv
امیرعباس,شرافت,5,5,,09153186330,09157776330,37573353,ابوطالب,بلوار هدایت 39/10پلاک 136,از طرف مدرسه,unknown,normal,import,غدیر1403: 2; غدیر1404: 2,,media_1790604467212.csv
ابالفضل,شربتداران,6,6,,09151105525,09151040258,38413756,آبکوه,سناباد 28، نبش تربیت جنوبی 1 پلاک 2/5 واحد 6,جواد سعادتمند,unknown,normal,import,,,"media_1790604467093.csv, media_1790604467135.csv"
امیرطاها,شربتداران,3,3,,09364463272,09367575723,32293068,آبکوه,چهار راه گلستان - گلستان شرقی 7 - کوچه زادمهر - ساختمان مهر کوثر زنگ سوم,تقی زادگان / تقدمی / دوقلو هستند,class_seeker,normal,import,غدیر1403: 6; غدیر1404: 1; غدیر1405: 4,خواهان کلاس,media_1790604467212.csv
احسان,شرف الدین,5,5,,09051992432,09156936239,3225332253698698,ابوطالب,هاشمی نژاد20/1,سمیه شرف الدین,unknown,normal,import,,,"media_1790604467093.csv, media_1790604467135.csv"
سید محمد طاها,شریعت یار,5,5,,09151036029,09387614979,37607241,,,امیر حسین طالب,unknown,normal,import,,,media_1790604467212.csv
محمدرضا,شریعتی,5,5,,09151178517,,,کوهسنگی,کوهسنگی,جشن نیمه شعبان میدان سعدی (وحیدرضا هدایتی),unknown,normal,import,,,media_1790604467212.csv
حمیدرضا,شریفی,6,6,,09155598442,09028992335,,وکیل آباد راست,,گروه ورزشی بر پا,unknown,normal,import,,,media_1790604467212.csv
عباس,شریفی,5,5,,09153759688,09393842527,,وکیل آباد راست,سیدرضی 50,خانم لشگری,unknown,normal,import,غدیر1405: 3,,media_1790604467212.csv
مهدیار,شریفی,3,3,,09157989315,09379373559,,وکیل آباد راست,نمایشگاه,سمیرا مرشدی,unknown,normal,import,نیمه1403: 6; غدیر1405: 1,,media_1790604467212.csv
سید امیرعباس,شعاع الحسینی,5,5,,09363737732,09157185289,38533373,امام رضا,خیابان بهار بهار 3 پلاک 41 زنگ 3,,class_seeker,normal,import,نیمه1402: 5; نیمه1403: 2,خواهان کلاس,media_1790604467212.csv
صدرا,شعاعی,4,4,,09133430194,09134924213,,کوهسنگی,کوهسنگی,,unknown,normal,import,,,media_1790604467212.csv
کاوه,شعاعی,5,5,,09159765862,09158052694,38931095,وکیل آباد راست,دانش آموز 20 پلاک 13/1,مریم مکفی,unknown,normal,import,,,media_1790604467212.csv
امیرعباس,شعبانی,5,5,,09305965138,09105002213,,آبکوه,سازمان آب شهید صادقی توفیق13,سجاد گوهرشادی / مهدی نجف زاده,class_seeker,normal,import,غدیر1405: 3,خواهان کلاس,media_1790604467212.csv
محمدصالح,شعبانی,1,1,,09151106042,09151253235,38694439,وکیل آباد چپ دور,هفت تیر 1 پلاک 51,فاطمه فرازی,unknown,normal,import,,,"media_1790604467093.csv, media_1790604467135.csv"
امیرحسام,شعرباف,4,4,,09371382838,,,ابوطالب,ابوطالب26,جشن غدیر هفت تیر 21 / رئیسی,unknown,normal,import,غدیر1403: 1,,media_1790604467212.csv
محمد,شعفی,5,5,,09900190264,09365219643,38715396,رضاشهر,رضاشهر شهرک طالقانی ارغوان15 پلاک3 واحد2,محمد رضا جم,unknown,normal,import,نیمه1402: 1; غدیر1403: 2; نیمه1403: 2; غدیر1404: 1,,media_1790604467212.csv
سبحان,شغیعی,6,6,,09159752097,09154441608,,وکیل آباد راست,,خانم حبیبی,unknown,normal,import,,,media_1790604467212.csv
پارسا,شفاجو,6,6,,09152286593,09366116593,,فرامرز,,دبستان افشاری,unknown,normal,import,,,media_1790604467212.csv
علی,شفایانی,2,2,,09151048441,09158241477,05138435804,احمدآباد,احمدآباد.ملاصدرا21.پلاک8,زینت صدر,unknown,normal,import,,,"media_1790604467093.csv, media_1790604467135.csv"
امیرعلی,شفیعی,4,4,,09359949200,09352949969,,احمدآباد,ابوذرغفاری11 پ105,عبدالهی,class_seeker,normal,import,غدیر1403: 6; نیمه1403: 3; غدیر1404: 1; غدیر1405: 2,خواهان کلاس,media_1790604467212.csv
سبحان,شفیعی,6,6,,09154441608,,38934531,وکیل آباد راست,ستاری17,,unknown,normal,import,نیمه1403: 1,,media_1790604467212.csv
محمد امین,شمسی کاخکی,3,3,,,09156467815,38793840,وکیل آباد چپ نزدیک,پیروزی 14، طیاری 14. پلاک77. طبقه1,محمد مهدی شمسی کاخکی,unknown,normal,import,,,"media_1790604467093.csv, media_1790604467135.csv"
شهاب,شهابی,5,5,09385193018,09155203018,09385193018,,ابوطالب,شهید کریمی22پلاک16 طبفه همکف,,unknown,normal,import,,,"media_1790604467093.csv, media_1790604467135.csv"
علی,شهابی,4,4,,09371200732,09302772117,,فرامرز,,یکی ازکانال هایی که عضوهستم,unknown,normal,import,,,media_1790604467212.csv
مهرسام,شهبازی,2,2,,09199666090,09159272412,,احمدآباد,ابوذر 13,,unknown,normal,import,,,media_1790604467212.csv
امیرعلی,شهراد نیا,6,6,,09157571073,09158333503,,وکیل آباد چپ,هاشمیه14,جشن هفت تیر21 / دوست همایون اکبرزاده,unknown,normal,import,غدیر1403: 7; نیمه1403: 2,,media_1790604467212.csv
امیر محمد,شهرستانی,6,6,,09153068280,,,آبکوه,,,unknown,normal,import,,,media_1790604467212.csv
هاوش,شهرکی,4,4,,09351816932,09351816932,,احمدآباد,,میری,unknown,normal,import,,,media_1790604467212.csv
ابوالفضل,شهری,4,4,,09150076124,09151116124,,امام رضا,خمینی,گلرخی,unknown,normal,import,,,media_1790604467212.csv
صالح,شهریاری,3,3,,09392891615,09358653261,37124185,ابوطالب,چهارراه موسوی قوچانی،قوچانی 17 پلاک19 ط1ول,مربی,unknown,normal,import,نیمه1402: 1; غدیر1403: 7,,media_1790604467212.csv
عرفان,شهنازی,4,4,,09156172517,09156002517,,ابوطالب,خیام شمالی53,,unknown,normal,import,,,media_1790604467212.csv
محمدحسین,شهپری,2,2,,09154500295,09159173973,37603025,فرامرز,ساجدی1,,unknown,normal,import,,,"media_1790604467093.csv, media_1790604467135.csv"
امیرحسین,شوشتری,5,5,,09155577451,09362206984,38695538,وکیل آباد راست دور,بلوار وکیل آباد- سه راه زندان- بلوار شهید ستاری- ستاری 4- پلاک 3.,علیرضا شوشتری,unknown,normal,import,,,"media_1790604467093.csv, media_1790604467135.csv"
سبحان,شکوری,4,4,,09152500014,09154006520,37644432,سجاد,شهید صادقی 12 هجرت 3 مالک اشتر 7 پلاک 29 واحد 3,,unknown,normal,import,,,media_1790604467212.csv
حمیدرضا,شکوهی,6,6,,09015292832,09158760322,,کوهسنگی,مدرسه,,unknown,normal,import,,,media_1790604467212.csv
میکاییل,شکوهی زاده,4,4,,09358875964,09934659315,,امام رضا,پروین اعتصامی,معلم.خانم گلرخی,unknown,normal,import,نیمه1403: 6,,media_1790604467212.csv
سید علیرضا,شکیب رضوی,4,4,,09153065737,09158228818,33413222,امام رضا,خیابان 17شهریور 2/2 مقابل قنادی طباطبایی پلاک 16,,unknown,normal,import,,محسن احمدی روحانی | هردمبیلی,"media_1790604467093.csv, media_1790604467135.csv"
آتیلا,شیبانی,5,5,,09192004344,09372065331,,فرامرز,جانباز11,,unknown,normal,import,غدیر1405: 6,,media_1790604467212.csv
ابوالفضل,شیخ,6,6,,09151071713,,,وکیل آباد چپ,صیاد شیرازی5,جشن غدیر هفت تیر 21,unknown,normal,import,غدیر1403: 1; نیمه1403: 1; غدیر1404: 1,,media_1790604467212.csv
مهدیار,شیخ,4,4,,09158215475,09158998656,,وکیل آباد چپ,لادن32 گلدیس12,,unknown,normal,import,نیمه1402: 1; غدیر1403: 3; نیمه1403: 1; غدیر1404: 1,,media_1790604467212.csv
شهریار,شیخ الاسلامی,3,3,,09158114223,09155052331,,احمدآباد,ناصرخسرو,مجازی,unknown,normal,import,غدیر1405: 6,,media_1790604467212.csv
محمد,شیخ الاسلامی,6,6,,09153591801,09153591801,37665863,آبکوه,ارشاد9 نوربخش3 پ32 واحد1,حکیم زاده,unknown,normal,import,نیمه1402: 1; غدیر1403: 2; نیمه1403: 1; غدیر1404: 1; غدیر1405: 6,,"media_1790604467093.csv, media_1790604467135.csv, media_1790604467212.csv"
محمدرضا,شیخ الاسلامی,6,6,,09155004885,09335847575,38585828,کوهسنگی,انتهای کوهسنگی6.پ61,صفوی,unknown,normal,import,نیمه1402: 1; نیمه1403: 4; غدیر1404: 3,,media_1790604467212.csv
محمدطاها,شیخ الاسلامی,6,6,09397153240,09150509254,09397153240,,رضاشهر,نماز 1 1/9 مجتمع نگار,سید صالح,unknown,normal,import,نیمه1402: 5; غدیر1403: 6; غدیر1404: 4,,media_1790604467212.csv
محمدحسین,شیخ الطائفه,4,4,,09151207460,,38825895,وکیل آباد چپ نزدیک,هاشمیه 24/1 پ10,پدرشون,class_seeker,normal,import,,خواهان کلاس | حضوری,"media_1790604467093.csv, media_1790604467135.csv"
محمدحسین,شیخ الطایفه,4,4,,09151207460,09159126812,38825895,وکیل آباد چپ,هاشمیه24/1 پلاک ده واحد شش,آقای خالقی,unknown,normal,import,,,"media_1790604467093.csv, media_1790604467135.csv"
شهریار,شیخ زاده,4,4,,09158806386,09153146386,,سجاد,حامد جنوبی 15,خانم کمالی,unknown,normal,import,نیمه1403: 6; غدیر1404: 1; غدیر1405: 1,,media_1790604467212.csv
محمد حسین,شیخ زاده,3,3,,09352452524,09354762780,32219555,امام رضا,امام خمینی 78 بعد از چهارراه دوم پلاک 19,راضیه شیخ زاده,unknown,normal,import,,,"media_1790604467093.csv, media_1790604467135.csv"
محمدامین,شیر محمدی,6,6,,09105006331,09153231252,,احمدآباد,,آقای خالصی پور,unknown,normal,import,,,media_1790604467212.csv
ابوالفضل,شیرازی,6,6,,09357549494,,,,,,unknown,normal,import,,,media_1790604467212.csv
داریوش,شیرازی,4,4,,,09150883593,,احمدآباد,طالقانی 1,,unknown,normal,import,,,media_1790604467212.csv
محمدرضا,شیرزاده,6,6,,09151229771,09151229771,,رضاشهر,,,unknown,normal,import,نیمه1403: 6,,media_1790604467212.csv
محمدعلی,شیرعلی,3,3,,09155238522,09153120078,دوقلو,احمدآباد,ناصر خسرو,,class_seeker,normal,import,غدیر1403: 7,خواهان کلاس,media_1790604467212.csv
سید ابوالفضل,شیری,2,2,,09151229471,09151229471,36084794,وکیل آباد راست نزدیک,آزاد شهر . امامت 62 . پلاک 49 . طبقه دوم,آقای زارع,unknown,normal,import,,هردمبیلی,"media_1790604467093.csv, media_1790604467135.csv"
امیرعلی,شیشه چی,4,4,,09151103786,09159044365,,احمدآباد,,اقطاعی / خانم اسلامی,unknown,normal,import,,,media_1790604467212.csv
محمد حسین,شیشه چی,3,3,,09373764874,09150040974,,وکیل آباد چپ,,الیاس خالقی / هدایت زاده,unknown,normal,import,نیمه1403: 3,,media_1790604467212.csv
سید محمد ماهان,صاحبکار,2,2,,09155021874,09151019289,36063203,وکیل آباد راست نزدیک,بلوار وکیل آباد.وکیل آباد 9.مدرس 7.پلاک 65.طبقه سوم,بهروزنیا,unknown,normal,import,,,"media_1790604467093.csv, media_1790604467135.csv"
محمد صدرا,صاحبکار,4,4,,09153166338,09151082746,,وکیل اباد راست,,آرسام صاحبکار,unknown,normal,import,,,media_1790604467212.csv
محمدحسین,صاحبی,2,2,,09156457868,09152276418,37120807,ابوطالب,مطهری شمالی20 پلاک6 طبقه4,زینب نامدار,unknown,normal,import,,,"media_1790604467093.csv, media_1790604467135.csv"
سینا,صادق مسجدی,4,4,,09377758861,09155060276,05137311462,ابوطالب,مطهری37 پ110 ط3,محمد صادق مسجدی,unknown,normal,import,,,"media_1790604467093.csv, media_1790604467135.csv"
حسین,صادقی,4,4,,09158028396,09157893545,38942988,وکیل آباد راست,وکیل آباد61 غدیر20,,unknown,normal,import,نیمه1402: 1; غدیر1403: 6; نیمه1403: 2; غدیر1404: 1; غدیر1405: 1,,media_1790604467212.csv
محمد طاها,صادقی,3,3,,09156130652,09158601565,37264463,آبکوه,بلوار شهید کلاهدوز ،کلاهدوز 47،شهید منفرد 4پلاک 103,کانال پیدای پنهان در تلگرام,unknown,normal,import,,,"media_1790604467093.csv, media_1790604467135.csv"
محمد طاها,صادقی,5,5,,09151001753,,,کوهسنگی,بهشتی,,unknown,normal,import,,,media_1790604467212.csv
محمدرضا,صادقی,6,6,,09156014295,09156014295,37263348,آبکوه,کلاهدوز36 اسفندیانی8/3 پ50,,unknown,normal,import,نیمه1403: 5; غدیر1405: 3,,media_1790604467212.csv
محمدطاها,صادقی,6,6,,09159239216,09156538760,37251335,ابوطالب,ابوطالب 1 خیاطی 10 میلان دوم پلاک 20,طیبه رمضان,unknown,normal,import,غدیر1403: 4; نیمه1403: 3,,media_1790604467212.csv
علی,صادقی زاده,4,4,,09367822471,09357368633,,کوهسنگی,کوهسنگی22 پ50,مسعود علیزاده - الیاس خالقی,class_seeker,normal,import,غدیر1405: 1,خواهان کلاس,media_1790604467212.csv
امیرحسین,صالح شریف,6,6,,09365264636,09038613062,38405721,کوهسنگی,کوهسنگی جهان آرا10امید 10کوچه رز547/1,خانم رجبی,unknown,normal,import,غدیر1403: 6; غدیر1405: 4,,media_1790604467212.csv
ایلیا,صالحی,5,5,,09054755414,09910217057,,کوهسنگی,کوهسنگی 20,خانم صبوحی,unknown,normal,import,نیمه1403: 6; غدیر1404: 2; غدیر1405: 3,,media_1790604467212.csv
علی اکبر,صالحی مقدم,5,5,,09151228046,09150739645,37263219,رضاشهر,نوفل شاتو,سرکار خانم عبداللهی,unknown,normal,import,نیمه1403: 2; غدیر1404: 2; غدیر1405: 4,,media_1790604467212.csv
محمدمهدی,صباحی,4,4,,09151670795,09153670095,36015928,وکیل آباد راست,دانش آموز7 ، بعد از چهارراه اول ، پلاک 301,سایت,unknown,normal,import,نیمه1402: 1; غدیر1403: 6; نیمه1403: 5; غدیر1404: 1,,media_1790604467212.csv
محمد صدرا,صباغ,5,5,,09156141526,,,,,,unknown,normal,import,,,media_1790604467212.csv
سینا,صبوحی,6,6,,09156510089,09016055873,52240767,کوهسنگی,همت 4 پلاک 281 واحد8,خانم الهیاری,unknown,normal,import,,,media_1790604467212.csv
سجاد,صبور,6,6,,09153458325,09145783275,44562,احمدآباد,رضا 28,نمیدونم,unknown,normal,import,,,media_1790604467212.csv
آراد,صبوری,4,4,,09151027154,,38645479,وکیل آباد چپ نزدیک,بلوار دلاوران دلاوران 6 صیاد23,مینا فخلعی,unknown,normal,import,,,"media_1790604467093.csv, media_1790604467135.csv"
احسان,صبوری,5,5,,09153065596,,,احمدآباد,,,unknown,normal,import,,,media_1790604467212.csv
امیرعلی,صبوری,4,4,,09154244785,09365899898,,کوهسنگی,نامجو,محمد کوثر,unknown,normal,import,نیمه1402: 4; غدیر1403: 6; نیمه1403: 3; غدیر1405: 1,,media_1790604467212.csv
محمد حسام,صبوری,6,6,,09156562722,09156562721,,امام رضا,امام خمینی,طوسی,unknown,normal,import,غدیر1403: 6; غدیر1404: 3,,media_1790604467212.csv
محمدسجاد,صبوری,4,4,,,09032235907,,وکیل اباد راست,,والارضا فولاد کار / خانم اقطاعی,unknown,normal,import,,,media_1790604467212.csv
محمدعلی,صبوریان,6,6,09153257933,09153009530,09153257933,,احمدآباد,رضاشهر بلوار رضوی بین رضوی 18 و 16,معلمم,unknown,normal,import,,,media_1790604467212.csv
سید امیرمحمد,صحنینی,4,4,,09151156884,09155057984,,کوهسنگی,,خانوم دانشور,unknown,normal,import,نیمه1403: 6; غدیر1404: 1,,media_1790604467212.csv
سیدمحمدطاها,صداقت,3,3,,09151214478,09361717440,37316496,ابوطالب,مطهری شمالی 48فضایلی 5 اندیشه 9 پ 53,دوست,unknown,normal,import,,,"media_1790604467093.csv, media_1790604467135.csv"
محمدجواد,صداقت,4,4,09104881474,09104881474,09104881474,,آبکوه,کلاهدوز47,کانال مجالس مذهبی,unknown,normal,import,غدیر1405: 2,,media_1790604467212.csv
امیرحسین,صداقت پور,6,6,,09159060774,09302565773,32777946,آبکوه,خیابان سنایی میدان صاحب الزمان بین صاحب الزمان 20 و 22 مجتمع توفیق پلاک 16,مدرسه شهید رزاقی . خانم دانشور,unknown,normal,import,نیمه1403: 3,,media_1790604467212.csv
حسین,صداقتی,6,6,,09155050284,09151574485,37311946,ابوطالب,مطهری شمالی 48 پلاک 96,جمشید نصب,unknown,normal,import,غدیر1403: 6; نیمه1403: 2; غدیر1404: 3,,media_1790604467212.csv
مهرسام,صداقتی فر,2,2,,09158235358,09155074730,35013055,وکیل آباد راست,وکیل آباد 77 فارغ التحصیلان 9/2 پلاک 19 واحد 4,,unknown,normal,import,,,media_1790604467093.csv
امیرعطا,صدر,6,6,,09366690187,09154794840,38419913,احمدآباد,احمدابادراهنمایی11پلاک14,اذرحسین زاده,unknown,normal,import,,,media_1790604467093.csv
امیر عباس,صدری,5,5,,09156617568,09303280391,,امام رضا,,دوستم,unknown,normal,import,,,media_1790604467212.csv
امیرحسن,صدوقی,4,4,,09155307445,,38468779,کوهسنگی,بهشتی 36 بعد از چهارراه دوم پ146,,unknown,normal,import,,علی صدوقی | ماموریت ویژه2,"media_1790604467093.csv, media_1790604467135.csv"
دانیال,صدوقی,6,6,,09155821394,09151280196,,وکیل آباد چپ,فکوری11 شقایق18,,unknown,normal,import,غدیر1403: 6,,media_1790604467212.csv
محمد عرفان,صدوقی شاندیز,5,5,,09151181143,09151036953,37247157,آبکوه,مجد27 پ90 زنگ4,الهه کاتب,unknown,normal,import,,,media_1790604467093.csv
صدرا,صدیقی,4,4,,09300075875,09357416062,38841348,وکیل آباد چپ نزدیک,پیروزی 42پلاک80واخد5,خانم شکوهی نژاد,unknown,normal,import,,,"media_1790604467093.csv, media_1790604467135.csv"
ماهان,صدیقی,4,4,,09155105921,09157155921,38836608,وکیل آباد چپ,هاشمیه 26 چهارراه اول سمت چپ پلاک 31 واحد3,آقای رسولی پور,unknown,normal,import,,,media_1790604467212.csv
متین,صدیقی,6,6,,09367239076,09367239076,,وکیل آباد چپ,,,unknown,normal,import,,,media_1790604467212.csv
مهدیار,صدیقی,6,6,,09155125215,,,وکیل آباد چپ,,,unknown,normal,import,,,media_1790604467212.csv
سجاد,صفابخش,2,2,,09151960762,09362701797,38715308,رضاشهر,رضاشهر،شهرک طالقانی، ارغوان 13، پلاک 52، طبقه همکف,فاطمه رضوی,unknown,normal,import,,,"media_1790604467093.csv, media_1790604467135.csv"
امیرعلی,صفارنجیب,6,6,,09151158234,09155150654,38552863,احمدآباد,احمدآباد رضا 32 پلاک 46,خانم دانشور,unknown,normal,import,,,media_1790604467212.csv
سید سجاد,صفاریان,5,5,,09151576757,09151328688,,وکیل آباد چپ,کوثرشمالی7 پ19,جشن هفت تیر21,unknown,normal,import,نیمه1402: 3; غدیر1403: 3; نیمه1403: 2,,media_1790604467212.csv
سبحان,صفایی,4,4,,09153598766,09158225616,,سجاد,فلسطین,,unknown,normal,import,,,media_1790604467212.csv
علی,صفتی,4,4,,09352666493,09153580093,,احمدآباد,ابوذر,خانم شرفی,unknown,normal,import,نیمه1403: 6; غدیر1404: 2; غدیر1405: 2,,media_1790604467212.csv
محمد علی,صفرزاده,6,6,09155797591,09155797591,09339042747,,امام رضا,امام رضا 62چهارراه دوم پلاک 146,کانال مجالس مذهبی,unknown,normal,import,غدیر1404: 2,,media_1790604467212.csv
سهیل,صفری,6,6,,09153162643,09153257566,,وکیل آباد چپ,صیاد42,,unknown,normal,import,غدیر1403: 6,,media_1790604467212.csv
امیرعلی,صفری مقدم,4,4,09151198630,09155571208,09151245713,,رضاشهر,پیروزی,محمد صداقت / امیرمهدی قرائی / زهرا شهریاری,unknown,normal,import,غدیر1403: 1; نیمه1403: 6; غدیر1404: 1; غدیر1405: 6,,media_1790604467212.csv
محمد طاها,صفوتی,2,2,,09352666493,09924916719,,حومه,,,unknown,normal,import,,,media_1790604467212.csv
سید محمد صادق,صفوی,6,6,,09156000042,09158938037,38586423,امام رضا,امام رضا 35 چهارراه سوم سمت راست پلاک 59,اقوام,unknown,normal,import,نیمه1402: 3; غدیر1403: 3,,media_1790604467212.csv
مازیار,صلواتی,5,5,,09158233197,,,ابوطالب,توس 1,,unknown,normal,import,,,media_1790604467212.csv
ایلیا,صمدانی,2,2,,09385490370,09156179260,,آبکوه,تورج28 پ5 (فامیلی ممکنه چیز دیگری باشد),,unknown,normal,import,نیمه1403: 5; غدیر1405: 4,,media_1790604467212.csv
امیرعلی,صمدی,6,6,,09352949611,09157025378,32238754,ابوطالب,عبادی 47 پژن 18 پلاک 64 طبقه 4,کانال اخبار مشهد,unknown,normal,import,,,"media_1790604467093.csv, media_1790604467135.csv"
محمدپارسا,صمدی,6,6,,09155110966,09359490049,,فرامرز,بلوار فردوسی مهدی21,جشن هفت تیر21,unknown,normal,import,نیمه1402: 4; نیمه1403: 4; غدیر1404: 2,,media_1790604467212.csv
محمد صالح,صنعت کار,3,3,,09155138581,09155308581,38824708,وکیل آباد چپ,بولوار وکیل آباد خیابان باهنر باهنر 7 پلاک 5 طبقه دوم,آقای موسوی / آقای پورزکی,unknown,normal,import,نیمه1402: 1; غدیر1403: 2; نیمه1403: 1; غدیر1404: 1; غدیر1405: 4,,media_1790604467212.csv
طاها,صهبائی زارعی,3,3,,09153152180,09158513059,37235072,آبکوه,بلوار کلاهدوز . کلاهدوز23 چهارراه دوم انتهای تکتم شمالی21 پلاک155واحد سوم منزل صهبائی زارعی,یکی از دوستان نزدیک,unknown,normal,import,,,media_1790604467093.csv
مهزیار,صهبایی احمدی,,7,,09155068364,09158180209,,آبکوه,آبکوه9مجد3پلاک188زنگ بالاسمت راست,😎,unknown,normal,import,,,"media_1790604467093.csv, media_1790604467135.csv"
محمدحسین,صیاف زاده,5,5,,09151000814,09304042215,,ابوطالب,هدایت19 پ40,آقای برکات,class_seeker,normal,import,غدیر1405: 3,خواهان کلاس,media_1790604467212.csv
زهیر,ضرابی گل ختمی,5,5,,09155596095,09153757427,,وکیل آباد چپ,صارمی38 صارمی38/12 پ81,واحدی,unknown,normal,import,نیمه1402: 1,,media_1790604467212.csv
ابوالفضل,ضمیری,5,5,,09153048981,09156145257,37233416,ابوطالب,بین عبدالمطلب 24و26 کاشی سرامیک ضمیری,زهرامیرمفیدی,unknown,normal,import,,,media_1790604467093.csv
ادریان,ضمیری,4,4,,09153146123,09159150067,37132591,آبکوه,خیابان سنایی .سنایی 12 کوچه اول سمت چپ پلاک 10 طبقه اول,دوست مهزیار امامی,unknown,normal,import,غدیر1405: 2,,media_1790604467212.csv
سروش,ضیاء شهابی,4,4,,09128612251,,,فرامرز,فرامرز4 پ25 زنگ3,,unknown,normal,import,,,"media_1790604467093.csv, media_1790604467135.csv"
سید علیرضا,ضیائی,6,6,,09151152494,09155189568,38524987,امام رضا,چهارراه بیسیم. خیابان جهاد. جهاد 5. پلاک 55,خواهر زاده ام.,unknown,normal,import,,,media_1790604467212.csv
کیان,ضیائی فر,6,6,,09157118371,09158306790,38822355,وکیل آباد چپ,کوثرجنوبی 7.پلاک 13,آقای رسولی,unknown,normal,import,,,media_1790604467212.csv
سروش,ضیاشهابی,4,4,,09154179146,09128612251,36042648,فرامرز,فرامرز4پلاک25واحد3,محمدرضاواحدی,unknown,normal,import,,,media_1790604467093.csv
سید علی اصغر,ضیافتی باقرزاده,1,1,,09153018829,09159027289,,کوهسنگی,ثامن الائمه 8، نبش چهارراه اول ، پلاک 17 ، زنگ 6,,unknown,normal,import,غدیر1405: 4,,media_1790604467212.csv
سیدمحمدطاها,ضیافتی باقرزاده,5,5,,09153245912,09363081194,38513714,امام رضا,امام رضا 61 بعداز چهارراه 3و4 سمت چپ پلاک 96/4,علیرضا صادق جوادی,unknown,normal,import,غدیر1403: 4; نیمه1403: 4,,"media_1790604467093.csv, media_1790604467135.csv, media_1790604467212.csv"
محمدمتین,ضیایی,3,3,,09151035080,09152035080,37533784,ابوطالب,هنرور 18 آفتابی5 پ 114 ط3,,unknown,normal,import,,ماموریت ویژه2,"media_1790604467093.csv, media_1790604467135.csv"
امیر یوسف,طالب زاده,1,1,,09155108560,09154748560,,رضاشهر,رضوی22,هانیه راستی,unknown,normal,import,نیمه1403: 6; غدیر1404: 1; غدیر1405: 1,,media_1790604467212.csv
علی,طالب زاده,6,6,,09151225943,09158281649,,کوهسنگی,کوهسنگی11,,unknown,normal,import,غدیر1405: 4,,media_1790604467212.csv
امیرعباس,طالبان,6,6,,09153199906,09366395995,37244797,ابوطالب,عبدالمطلب 22 ..رئوف 3 .پلاک 27 .طبقه پنجم,مهدوی سرشت,unknown,normal,import,غدیر1403: 5,,media_1790604467212.csv
محمد مهدی,طالبی,5,5,,09159107914,09390146767,,ابوطالب,هدایت,,unknown,normal,import,غدیر1405: 3,,media_1790604467212.csv
محمدطاها,طالبی,4,4,,09159968514,09011010329,,قاسم آباد الهیه,رفیعی6,,unknown,normal,import,غدیر1404: 3,,media_1790604467212.csv
سید الیاس,طالبیان,6,6,,09153008345,09126431279,,وکیل آباد راست,امامت2 پ14,دوست امیرحسین ضیایی حسینی,unknown,normal,import,نیمه1402: 4; غدیر1403: 2; نیمه1403: 3,,media_1790604467212.csv
سید محمدحسین,طالبیان,6,6,,09153213759,09156903759,38527806,امام رضا,ثامن الائمه 8، نبش چهارراه اول ، پلاک 17 ، زنگ 6,محمد تقدمی (دوست علی نظری),class_seeker,normal,import,نیمه1402: 3; غدیر1403: 4; نیمه1403: 3; غدیر1405: 4,خواهان کلاس,media_1790604467212.csv
محمد حسین,طالبیان,6,6,,09153213756,,,,,,unknown,normal,import,,,media_1790604467212.csv
سید محمدرضا,طالقانی,5,5,,09153148688,,,,,,unknown,normal,import,,,media_1790604467212.csv
محمد,طاهر برمنش,5,5,,09350791020,09155150391,5137275043,ابوطالب,عبدالمطلب22 رئوف 8 پلاک 36 طبقه سوم,خانم,unknown,normal,import,,,media_1790604467212.csv
سیدعرفان,طاهروفایی,5,5,,09155185583,09332802659,,ابوطالب,رحمانی نسب,,unknown,normal,import,,,media_1790604467212.csv
ابوالفضل,طاهری,5,5,,09358973122,09150795133,36901618,ابوطالب,هدایت19 پ40,,unknown,normal,import,,,media_1790604467212.csv
ابوالفضل,طاهری,6,6,,09353521326,09359672087,,ابوطالب,عبدالمطلب,,unknown,normal,import,,,media_1790604467212.csv
امیرارسلان,طاهری,4,4,,09153040312,09393040312,,وکیل آباد راست,دانش آموز37,,unknown,normal,import,نیمه1402: 1; غدیر1403: 6; نیمه1403: 2; غدیر1404: 1,,media_1790604467212.csv
حسین,طاهری,1,1,,09152000560,09156541172,32250257,ابوطالب,عبادی33.خزایی22.کوچه اول سمت چپ.پلاک 10,دوستان,unknown,normal,import,,,"media_1790604467093.csv, media_1790604467135.csv"
علی,طاهری,6,6,,09930630335,09928347713,38436440,ابوطالب,عبدالمطلب 50 پلاک 20 واحد 3,مدرسه,unknown,normal,import,,,media_1790604467212.csv
علی,طاهری مقدم,6,6,,09151084613,09151084613,,وکیل آباد چپ,,بابا,unknown,normal,import,,,media_1790604467212.csv
محمدحسین,طاهری نژاد,6,6,,09052233476,09353447977,,قاسم آباد الهیه,امامیه,مدرسه,unknown,normal,import,,,media_1790604467212.csv
سید محمد,طباطبائی,3,3,09300666858,09153087683,09151677067,38453167,احمدآباد,احمدآباد.قائم 13.پلاک 31.طبقه دوم,طباطبائی,unknown,normal,import,نیمه1403: 1,,"media_1790604467093.csv, media_1790604467135.csv, media_1790604467212.csv"
مهدی,طباطبائی,5,5,09352165367,09122000267,09352165367,,سجاد,فلسطین 16 بین قدس 10 و 12 پلاک 36 طبقه 6,خانم عبداللهی,unknown,normal,import,غدیر1405: 3,,media_1790604467212.csv
سهیل,طباطبایی,6,6,,09158800844,09037461221,38419792,کوهسنگی,دکتر بهشتی 32 پارس 10 پلاک 249 طبقه سوم,خانم دانشور,unknown,normal,import,,,media_1790604467212.csv
سید ابوالفضل,طباطبایی,4,4,,09197840084,09398293009,,رضاشهر,رضوی8,,unknown,normal,import,غدیر1403: 1,,media_1790604467212.csv
سید امیررضا,طباطبایی,5,5,,09151088404,09159007685,37050073,ابوطالب,موسوی قوچانی 21 ،برج مسکونی فدک ،واحد508,آقای افتخاری,unknown,normal,import,غدیر1403: 7; نیمه1403: 6,,media_1790604467212.csv
سید حسن,طباطبایی,5,5,09155179298,09155105935,09155179298,38661387,وکیل آباد راست,صدف9 (9155105935),معصومه سادات یوسفی,class_seeker,normal,import,نیمه1402: 3; غدیر1403: 2; نیمه1403: 2,خواهان کلاس,"media_1790604467093.csv, media_1790604467135.csv, media_1790604467212.csv"
سید حسن,طباطبایی,3,3,,09354746677,09356886027,,آبکوه,,خانم وکیلیان,unknown,normal,import,,,media_1790604467212.csv
سید مهدیار,طباطبایی,5,5,,09158156064,,,,,,unknown,normal,import,,,media_1790604467212.csv
سیدمحمدجواد,طباطبایی,4,4,,09380692512,09382023712,38528638,امام رضا,امام خمینی 49/2پلاک 47,سید محمدمتین سیدان,unknown,normal,import,,,"media_1790604467093.csv, media_1790604467135.csv"
سید محمدتقی,طباطبایی شیرازی,3,3,,09153192689,09354481172,32236622,آبکوه,دانشگاه4پلاک7,کانال مجالس,unknown,normal,import,نیمه1403: 2; غدیر1404: 2,,media_1790604467212.csv
محمد طاها,طبری فرد,2,2,,09155045157,09151016046,37259414,آبکوه,آبکوه 25 استاد آشتیانی 1 پلاک 22,کاظم اکبری,unknown,normal,import,,,"media_1790604467093.csv, media_1790604467135.csv"
امیرحسین,طحان,6,6,,09151159040,09155019040,,آبکوه,ابکوه 13تکتم شمالی 13 پلاک 43 طبقه 4,اقای مهدوی زاده,unknown,normal,import,,,"media_1790604467093.csv, media_1790604467135.csv"
مهدی,طحان,4,4,,09150524875,09150524874,32216981,ابوطالب,مطهری شمالی23/1,,unknown,normal,import,,,media_1790604467212.csv
شایان,طرحی,6,6,,09105672847,09386285352,37337615,ابوطالب,عبادی17,دوستان,unknown,normal,import,غدیر1403: 5; غدیر1404: 1; غدیر1405: 4,,media_1790604467212.csv
طاها,طلاساز,5,5,,09352174526,09916408178,,وکیل آباد چپ,صیاد شیرازی,حانیه برشان,unknown,normal,import,غدیر1403: 2,,media_1790604467212.csv
علی,طلایی,6,6,09156933320,09156933320,09156933320,,آبکوه,خیابان دانشگاه دانشگاه 17 اولین کوچه سمت راست پلاک 13 درب چوبی,سیدمحمد متین سیدان,unknown,normal,import,,,"media_1790604467093.csv, media_1790604467135.csv"
مهدیار,طلایی,5,5,,09397943318,,,,,,unknown,normal,import,,,media_1790604467212.csv
امیرعلی,طلوع,2,2,,09151099456,,36081070,وکیل آباد راست,وکیل آباد 52 چهارراه اول سمت راست پ16,فرشته یزدانخواه,unknown,normal,import,,,"media_1790604467093.csv, media_1790604467135.csv"
امین علی,طلوع,6,6,,09155114833,,38818810,,,,unknown,normal,import,,,"media_1790604467093.csv, media_1790604467135.csv"
علی اصغر,طهان,4,4,,09157693632,09357344885,,احمدآباد,عدالت,شبانی,unknown,normal,import,غدیر1404: 1,,media_1790604467212.csv
محمد حسین,طهوریان,2,2,,09151064559,09013102312,38440623,احمدآباد,احمداباد رضا 15 پلاک 9,معلم,unknown,normal,import,,,"media_1790604467093.csv, media_1790604467135.csv"
امیر سینا,طوسی,4,4,,09153131876,09153258599,,احمدآباد,ناصرخسرو16,دبستان ال طاها,unknown,normal,import,غدیر1404: 1; غدیر1405: 6,,media_1790604467212.csv
سید ابوالفضل,طوسی,3,3,09157628221,09153254145,09158588221,,وکیل آباد راست,امامت 19,جشن هفت تیر21,unknown,normal,import,نیمه1402: 4; غدیر1403: 6; نیمه1403: 1; غدیر1405: 4,,media_1790604467212.csv
سید علی,طوسی,5,5,,09151104750,,,,,محمد علی عامل,unknown,normal,import,,,media_1790604467212.csv
یوسف,طوسی زاده,6,6,,09372930861,09159120204,,ابوطالب,میدان فهمیده بلوار کشاورز کشاورز 1/2,,unknown,normal,import,نیمه1402: 1; غدیر1403: 1; غدیر1404: 1,,media_1790604467212.csv
محمد یوسف,طوسیان,6,6,,09154847745,09157145109,,ابوطالب,ابوطالب19 پ39,خانوم دانشور,unknown,normal,import,نیمه1402: 4,,media_1790604467212.csv
محمد هادی,طوفانی,6,6,,09155136791,09151583548,38786436,وکیل آباد چپ,پیروزی28/4پلاک 73,خانم منظم,unknown,normal,import,غدیر1403: 5,,media_1790604467212.csv
هادی,طوفانی,6,6,,09155599867,,37239553,وکیل آباد چپ,میدان هفت تیر موسسه حضرت خدیجه,,unknown,normal,import,,,media_1790604467212.csv
حسین,ظریف,5,5,,09151111396,09158941396,37233403,ابوطالب,مطهری شمالی 23/6 پ5,,unknown,normal,import,,,media_1790604467212.csv
ماهان,ظریف,4,4,,09371100372,09153776110,,وکیل اباد راست,,حمید ظریف,unknown,normal,import,,,media_1790604467212.csv
محمد کیان,ظریف عاطفی,4,4,,09352220627,,38516332,امام رضا,امام خمینی63 پ18 زنگ وسط,فهیمه طلوع,unknown,normal,import,,,"media_1790604467093.csv, media_1790604467135.csv"
محمد مهدی,ظریف فاخری,3,3,,09155147257,09334093802,38559213,امام رضا,خیابان بهار چهارراه بی سیم خیابان جهاد جهاد 3پلاک 18 طبقه 3 زنگ 5 منزل ظریف,خانم رضا زاده (مهدیار ربانی ),unknown,normal,import,,,"media_1790604467093.csv, media_1790604467135.csv"
امیرکیان,ظریفیان,5,5,,09151240430,09151048705,,آبکوه,سناباد,سبحان ظریفیان,unknown,normal,import,غدیر1403: 3,,media_1790604467212.csv
سبحان,ظریفیان قندهاری,6,6,,09159157203,09158697949,38465172,احمدآباد,راهنمایی21نبش چهارراه اول پلاک70طبقه دوم,خانم دانشور / ابراهیمی,unknown,normal,import,غدیر1403: 3; نیمه1403: 3; غدیر1404: 3,,media_1790604467212.csv
کیان,ظفر,6,6,09157009791,09157009791,09380248261,,امام رضا,کوشش 10 بعد چهار اول سمت راست کوچه باریک خانه رو به رو,محمد تقدمی,unknown,normal,import,نیمه1403: 3,,media_1790604467212.csv
محمد رضا,ظفرمهاجر,3,3,,09156150491,09911074800,38215327,رضاشهر,سرافرازان 15 نیاوران 1 پلاک 3,مدرسه ی یاس,unknown,normal,import,,,"media_1790604467093.csv, media_1790604467135.csv"
امیرحسین,عابدی,2,2,,09921014158,09359731341,37630952,فرامرز,کوی امیر ذوالفقار 30 پلاک 70,گروه وات ساپ,unknown,normal,import,,,media_1790604467093.csv
سید محمدطاها,عابدی,,7,,09154815585,09151259735,37605608,فرامرز,فرامرز عباسی 25 رسالت 41 سپهر3 پلاک 23,مهدیار کاظمی,unknown,normal,import,,,"media_1790604467093.csv, media_1790604467135.csv"
علی سینا,عابدی,5,5,09366139410,09353741610,09366139410,,ابوطالب,میدان امام حسین,نوید,unknown,normal,import,نیمه1403: 2; غدیر1404: 2; غدیر1405: 3,,media_1790604467212.csv
سیدمحمد,عابدیان,4,4,,09159055136,09156951766,,ابوطالب,عبادی87.پلاک1.26,حوزه,unknown,normal,import,,,media_1790604467212.csv
حسین,عابدین زاده,5,5,,09153231365,09151150377,,رضاشهر,بهارستان11 پ106,,unknown,normal,import,نیمه1402: 3; غدیر1403: 5,,media_1790604467212.csv
آرین,عابدینی,5,5,,09155047793,09031447615,32239655,ابوطالب,عبادی 47_ نبش پژمان 2_ پلاک 1/8_ واحد 6,الهام الهی,unknown,normal,import,,,media_1790604467212.csv
سید معین,عادل,4,4,,09151133916,09151133916,,احمدآباد,,محمد یوسف اقطاعی,unknown,normal,import,,,media_1790604467212.csv
حسام,عاشوری,5,5,,,09031059504,,آبکوه,دانشگاه,جشن نیمه شعبان میدان سعدی (وحیدرضا هدایتی),unknown,normal,import,,,media_1790604467212.csv
پرهام,عاشوری,6,6,,09155177899,09372854768,37688508,سجاد,,مهرناز,unknown,normal,import,,,media_1790604467212.csv
طاها,عاطفی,3,3,,09155257184,09157897184,36012893,وکیل آباد راست,بولوارجلال ال احمد. جلال آل احمد6. سروش6.پلاک 93.1 طبقه سوم,خانم حاتمی,unknown,normal,import,,,media_1790604467093.csv
سید محمدحسین,عاقبت خواه,5,5,,09153052436,09151197359,37601903,فرامرز,ساجدی4 احمدی7 پ6,,unknown,normal,import,غدیر1403: 2; غدیر1404: 1,,media_1790604467212.csv
کسری,عامری منش,6,6,,09019536217,09153073690,37652416,ابوطالب,توس17 فدک 17 مجتمع جامعه بلوک 3 جنوبی ورودی 6,مدرسه,unknown,normal,import,,,media_1790604467212.csv
محمد شهاب الدین,عامل,5,5,,09153203101,09155080786,,ابوطالب,چهارراه راه آهن,مامان آقای گیلان,unknown,normal,import,نیمه1403: 6; غدیر1404: 2,,media_1790604467212.csv
محمدحسام,عامل منیریان,5,5,,09151193955,09157143369,38924503,وکیل آباد چپ,بلوار لادن2 پ1,خانم فخلعی / محمدصادق میری,class_seeker,normal,import,نیمه1402: 1; غدیر1403: 2; غدیر1404: 2; غدیر1405: 4,خواهان کلاس,media_1790604467212.csv
محمدحسین,عاکفی راد,6,6,,09117709118,09113768302,,وکیل آباد راست,,مرادمند,unknown,normal,import,,,media_1790604467212.csv
سید محمدمهدی,عباس زاده,4,4,,09156131863,09153206094,,ابوطالب,عبادی 81,خانم قریشی / خانم یاسمین خراسانی,unknown,normal,import,نیمه1402: 4; غدیر1404: 1,,media_1790604467212.csv
محسن,عباس زاده,6,6,,09158189562,,,,,,unknown,normal,import,,,media_1790604467212.csv
محمد صدرا,عباس زاده,3,3,,09158039537,09152183817,37060419,آبکوه,بلوار بهارستان . بهارستان 5 . برج مسکونی بهارستان سپاد . طبقه 9 . واحد 108,الیاس خالقی,unknown,normal,import,,,"media_1790604467093.csv, media_1790604467135.csv"
یوسف,عباس زاده,4,4,,09153004629,09159153135,37653517,سجاد,شهید صادقی 12 ، هجرت 4، ابراهیم زاده 1، پلاک 6، زنگ سوم,خانم فاطمه میر منتظمی,unknown,normal,import,غدیر1404: 2,,media_1790604467212.csv
امیرحسین,عباس پور,4,4,,09154007464,09151101605,32228584,ابوطالب,مطهری شمالی,حکیم زاده,unknown,normal,import,,,"media_1790604467093.csv, media_1790604467135.csv"
امیررضا,عباس پور,6,6,,09153117363,09157609219,,حومه,طلاب/گاز/مجلسی/وحدت/امت/چمن/مصلی,مدرسه,unknown,normal,import,غدیر1404: 2,,media_1790604467212.csv
حسین,عباس پور,5,5,,09153090554,09153088134,37242158,آبکوه,مجد22,خانم تقی زادگان / عمژیک / دوست محمدعباس رفائی,unknown,normal,import,غدیر1403: 6; نیمه1403: 2; غدیر1404: 2,,media_1790604467212.csv
محمد حسین,عباس پور,5,5,,09155259567,,,,,,unknown,normal,import,,,media_1790604467212.csv
امیررضا,عباسپور,6,6,,09156675626,09156675626,,حومه,طلاب/گاز/مجلسی/وحدت/امت/چمن/مصلی,خانم سلطانی,unknown,normal,import,,,media_1790604467212.csv
شهاب,عباسپور,5,5,,09153039481,09152029481,,ابوطالب,مطهری شمالی,,unknown,normal,import,,,media_1790604467212.csv
علی,عباسپور کلاتی,4,4,,09904609751,09054416302,37516120,ابوطالب,عبادی104_ ایثارگران 28_پلاک 9 _زنگ 3,خانم پیرنیا,unknown,normal,import,,,media_1790604467093.csv
شهاب,عباسی,6,6,,,09139107493,,احمدآباد,احمد آباد,,unknown,normal,import,,,media_1790604467212.csv
علیرضا,عباسی,5,5,,09037954650,09339269147,,حومه,شهرک رجایی,,unknown,normal,import,نیمه1403: 6; غدیر1404: 2,,media_1790604467212.csv
محمدمتین,عباسی,3,3,,09155009557,09373131845,38429047,کوهسنگی,بهشتی 59 پ10,,unknown,normal,import,,ماموریت ویژه2,"media_1790604467093.csv, media_1790604467135.csv"
محمدهادی,عباسی,4,4,,09153127841,09152061873,38524111,امام رضا,امام خمینی45 پ44 ط2(09155757274),,unknown,normal,import,,صدیقه هاشمی | ماموریت ویژه2,"media_1790604467093.csv, media_1790604467135.csv"
مهدیار,عباسی,3,3,,09157622747,,,وکیل آباد چپ نزدیک,کوثر جنوبی15 پ11 ط2 جنوبی,,unknown,normal,import,,ماموریت ویژه,"media_1790604467093.csv, media_1790604467135.csv"
کسری,عباسی,3,3,,09157754450,09398070882,37589507,ابوطالب,خیابان ایثارگران 19/4پ11,,unknown,normal,import,,,media_1790604467093.csv
حسام,عباسی مقدم,5,5,,09151971429,09151423287,,کوهسنگی,بهشتی42 پ99 زنگ1,اسما علویان / عباس علویان / سجاد حدادیان,class_seeker,normal,import,,خواهان کلاس,media_1790604467212.csv
معین,عباسیان مهر,6,6,,09155122496,09363632496,38515324,امام رضا,میدان 15 خرداد.بین خرمشهر11 و 13.پلاک 97.زنگ 4,,unknown,normal,import,,,media_1790604467212.csv
والارضا,عباچی,5,5,,09151158315,09153092043,38670636,وکیل آباد چپ,وکیل آباد 45 پلاک 975,دوستان,unknown,normal,import,,,media_1790604467212.csv
مهدیار,عباچی زاده,5,5,,09155143215,,,احمدآباد,رضا,مسعود حیدرزاده,class_seeker,normal,import,,خواهان کلاس,media_1790604467212.csv
امیرعلی,عبدا... پور,5,5,,09151225243,09155025338,,ابوطالب,کریمی15,یکی از دوستان,unknown,normal,import,غدیر1403: 2; نیمه1403: 4; غدیر1404: 2; غدیر1405: 5,,media_1790604467212.csv
امیر حسین,عبدالباغی,6,6,,09158832909,,,,,,unknown,normal,import,,,media_1790604467212.csv
سید مهدی,عبدالقادری,4,4,,09154255118,09155974047,,احمدآباد,رضا,رضا امیدوار طهرانی,unknown,normal,import,نیمه1403: 2,,media_1790604467212.csv
سید عطا,عبداله زاده,6,6,,09155253306,09153678919,36064877,فرامرز,انتهای فرامرز عباسی6 نبش آزادی 37 پلاک 13 واحد 1,مرضیه صباحی / خانم درایتی,unknown,normal,import,نیمه1402: 4; غدیر1403: 6; نیمه1403: 2; غدیر1404: 3; غدیر1405: 1,,media_1790604467212.csv
محمدحسین,عبدالهی,3,3,,09155147184,09151220749,38685417,وکیل آباد چپ دور,فکوری6 پ74 زنگ8 ط4,خانم کیانی,class_seeker,normal,import,,خواهان کلاس | حضوری,"media_1790604467093.csv, media_1790604467135.csv"
حسین,عبدی,4,4,,09361061038,09393355698,,حومه,,خانم حائری,unknown,normal,import,,,media_1790604467212.csv
مهدیار,عبدی,6,6,,09153208001,09158603129,37269891,ابوطالب,عبدالمطلب22 رئوف4 پ42,,class_seeker,normal,import,غدیر1403: 2; غدیر1404: 4; غدیر1405: 5,خواهان کلاس,media_1790604467212.csv
پوریا,عبدی,4,4,,09159041744,,37262021,آبکوه,تورج29 پ9,,class_seeker,normal,import,,خواهان کلاس,media_1790604467212.csv
ابوالفضل,عبیری,5,5,,09151543165,09356860572,37645539,فرامرز,کوی امیر امیر22.پلاک24.طبقه اول,راحله کشاورزی,unknown,normal,import,نیمه1402: 1; غدیر1403: 2; نیمه1403: 2; غدیر1404: 2; غدیر1405: 5,,"media_1790604467093.csv, media_1790604467135.csv, media_1790604467212.csv"
یاسین,عجم,3,3,,09153254279,,38455960,کوهسنگی,دکتر بهشتی 18 پلاک115ز5,آقای واحدی,unknown,normal,import,,,"media_1790604467093.csv, media_1790604467135.csv"
مهدیار,عجمی,6,6,,09357337685,09355902726,,وکیل آباد راست,صدف 30/9,,unknown,normal,import,نیمه1402: 3; غدیر1403: 1; نیمه1403: 3; غدیر1404: 1,,media_1790604467212.csv
علی اصغر,عدالتی,5,5,,09154188533,,,رضاشهر,فرخی,خانم حاتمی / دوست ابوالفضل قوژد,unknown,normal,import,غدیر1403: 6; غدیر1404: 3,,media_1790604467212.csv
امیرحسین,عدالتیان,6,6,,09055890463,09153207458,,وکیل آباد راست,ستاری4,جشن هفت تیر21,unknown,normal,import,نیمه1402: 3; غدیر1403: 4; غدیر1404: 1,,media_1790604467212.csv
امیرعطا,عدالتیان,2,2,,09153030610,09159077507,38440788,احمدآباد,احمدآباد عدالت 9 پلاک 30,آقای قندچی,unknown,normal,import,نیمه1402: 1; غدیر1403: 2; نیمه1403: 6,,"media_1790604467093.csv, media_1790604467135.csv, media_1790604467212.csv"
یاسین,عدالتیان,3,3,,09154249188,09152499188,37238507,آبکوه,آبکوه گلچهره,,unknown,normal,import,غدیر1403: 6; غدیر1404: 1,,media_1790604467212.csv
یاسین,عدالتیان,3,3,,09159049037,09157797988,,,,عصاران,unknown,normal,import,,,media_1790604467212.csv
محمدطاها,عدلی مقدم,5,5,,09151251925,09154181926,38405157,آبکوه,احمد آباد راهنمایی 11 پلاک 16 واحد 5,خانم نیره دانشور,unknown,normal,import,غدیر1403: 7; نیمه1403: 2; غدیر1405: 5,,media_1790604467212.csv
امید,عرب,6,6,,,09336851138,,وکیل آباد چپ,هفت تیر شقایق,همسایه,unknown,normal,import,غدیر1403: 3,,media_1790604467212.csv
حسین,عرب اسدی,4,4,,09155013865,09156200682,37137849,آبکوه,کلاهدوز30پلاک15,یکی از آشنایان,unknown,normal,import,,,"media_1790604467093.csv, media_1790604467135.csv"
یونس,عرب اسدی,4,4,,09159158076,09151011720,38766105,رضاشهر,کاوه 3 بین ملک الشعرا 3 و 1پلاک 45,زهرا حمید زاده,unknown,normal,import,,,media_1790604467212.csv
امیر عباس,عرب ثانوی,5,5,,09395110434,,,,,,unknown,normal,import,,,media_1790604467212.csv
حسین,عرب زاده,5,5,,09153108045,09155703124,38468099,احمدآباد,ملاصدرا 27-طالقانی 29. عدسی 2پلاک 56/8,غفوری,class_seeker,normal,import,نیمه1402: 2; غدیر1403: 2; نیمه1403: 4; غدیر1404: 2; غدیر1405: 5,خواهان کلاس,media_1790604467212.csv
سید محمدحسن,عرب زاده,2,2,,09155091578,09368261725,,قاسم آباد الهیه,,خواهرم زینت ریحانیان,unknown,normal,import,,,media_1790604467212.csv
سید عباس,عربی,1,1,,09158794934,09151239930,38831264,وکیل آباد چپ,کوثرشمالی15 پلاک 104 واحد25,خانم رافتی,unknown,normal,import,,,media_1790604467093.csv
سید شایان,عرفانی,3,3,,09154394506,09155012757,,وکیل آباد چپ,صارمی5,پسرخاله محمدصادق سرافراز,unknown,normal,import,غدیر1405: 5,,media_1790604467212.csv
ابوالفضل,عرفانیان,5,5,,09151131485,09151157365,37602211,سجاد,ملک اباد خ بزرگمهر جنوبی 10 پلاک 17,سرکار خانم باقر زاده,unknown,normal,import,,,media_1790604467212.csv
امیر علی,عرفانیان,5,5,,09155226646,09157086646,37537660,ابوطالب,عبدالمطلب 39 سه راهی به سمت چپ پلاک171 زنگ دوم,علی تفقد ابراهیم زاده,unknown,normal,import,,محمد مهدی عرفانیان,"media_1790604467093.csv, media_1790604467135.csv"
بنیامین,عرفانیان,6,6,,09395483726,09152461123,,ابوطالب,هدایت16,جشن غدیر هفت تیر 21,unknown,normal,import,غدیر1403: 1,,media_1790604467212.csv
محمد حسین,عرفانیان,4,4,,09151152352,09155066936,38442355,احمدآباد,رضا6 پلاک 72 زنگ2,امیر حسین چمنی,unknown,normal,import,,,"media_1790604467093.csv, media_1790604467135.csv"
سید امیراحسان,عرفانیان عطار,4,4,09152062776,09151212776,09152062776,,ابوطالب,مطهری شمالی 66صفدری نژاد 14پلاک 3واحد10,خانم حلیمی,unknown,normal,import,نیمه1402: 1; نیمه1403: 1; غدیر1404: 1; غدیر1405: 4,,media_1790604467212.csv
محمد امین,عروجی,4,4,09153196084,09155072604,09334321007,,رضاشهر,,محمد مهدی بهزاد / محمدیوسف اقطاعی / خانم عروجی,unknown,normal,import,,,media_1790604467212.csv
امیرمحمد,عزیزی,4,4,,09159083558,09016654148,,امام رضا,,,unknown,normal,import,,,media_1790604467212.csv
دانیال,عزیزی,5,5,,09152341836,,,قاسم آباد الهیه,الهیه,,unknown,normal,import,غدیر1405: 2,,media_1790604467212.csv
محمد مهدی,عزیزی حریری,6,6,,09153176467,09151019949,38402997,کوهسنگی,بهشتی 46 نرسیده به چهاراه دوم دست چپ پلاک 152 زنگ 6,مهیار عمژیک,unknown,normal,import,,,"media_1790604467093.csv, media_1790604467135.csv"
غلامرضا,عزیزی زرکک,6,6,,09152205052,09159083558,,امام رضا,,,unknown,normal,import,,,media_1790604467212.csv
سید توحید,عسکرزایی,6,6,,09151194946,09375993213,,ابوطالب,ایثارگران24/1 پ23,,unknown,normal,import,غدیر1404: 3,,media_1790604467212.csv
علی,عسکری,6,6,,09158088845,09158088845,385858585,کوهسنگی,کوهسنگی 28 / حکیم نظامی 28 / پلاک 3,کاظم اکبری,unknown,normal,import,,,"media_1790604467093.csv, media_1790604467135.csv"
علیرضا,عسکری,5,5,,09151566190,09151091156,,کوهسنگی,بهشتی44,خانم درمحمدی,unknown,normal,import,نیمه1403: 6; غدیر1404: 2; غدیر1405: 5,,media_1790604467212.csv
محمد,عسکری,4,4,,09378142372,09383810838,,آبکوه,آبکوه5 تربیت شمالی6,همکار مادر,class_seeker,normal,import,,خواهان کلاس,media_1790604467212.csv
محمد مهدی,عسکری,3,3,,09153020353,09339032390,33445596,امام رضا,فداییان 21.عرفانی 7.پلاک 279.طبقه دوم.زنگ سوم,مشایخی,unknown,normal,import,,,"media_1790604467093.csv, media_1790604467135.csv"
محمد,عسکری فر,5,5,,09354646941,09151059300,,حومه,علیمردانی,,unknown,normal,import,نیمه1403: 6; غدیر1405: 5,,media_1790604467212.csv
سید حسی,عسگرزاده خراسانی,6,6,,09020027527,09020027527,38441317,احمدآباد,پاستور 8 پلاک 39,عسگرزاده,unknown,normal,import,,,media_1790604467093.csv
امیرعباس,عشقی,6,6,,09157069957,09157084065,,آبکوه,سناباد,علی عشقی / حدادیان,unknown,normal,import,غدیر1403: 2; نیمه1403: 3,,media_1790604467212.csv
سید کیان,عشقی,3,3,,09357917463,09152510738,,حومه,طبرسی,فاطمه اکبری,unknown,normal,import,غدیر1405: 4,,media_1790604467212.csv
صدرا,عصاران,3,3,,09153008853,,5137662956,فرامرز,فرامرز 46 آزادی44 پ6.1,خانم فولادی,unknown,normal,import,,,"media_1790604467093.csv, media_1790604467135.csv"
هادی,عصاران,6,6,09154249188,,09152499188,,,,علی عصاران,unknown,normal,import,,,media_1790604467212.csv
علی,عصاران خانرودی,3,3,,09154249188,09152499188,37238507,ابوطالب,موسوی قوچانی 14دوراهی سمت چپ روبروی بین موقنیان 7و9پلاک 127,,unknown,normal,import,,,"media_1790604467093.csv, media_1790604467135.csv"
آراد,عصارنیا,2,2,,09331927105,09331927105,,سجاد,,فاطمه شاهبیگی,unknown,normal,import,غدیر1404: 1,,media_1790604467212.csv
نیما,عصمتی,4,4,,09031055054,,,آبکوه,دانشگاه,جشن نیمه شعبان میدان سعدی (وحیدرضا هدایتی),unknown,normal,import,,,media_1790604467212.csv
حسین,عطا محمدی,5,5,,09151059095,09305719641,,ابوطالب,حرعاملی,,unknown,normal,import,غدیر1405: 6,,media_1790604467212.csv
محمدحسین,عطاران,3,3,,09153239429,09152357069,,وکیل آباد چپ,دانش آموز3,آقای علیپور,unknown,normal,import,غدیر1405: 4,,media_1790604467212.csv
مهدیار,عطاران,5,5,,09155034307,09158068341,37231747,آبکوه,کلاهدوز35تورج21ارکیده2پلاک507 زنگ بالا,,unknown,normal,import,غدیر1403: 2,,media_1790604467212.csv
علی,عطارزاده کرمانی,6,6,,09153245658,09039608811,37254492,ابوطالب,مطهری شمالی 23 بین 23/5و 23/7پلاک35زنگ3,خانم مهندس فیروزه میرزایی,unknown,normal,import,,,media_1790604467212.csv
سید محمدرضا,عطاری,5,5,,09153249625,09354074814,,آبکوه,میدان صاحب الزمان,,unknown,normal,import,,,media_1790604467212.csv
محمدعلی,عطاپور,6,6,,09154140615,09154192619,5138226910,رضاشهر,سرافرازان40 40/6 پایداری5/4 پلاک75,.,unknown,normal,import,,,media_1790604467212.csv
رضا,عطایی,5,5,,09352663373,09153208435,,ابوطالب,راه اهن,خاله,unknown,normal,import,غدیر1405: 5,,media_1790604467212.csv
محمد,عطایی,6,6,,09155315791,09159269010,38821299,وکیل آباد چپ,کوثرجنوبی 10پلاک 15زنگ اول,آقای رسولی,unknown,normal,import,غدیر1404: 3,,media_1790604467212.csv
مهزیار,عطایی مقدم,4,4,,09158049819,09156249744,37288735,ابوطالب,شهید کریمی15 انتهای نکاح 19 ساختمان پارس,خانم ناصری,unknown,normal,import,,,media_1790604467093.csv
عرفان,عظیمی,5,5,09363629057,09159256822,09363629057,,ابوطالب,مطهری شمالی 2.علی محمدی 8.پلاک 244/1,نصری,unknown,normal,import,,,media_1790604467212.csv
متین,عظیمی,6,6,,09155162591,,,کوهسنگی,بهشتی پارس10 پ162,,unknown,normal,import,,,media_1790604467212.csv
امیر علی,عظیمی نیا,4,4,,09151011790,09151158321,38459354,سجاد,راهنمایی 8 پلاک 26 واحد2,مادر مهذیار صهبایی احمدی,unknown,normal,import,,,"media_1790604467093.csv, media_1790604467135.csv"
تکین,عفتی,5,5,,09151872783,09151874415,38591182,وکیل آباد چپ,هنرستان31 پیش بین 3 پلاک 4,دبستان شهید رزاقی,unknown,normal,import,,,media_1790604467212.csv
محمد جواد,عفتی,6,6,,09151047210,,,,,,unknown,normal,import,,,media_1790604467212.csv
علیرضا,عقاب پیشه,6,6,,09156840756,,,,,,unknown,normal,import,,,media_1790604467212.csv
محمد حسین,عقباطلب,4,4,,09151530585,09154460585,,امام رضا,خیابان خسروی نو.کوچه خامنه ای.کوچه مصدق پلاک 161,واتساپ,unknown,normal,import,,,"media_1790604467093.csv, media_1790604467135.csv"
محمدحسن,عقیقی,5,5,,09155980820,09156596434,37529940,ابوطالب,عبدالمطلب 45/رستگار مقدم 5/پلاک 48/ساختمان آفاق/ زنگ2,محمد کاظم عقیقی,unknown,normal,import,نیمه1402: 1; غدیر1403: 2; نیمه1403: 2,,media_1790604467212.csv
امیرمحمد,عقیلی عطار,5,5,,09355688688,09394846488,37249719,امام رضا,خیابان توحید.توحید6.اولین منزل سمت چپ.درب آلومینیوم.پلاک8.زنگ چهارم,محمدرضاعلاقبندحسینی,unknown,normal,import,,,"media_1790604467093.csv, media_1790604467135.csv"
امیرمهدی,علاقه بند,5,5,,09155592474,09155092092,38597532,امام رضا,خیابان پاسداران(جم سابق)پاسداران4/1کوچه تربیت پلاک 57واحد3,,unknown,normal,import,,,"media_1790604467093.csv, media_1790604467135.csv"
سید محمد طاها,علم الهدی,6,6,,09151158065,09031158065,37613192,سجاد,بلوار سجاد یاسمن 6 پلاک 157 زنگ.4,معصومه سادات یوسفی,class_seeker,normal,import,غدیر1403: 2; نیمه1403: 3,خواهان کلاس,"media_1790604467093.csv, media_1790604467212.csv"
سید محمد مهدی,علم الهدی,5,5,,09153248773,09360042343,38718454,وکیل آباد چپ نزدیک,بلوار نماز،نماز 28،برج نیایش,حوریه رضایی,unknown,normal,import,غدیر1403: 7; نیمه1403: 2; غدیر1404: 2,,"media_1790604467093.csv, media_1790604467135.csv, media_1790604467212.csv"
عباس,علم الهدی,6,6,,09151572665,,,ابوطالب,عبادی33,تقدمی,unknown,normal,import,غدیر1403: 3,,media_1790604467212.csv
سیدحسن,علم داری,6,6,,09153117577,,37223328,ابوطالب,مطهری جنوبی28 پ127,,unknown,normal,import,,,media_1790604467212.csv
محمدیاسین,علما خباز,4,4,,09151025211,09921279803,37273157,آبکوه,صاحب الزمان16صنوبر 5اولین بن بست سمت راست پلاک75,خانوم هدایت زاده,class_seeker,normal,import,,خواهان کلاس | حضوری,"media_1790604467093.csv, media_1790604467135.csv"
سیدیوسف,علمداری,4,4,,09151019036,09153255505,38425762,کوهسنگی,کوهسنگی 20 امیرکبیر 10و12،پ 298,در گروه واتس اپ,unknown,normal,import,,,"media_1790604467093.csv, media_1790604467135.csv"
سجاد,علوی,6,6,,09151237783,09151237783,38441455,احمدآباد,ابوذر32,رضایی,unknown,normal,import,,,"media_1790604467093.csv, media_1790604467135.csv"
سید محمدمهدی,علوی,5,5,,09105003540,09942068903,,امام رضا,,محمد مهدی هدایتی,unknown,normal,import,,,media_1790604467212.csv
محمد حسین,علوی,6,6,,09152002068,09151002068,,ابوطالب,عبدالمطلب,رضازاده,unknown,normal,import,غدیر1404: 2,,media_1790604467212.csv
سید محمدعرفان,علوی ترشیز,6,6,,09155030098,09158217455,37056122,آبکوه,نبش کلاهدوز 2 کافه زمان,سرکار خانم امید نژاد,unknown,normal,import,,,media_1790604467212.csv
مهدیار,علی اکبریان,6,6,09153008056,09153222476,09153008056,,آبکوه,بین سناباد 12 و 14.اولین بن بست.پلاک 166,جشن بختیاری (عماد اوغازی),class_seeker,normal,import,غدیر1403: 7; نیمه1403: 3,خواهان کلاس,media_1790604467212.csv
امیرعلی,علی دوست,6,6,,09155228490,09157217455,36021810,وکیل آباد راست,فرهنگ 9؛ سروش 18 ؛ پلاک 151 ؛ طبقه پنجم,آقای امیرعلی شعبانی,class_seeker,normal,import,غدیر1403: 5; نیمه1403: 2,خواهان کلاس,media_1790604467212.csv
علیرضا,علی شاهی,4,4,,09151077062,,,,,,unknown,normal,import,,,media_1790604467212.csv
مهرداد,علی نژاد,5,5,,09151578252,09153107568,دوقلو,سجاد,بلوار سجاد بهارستان10 پ36,جشن خدادادحسینی (محمدیوسف ژیان رضایی),unknown,normal,import,,,media_1790604467212.csv
محمدحسن,علی پور,5,5,,09151047163,09351433111,,رضاشهر,شهرک طالقانی,دوست امیرمهدی جلیلی,unknown,normal,import,نیمه1402: 5; غدیر1403: 7,,media_1790604467212.csv
محمدحسین,علی پور,1,1,,09023241559,09153241559,,احمدآباد,,,unknown,normal,import,,,media_1790604467212.csv
یاسین,علیخانزاده,1,1,,09159050891,09155602621,38685282,وکیل آباد چپ,صیاد شیرازی 27 بین نور 6و8 کوچه فراست پلاک 6 طبقه اول,خانم ال هاشمی خانم نعمتی,unknown,normal,import,,,"media_1790604467093.csv, media_1790604467135.csv"
امیرمحمد,علیدادی,4,4,,09154445011,09154164616,,وکیل آباد راست,امامت52,علی هروی,unknown,normal,import,نیمه1403: 6; غدیر1404: 3; غدیر1405: 4,,media_1790604467212.csv
ایمان,علیرضایی,5,5,,09354640098,09338851182,5136656735,ابوطالب,روبروی سنایی10سیم وکابل پویش,گروه ایتا,unknown,normal,import,,,media_1790604467212.csv
آرمان,علیزاده,4,4,,09155155732,09370401890,,رضاشهر,انوری,دوست نورمندی پور,unknown,normal,import,غدیر1405: 5,,media_1790604467212.csv
ابالفضل,علیزاده,6,6,,09151043027,09105002187,37343055,ابوطالب,انتهای کامیاب 17، حاشیه فضای سبز، پلاک 112,هیچ,unknown,normal,import,,,media_1790604467212.csv
حسین,علیزاده,4,4,,09157017834,09031718023,دوقلو,ابوطالب,ایثارگران7,جشن هفت تیر21,unknown,normal,import,نیمه1402: 1; غدیر1403: 6; نیمه1403: 2; غدیر1405: 2,,media_1790604467212.csv
شایان,علیزاده,4,4,,09350523050,09368201417,36086884,وکیل آباد راست,امامت 23 پلاک 123.واحد 2,,unknown,normal,import,,,media_1790604467212.csv
علی,علیزاده,6,6,,09151035248,09152475248,32256489,ابوطالب,خیابان هاشمی نژاد هاشمی نژاد 21/1 اسدی طوسی 1 پلاک 5 طبقه دوم,دوستم,unknown,normal,import,,,media_1790604467212.csv
علی اکبر,علیزاده,3,3,,09151104412,09156284412,33788304,کوهسنگی,بهشتی44,سجاد حدادیان,unknown,normal,import,نیمه1402: 1; غدیر1403: 7; غدیر1404: 1; غدیر1405: 4,,media_1790604467212.csv
عمران,علیزاده,5,5,,09307142185,09305313289,,حومه,طلاب,زینبیه شهید قائمی 3,unknown,normal,import,,,media_1790604467212.csv
ماهان,علیزاده,2,2,,09156124201,09302988494,38418108,رضاشهر,رضاشهر شهرک طالقانی ارغوان10 پ34 زنگ2,دبستان رزاقی,unknown,normal,import,,,"media_1790604467093.csv, media_1790604467135.csv"
محمد صادق,علیزاده,3,3,,09153194497,09158255895,,امام رضا,چمن,محمد سجاد حدادیان,class_seeker,normal,import,غدیر1405: 4,خواهان کلاس,media_1790604467212.csv
محمدرضا,علیزاده,2,2,,09159104286,09154074286,38443226,احمدآباد,بلوار رضا رضا 32پلاک 50,معلم,unknown,normal,import,,,"media_1790604467093.csv, media_1790604467135.csv"
محمدمهدی,علیزاده,4,4,,09155156537,09154794191,5138589489,امام رضا,بلوارجمهوری اسلامی 7 پلاک 60,خانم حکم آبادی,unknown,normal,import,,,media_1790604467212.csv
مهران,علیزاده,3,3,,09362689086,09357725796,36095817,وکیل آباد راست نزدیک,جلال 20 پلاک 142 زنگ 2,خانم چیت ساز,unknown,normal,import,,,"media_1790604467093.csv, media_1790604467135.csv"
هومن,علیزاده,5,5,,09151566631,09153213595,,وکیل آباد راست,,خانم عسگری,class_seeker,normal,import,,خواهان کلاس,media_1790604467212.csv
کیان,علیزاده,6,6,,09156189454,09151584438,,ابوطالب,,سبزبان,unknown,normal,import,,,media_1790604467212.csv
کیان,علیزاده,6,6,,09378448396,09155012298,,آبکوه,توفیق هجرت,سید محمد جواد حسینی,unknown,normal,import,غدیر1403: 6,,media_1790604467212.csv
آرمین,علیزاده اول,6,6,,09155320114,09151242843,38405358,سجاد,فلسطین23پلاک 19 زنگ دو,خانم دانشورمعلم مدرسه رزاقی,unknown,normal,import,,,media_1790604467212.csv
محمد حسین,علیزاده کاتب,6,6,,09153594609,09155152935,,احمدآباد,,همکلاسی های پسرم,unknown,normal,import,,,media_1790604467212.csv
امیرعلی,علیزاده کاسب,3,3,,09155112435,09156002535,33434917,امام رضا,خیابان17شهریور شهید صدر .صدر21.پلاک21.واحد 4,ارسال,unknown,normal,import,,,"media_1790604467093.csv, media_1790604467135.csv"
علیرضا,علیشاهی,4,4,,09151116760,09151077062,,وکیل آباد راست,ستاری4 (9055890463 / 9153207458),جشن هفت تیر21,unknown,normal,import,نیمه1402: 3; غدیر1403: 4; غدیر1404: 1; غدیر1405: 3,,media_1790604467212.csv
ابالفضل,علیپور,4,4,,09151035529,,,,,,unknown,normal,import,,,media_1790604467212.csv
سامیار,علیپور,4,4,,09153035702,09153138460,36043513,وکیل آباد راست نزدیک,امامت 27 پ50 واحد6,,unknown,normal,import,,,"media_1790604467093.csv, media_1790604467135.csv"
محمدحسین,علیپور,1,1,,09023241559,09153241559,,آبکوه,,,unknown,normal,import,نیمه1403: 6; غدیر1405: 1,,media_1790604467212.csv
محمدکیان,علیپور,4,4,,09153016490,09157366272,,وکیل آباد راست,دانشجو 30,جشن هفت تیر21,unknown,normal,import,نیمه1402: 4; نیمه1403: 2,,media_1790604467212.csv
کیان,علیپور,3,3,,09360885105,09155976203,,وکیل آباد راست,,,unknown,normal,import,,,media_1790604467212.csv
محمدطاها,عنابستانی,5,5,,09156481772,09158609214,38596145,کوهسنگی,کوهسنگی6 پ34,,unknown,normal,import,غدیر1403: 2; نیمه1403: 2; غدیر1405: 5,,media_1790604467212.csv
علی,عنابی,5,5,,09151163376,09156155579,,ابوطالب,هدایت,کلاس مهدویت خانم کوهستانی,unknown,normal,import,غدیر1403: 2; غدیر1404: 3; غدیر1405: 5,,media_1790604467212.csv
دانیال,عنایتی,6,6,09158193314,09926630682,09354077346,,وکیل آباد راست,دانش آموز 12,عماد افخمی / پدرش مدرس و خانواده جلسه ای و پایه,class_seeker,normal,import,,خواهان کلاس,media_1790604467212.csv
علی,عنایتی,3,3,,09354302412,09354303115,,امام رضا,امام خمینی,نیکی طوسی,unknown,normal,import,غدیر1403: 6; نیمه1403: 1; غدیر1404: 1; غدیر1405: 4,,media_1790604467212.csv
ابوالفضل,عودی,4,4,,09152611918,09154032661,دوقلو,ابوطالب,عبدالمطلب21,همکلاسی بچم خانم پهلوان,class_seeker,normal,import,نیمه1402: 1; نیمه1403: 2; غدیر1404: 1; غدیر1405: 2,خواهان کلاس,media_1790604467212.csv
محمد,عکاف,4,4,,09156859380,09159030599,,امام رضا,بلوار رضوی 37 پلاک9,,class_seeker,normal,import,نیمه1403: 6; غدیر1404: 1; غدیر1405: 2,خواهان کلاس,media_1790604467212.csv
کیان,عیدگاهی,3,3,,09355778793,09158998343,38424087,آبکوه,خ سناباد سناباد 17 پلاک 203 واحد 6,تلگرام,unknown,normal,import,,,media_1790604467093.csv
ماهان,عیدی,5,5,,09158207982,,,ابوطالب,ابوطالب,جشن غدیر هفت تیر 21,unknown,normal,import,غدیر1403: 1,,media_1790604467212.csv
محمدرضا,عین آبادی,1,1,,09155219015,,35029082,وکیل آباد راست,بلوار وکیل اباد ، فارغ التحصیلان,حکیم زاده,unknown,normal,import,,,"media_1790604467093.csv, media_1790604467135.csv"
امیرصدرا غزنوی,غزنوی فرد,4,4,,09153162074,09153125202,38415576,احمدآباد,احمداباد رضاد24 پلاک 66,دوستان,unknown,normal,import,,,"media_1790604467093.csv, media_1790604467135.csv"
بهراد,غضنفری,6,6,,09155575255,09363401515,38447176,آبکوه,سناباد 59،کوچه یزدانیان،پلاک 37 منزل غضنفری,خانم نیره دانشور,unknown,normal,import,,,media_1790604467212.csv
امیرعلی,غفاری,5,5,,09155143430,09151024872,38469111,آبکوه,راهنمایی24 پ108,محمدرضا صفار خراسانی,unknown,normal,import,نیمه1402: 3; غدیر1403: 2; نیمه1403: 2; غدیر1404: 2; غدیر1405: 5,,media_1790604467212.csv
امیر حسام,غفاریان,6,6,,09033129166,,,,,,unknown,normal,import,,,media_1790604467212.csv
امیرحسین,غفاریان,5,5,09154718428,09154718428,09903368388,37672487,فرامرز,چهارراه خیام توس توس 1طالبی 7پلاک 36واحد4,خانم محمدزاده,unknown,normal,import,نیمه1402: 1; غدیر1403: 2; نیمه1403: 2; غدیر1404: 4; غدیر1405: 2,,"media_1790604467093.csv, media_1790604467212.csv"
امیرعلی,غفاریان,5,5,,09151016340,09151195736,38547461,امام رضا,خیابان امام رضا امام رضا 5 چهنو2 پلاک13,خانم تحریر چی,unknown,normal,import,,,"media_1790604467093.csv, media_1790604467135.csv"
علی حامد,غفاریان,5,5,,09308770061,09151045053,37235219,ابوطالب,مطهری جنوبی 28,لیلا خلیلی / خانم اختراعی طوسی,class_seeker,normal,import,,خواهان کلاس,media_1790604467212.csv
محمد علی,غفاریان,4,4,,09355857381,09358955415,37261829,ابوطالب,مطهری 17پلاک97,علیرضا غفاریان,unknown,normal,import,,,media_1790604467212.csv
محمدحسین,غفاریان,4,4,,09155235320,09154775320,37285842,ابوطالب,مطهری جنوبی 9چهاراه دوم سمت راست دکتر شیخ 7پلاک 95,خانم عرفانیان,unknown,normal,import,,,"media_1790604467093.csv, media_1790604467135.csv"
امیرعلی,غفاریان عالی مقام,6,6,,09153119047,,38422629,وکیل آباد چپ,لادن,خانم دانشور معلم عزیزش,unknown,normal,import,,,media_1790604467212.csv
امیر عباس,غفوری,6,6,,09156284314,09159144314,37252713,ابوطالب,قرنی16/2,خانم ساجدی,unknown,normal,import,نیمه1402: 3; غدیر1404: 3,,media_1790604467212.csv
سید سجاد,غفوری,5,5,,09156992919,09158213405,38941175,وکیل آباد چپ,صیاد شیرازی 31 . نور 13 . پلاک 13 . واحد 3,لیلا نعمتی زاده,unknown,normal,import,,,media_1790604467212.csv
محمدجواد,غفوری,6,6,,09158241235,09395589332,37248829,ابوطالب,مطهری شمالی17-17/5-علیایی9-روبرو پلاک 68,کرمانی,unknown,normal,import,,,media_1790604467212.csv
آراد,غفوریان,3,3,,09153218750,09151272747,,وکیل آباد چپ نزدیک,کوثر شمالی12 پ66,,unknown,normal,import,,هردمبیلی,"media_1790604467093.csv, media_1790604467135.csv"
امیرعلی,غفوریان,3,3,,09155194494,09153085889,37230905,آبکوه,انتهای کلاهدوز 48، پلاک 74، واحد 4، غفوریان,خانم محقق طوسی,unknown,normal,import,نیمه1403: 1,,media_1790604467212.csv
امیرعلی,غفوریان,5,5,,09359443441,09159049389,38515078,کوهسنگی,کوهسنگی 6 چهارراه اول دست راست پلاک42,گروه همکلاسیهای مدرسه,unknown,normal,import,نیمه1402: 2; غدیر1403: 2; غدیر1405: 5,,media_1790604467212.csv
سیدمحمدطاها,غفوریان,4,4,,09157019984,09153241925,,آبکوه,کلاهدوز 17,معاون افشار,class_seeker,normal,import,,خواهان کلاس | حضوری,"media_1790604467093.csv, media_1790604467135.csv"
محمد,غفوریان,6,6,,09905213621,09151232683,,امام رضا,کوشش,,unknown,normal,import,غدیر1403: 5; غدیر1404: 3,,media_1790604467212.csv
محمد رهام,غفوریان,3,3,,09359537003,09374309885,,ابوطالب,بلوار شفا,,unknown,normal,import,غدیر1404: 1; غدیر1405: 4,,media_1790604467212.csv
مصطفی,غفوریان,6,6,,09363057998,09352224578,37571342,ابوطالب,عبدالمطلب 11 غفوری 3 پ12 ط3,,unknown,normal,import,غدیر1403: 5,هردمبیلی | ماموریت ویژه2,"media_1790604467093.csv, media_1790604467135.csv, media_1790604467212.csv"
امیرمهدی,غفوریان ابدی,5,5,,09151023382,09153120885,,وکیل آباد راست,امامت,غفوریان,unknown,normal,import,غدیر1403: 2; نیمه1403: 3,,media_1790604467212.csv
محمدحسین,غلام زاده,4,4,,09151005968,,,ابوطالب,هدایت25,دوست محمدجواد صداقت,unknown,normal,import,غدیر1405: 1,,media_1790604467212.csv
احسان,غلام نژاد,5,5,,09355615989,,,فرامرز,فرامرز,امین بختیاری,class_seeker,normal,import,,خواهان کلاس,media_1790604467212.csv
مرصاد,غلام نژاد,6,6,,09155233273,09154553094,37318417,ابوطالب,هدایت 13 شهید فارسی 3 پلاک 17 زنگ 10,دوستان کانال,unknown,normal,import,,,media_1790604467212.csv
محمد یوسف,غلام پور,4,4,,09375269616,09354559080,,امام رضا,,محمد علی حمیدی,unknown,normal,import,نیمه1403: 6,,media_1790604467212.csv
محمد سروش,غلامرضا زاده,5,5,,09151223227,09159028234,,وکیل آباد چپ,,الیاس میرهاشمی,unknown,normal,import,نیمه1403: 6,,media_1790604467212.csv
امین,غلامرضازاده,5,5,09151218530,09154805840,09367327785,,امام رضا,سیدی مهدی 4نقیبی فر23پلاک15,خانوم نامدار,unknown,normal,import,,,"media_1790604467093.csv, media_1790604467135.csv"
زهیر,غلامزاده,3,3,,09159230051,09357092257,,امام رضا,پروین اعتصامی,,unknown,normal,import,نیمه1403: 1; غدیر1404: 3; غدیر1405: 4,,media_1790604467212.csv
امیرحسین,غلامعلی زاده,5,5,,09372570202,09306072193,,وکیل آباد راست,قائم مقام فراهانی 20 پ22,آقای اکبری,class_seeker,normal,import,غدیر1405: 5,خواهان کلاس,media_1790604467212.csv
امیر علی,غلامی,4,4,,09360366881,09356141650,,احمدآباد,,محمد یوسف اقطاعی,unknown,normal,import,,,media_1790604467212.csv
رضا,غلامی,1,1,,09394965294,09931257242,,قاسم آباد الهیه,,محمد رحمانی,unknown,normal,import,,,media_1790604467212.csv
علی,غلامی,4,4,,09152554547,09152624547,,ابوطالب,خیام شمالی63 نگین10,,unknown,normal,import,,,media_1790604467212.csv
علی,غلامی,4,4,,09154159471,09154159471,,رضاشهر,خاقانی33,از طریق لینک,unknown,normal,import,نیمه1403: 2,,media_1790604467212.csv
ماهان,غلامی,2,2,,09158139156,09159075518,37579348,ابوطالب,ابوطالب74 نبش چهارراه سوم پلاک 136 واحد8,در گروه کلاس سرکار خانم دانشور,unknown,normal,import,,,"media_1790604467093.csv, media_1790604467135.csv"
مبین,غلامی,6,6,,09158268066,09302968220,,فرامرز,ساجدی,خدیجه,unknown,normal,import,غدیر1404: 3,,media_1790604467212.csv
محمد,غلامی,6,6,,09155334371,09159316369,38824441,وکیل آباد چپ,کوثر جنوبی18شهید حسینی2پلاک27,آقای رسولی پور,unknown,normal,import,,,media_1790604467212.csv
محمد طاها,غلامی,6,6,,09339241310,09156499240,38716865,رضاشهر,پیروزی 2/1 خیابان آلاله..مجتمع های کوهسنگی..بلوک دی 1 طبقه ی 3 واحد 3.درصورت لزوم ب نگهبانی تحویل داده شود,دوست خانوادگی,unknown,normal,import,نیمه1402: 1; غدیر1404: 2,,media_1790604467212.csv
محمدامین,غلامی,5,5,,09364668160,09153004230,,کوهسنگی,بهشتی پارس10,کانال مدرسه ثابت,unknown,normal,import,غدیر1403: 1; نیمه1403: 4; غدیر1405: 5,,media_1790604467212.csv
محمدجواد,غلامی,,7,,09153144863,,32217291,ابوطالب,هاشمی نژاد 26،شهید خزایی 13پلاک80,,unknown,normal,import,,,"media_1790604467093.csv, media_1790604467135.csv"
محمدصدرا,غلامی,5,5,,09153250700,09156292924,37570048,ابوطالب,موسوی قوچانی 30 ساختمان آفتاب واحد 2 زنگ4,,class_seeker,normal,import,,فاطمیه رستگار | خواهان کلاس,"media_1790604467093.csv, media_1790604467135.csv"
امیرعلی,غلامی بیرقدار,4,4,,09155017952,09152007952,36062017,سجاد,شهرک نوفل .نوفل 16 میلان 16/4پلاک 177 زنگ 3,آقای واحد,unknown,normal,import,,,media_1790604467093.csv
محمدرضا,غلامی فیض اباد,4,4,,09151043930,09053832508,,کوهسنگی,بهشتی32 رودکی12پ132,,unknown,normal,import,,هردمبیلی,"media_1790604467093.csv, media_1790604467135.csv"
امیرعلی,غلامی پیرقدار,4,4,,09155017952,09152007952,,رضاشهر,نوفل 16 خیابان 16/4 پ177 زنگ3,,unknown,normal,import,,ماموریت ویژه2 | سن معلوم نیست,"media_1790604467093.csv, media_1790604467135.csv"
ماهان,غنی,6,6,,09152051439,09150762044,5138473423,سجاد,فلسطین 15پلاک21,خانم خجسته,unknown,normal,import,,,media_1790604467212.csv
ایلیا,غوریانی,3,3,,09153025083,09153025083,,کوهسنگی,,خانم کیانی,unknown,normal,import,,,media_1790604467212.csv
سید محمد حسین,غیاثی,6,6,,09352225566,09032951296,38457940,احمدآباد,احمد آباد بخارایی 15 پلاک 59 واحد 5,بتول ابراهیمی,unknown,normal,import,,,media_1790604467212.csv
امیرعلی,غیبی,3,3,,09157993314,09336727821,,ابوطالب,,امیرعلی طوسی,unknown,normal,import,,,media_1790604467212.csv
ایلیا,غیور,5,5,,09159040784,09386419490,,قاسم آباد الهیه,الهیه,خانم وکیلیان,unknown,normal,import,غدیر1404: 2,,media_1790604467212.csv
محمدرضا,غیور,2,2,,09158294263,09159049048,,کوهسنگی,بهشتی42,غیور,unknown,normal,import,غدیر1404: 1; غدیر1405: 4,,media_1790604467212.csv
محمدمصطفی,غیور,4,4,,09167803727,09385027973,,حومه,توس41,منتظران ظهور,unknown,normal,import,غدیر1405: 6,,media_1790604467212.csv
پوریا,فاتحی فر,6,6,,,09385193065,,ابوطالب,انتهای مطهری شمالی صفدری نژاد11,,unknown,normal,import,,,media_1790604467212.csv
محمد صدرا,فاتق,1,1,,09155200920,09151080268,37270005,احمدآباد,آبکوه مجد 3-بعد از چهار راه اول -نبش عطار غربی 12 -پلاک 138- واحد11,لیلا نعمتی زاده,unknown,normal,import,,,media_1790604467093.csv
مهران,فارسی,6,6,,09151334855,09053757382,,,,مسعود تقی زاده,unknown,normal,import,,,media_1790604467212.csv
محمد,فاضل,5,5,,09157179113,09309958443,05132254505,ابوطالب,عبادی 30 انتهای کوچه چپ کرامتی 10 انتهای کوچه راست پ8,رحمتی,unknown,normal,import,نیمه1403: 5,,"media_1790604467093.csv, media_1790604467135.csv, media_1790604467212.csv"
سید محمدصادق,فاضل زاده,6,6,,09153145030,09153015279,38694547,وکیل آباد راست,دانشجو19,محمد اسدی (داداش یکی از بچه های جلسه اش),class_seeker,normal,import,نیمه1402: 3; غدیر1403: 3,خواهان کلاس,media_1790604467212.csv
محمدحسین,فاضلی,4,4,,09153143146,09364140851,32239711,امام رضا,چمران 8 پ 13 ز4,,class_seeker,normal,import,,هردمبیلی | ماموریت ویژه2 | خواهان کلاس,"media_1790604467093.csv, media_1790604467135.csv"
سید محمدرضا,فاطمی,4,4,,09155043466,09151047146,38448107,آبکوه,صادقی,خانم باقرزاده,unknown,normal,import,نیمه1402: 1; غدیر1403: 2; نیمه1403: 1; غدیر1405: 1,,media_1790604467212.csv
کیان,فاطمی,6,6,,09155096232,09157010594,36074266,وکیل آباد راست,معلم نبش سروش 19 پ77 واحد1,معین افقهی,class_seeker,normal,import,,خواهان کلاس,media_1790604467212.csv
سید امیرحسین,فانی,3,3,,09358607021,09155007369,37245251,آبکوه,کلاهدوز 37 چهارراه اول سمت چپ ساختمان ارامیس واحد4,اقای مجتبی تقی زادگان,class_seeker,normal,import,نیمه1402: 4; غدیر1403: 5; غدیر1404: 1; غدیر1405: 4,خواهان کلاس,media_1790604467212.csv
امیرحسین,فتاح,6,6,,09151579182,,,ابوطالب,ابوطالب 80,دوست کیان محرمی,unknown,normal,import,غدیر1403: 1; غدیر1404: 1,,media_1790604467212.csv
محمدصالح,فتاح زاده,4,4,,09157398285,09153248285,37296304,ابوطالب,کریمی3,مهدیار بهره پور,class_seeker,normal,import,غدیر1403: 6; غدیر1404: 1; غدیر1405: 6,خواهان کلاس,media_1790604467212.csv
امیرعلی,فتاحی,6,6,,09371016558,09044134962,37319660,ابوطالب,عبادی39پ571,دخترخاله / هادلی,unknown,normal,import,نیمه1403: 3; غدیر1404: 3,,media_1790604467212.csv
سید محمدرضا,فتاحی معصوم,4,4,,09150649345,09152073589,,فرامرز,,بی بی فاطمه نجاتیان,unknown,normal,import,,,media_1790604467212.csv
محمد جواد,فتحی,4,4,,09153200466,09153002660,37291540,آبکوه,ابکوه 13 تکتم شمالی 2 پلاک 24 ط2 غربی / 9335127643,فاطمه فتحی,unknown,normal,import,غدیر1404: 1,,media_1790604467212.csv
محمد پرهام,فتحی,3,3,,09932229986,09932118825,,امام رضا,هفده شهریور,ساجده نجارباشی,unknown,normal,import,نیمه1403: 6,,media_1790604467212.csv
مهدیار,فتحی,6,6,,09156996769,09157343640,,وکیل آباد چپ,اقبال,سایت,unknown,normal,import,,,media_1790604467212.csv
محمد صدرا,فتحی عارف,6,6,,09944544375,09158563709,,ابوطالب,,,unknown,normal,import,,,media_1790604467212.csv
طاها,فتعلی زاده,5,5,,09360184512,,,,,,unknown,normal,import,,,media_1790604467212.csv
محمد طاها,فتوحی,6,6,,09356071889,09383706365,,وکیل آباد چپ,,خانم حاجیزاده,unknown,normal,import,,,media_1790604467212.csv
امیر حسام,فخارزاده,6,6,,,,,,,حسین پور,unknown,normal,import,,,media_1790604467212.csv
محمدطاها,فخامی,6,6,,09157002865,,,وکیل آباد راست,امامت,جلسه خدادادحسینی بوده محدوده منزل عوض شده,class_seeker,normal,import,,خواهان کلاس,media_1790604467212.csv
پدرام,فدایی,5,5,,09153090285,09387595149,,حومه,طلاب/گاز/مجلسی/وحدت/امت/چمن/مصلی,,unknown,normal,import,,,media_1790604467212.csv
پرهام,فدوی,4,4,09155083246,09155309245,09154149245,,ابوطالب,هدایت9,پاساژ سرور,unknown,normal,import,نیمه1402: 1; غدیر1403: 2; غدیر1404: 2,,media_1790604467212.csv
محمدحسین,فرازی,4,4,,09013403927,09012031260,,حومه,پنجتن48,سرکار خانم بیضایی,unknown,normal,import,غدیر1404: 1; غدیر1405: 1,,media_1790604467212.csv
محمد حسین,فرازی فرد,5,5,,09154402420,09368503905,33419252,امام رضا,شیرودی 21..موسی بن جعفر 13..پلاک 54,مهدوی سرشت,unknown,normal,import,,,media_1790604467212.csv
ابوالفضل,فراست,2,2,,09152154236,09156004236,37111160,ابوطالب,مطهری شمالی36_فاتق10_پلاک 48,آقای میثم فراست,unknown,normal,import,,,"media_1790604467093.csv, media_1790604467135.csv"
محمد,فرجامی یدکی,4,4,,09155095587,09155946544,38218401,سجاد,میدان سلمان دلاوران20 نخل3 زیتون4 پ20,,unknown,normal,import,غدیر1403: 2; غدیر1405: 1,,"media_1790604467093.csv, media_1790604467135.csv, media_1790604467212.csv"
طاها,فرجی,2,2,,09159794490,09159161439,35222652,وکیل آباد راست,دانشجو 29 نبش مهران 25 پلاک 535,سروش زارع,unknown,normal,import,,,"media_1790604467093.csv, media_1790604467135.csv"
علی,فرخ پور,5,5,,09153056758,09367283156,,ابوطالب,,خانم زارع,unknown,normal,import,غدیر1404: 1,,media_1790604467212.csv
محسن,فرخ پور,5,5,,09159965092,09155024566,37234579,ابوطالب,میدان ابوطالب .ابوطالب18.یاقوتی 4.پ60,خانم چرمچی,unknown,normal,import,غدیر1403: 2; غدیر1404: 2,,media_1790604467212.csv
الیاس,فرخنده,5,5,,09155398722,,32700285,ابوطالب,عبادی66 یزدی نژاد3,,unknown,normal,import,,,media_1790604467212.csv
حسین,فرخنده,4,4,,09159156554,09159156554,,رضاشهر,پیروزی,,unknown,normal,import,نیمه1403: 6,,media_1790604467212.csv
علی,فرخنده,4,4,,09158961332,09159143919,,رضاشهر,مسجد نوفل,,unknown,normal,import,,,media_1790604467212.csv
علی,فرخنده پور,3,3,,09153152577,09153152088,38463361,احمدآباد,احمد اباد رضای 11,یاسمین خراسانی,unknown,normal,import,,,"media_1790604467093.csv, media_1790604467135.csv"
امیرعباس,فرخی کاشانی,1,1,09058373909,09156583585,09156149930,37511287,ابوطالب,ابوطالب43 پ6 طبقه همکف (شماره خودش 09058373909),محمدجواد نمینی / مهیار عمژیک,class_seeker,normal,import,نیمه1402: 4; غدیر1404: 4; غدیر1405: 5,خواهان کلاس,media_1790604467212.csv
یونس,فردوسی,6,6,,09151135678,09153025083,,وکیل آباد چپ,صیاد,خانم کیانی,unknown,normal,import,نیمه1403: 6; غدیر1404: 3; غدیر1405: 6,,media_1790604467212.csv
علی اصغر,فردوسی مقدم,5,5,,09153012915,09376917154,38514629,امام رضا,امام خمینی 49، نبش 49/3،پلاک 25، زنگ آیفون تصویری,فردوسی,unknown,normal,import,غدیر1404: 1; غدیر1405: 5,,"media_1790604467093.csv, media_1790604467135.csv, media_1790604467212.csv"
ایلیا,فردوسیان,1,1,,09397085289,09372754933,,کوهسنگی,,خودم,unknown,normal,import,,,media_1790604467212.csv
نوید,فرزاد فرد,5,5,,09153259820,09155035643,,آبکوه,صادقی21,کانال محبان الائمه,class_seeker,normal,import,غدیر1403: 1; نیمه1403: 1; غدیر1404: 1; غدیر1405: 5,خواهان کلاس,media_1790604467212.csv
پوریا,فرزان پور,6,6,,09155232247,09155051031,,وکیل آباد راست,استقلال 1/25,,unknown,normal,import,غدیر1405: 6,,media_1790604467212.csv
محمدحسین,فرزانه,4,4,,09153140414,09155222747,,وکیل آباد چپ,هاشمیه,محمدعلی فرزانه,unknown,normal,import,,,media_1790604467212.csv
محمدمهدی,فرشان,2,2,,09156222276,09333161972,,فرامرز,,,unknown,normal,import,,,media_1790604467212.csv
محمدمهدی,فرشان,3,3,,09153046730,09154066730,37318902,ابوطالب,مطهری شمالی 48بعد از چهارراه دوم پلاک 130زنگ 11,از کانال مجالس مشهد دیدم,unknown,normal,import,غدیر1403: 7,,media_1790604467212.csv
مهدیار,فرشید,4,4,,09151157775,09155010264,38476655,آبکوه,سناباد 55 - پلاک 42 - ساختمان سنگ و چوب - واحد 5,آقای محمدرضا واحدی,unknown,normal,import,,,media_1790604467093.csv
امیرحسین,فرقانی,4,4,,09352161856,,38701259,وکیل آباد چپ,دلاوران6,داود فنائی شیخ الاسلامی,unknown,normal,import,,,"media_1790604467093.csv, media_1790604467135.csv"
علیرضا,فرمهر,6,6,,09158638163,09153636308,,قاسم آباد الهیه,,خانم تهرانی,unknown,normal,import,,,media_1790604467212.csv
پاشا,فرهادی,5,5,,09370093227,09332214487,,وکیل آباد راست,طرقبه امام رضا 37,جشن هفت تیر 21,unknown,normal,import,غدیر1403: 3,,media_1790604467212.csv
پرهام,فرهمند,6,6,,09354343053,,,وکیل آباد راست,,,unknown,normal,import,,,media_1790604467212.csv
پوریا,فرهمند,3,3,,09354343050,,,وکیل آباد راست,,,unknown,normal,import,,,media_1790604467212.csv
محمدپارسا,فرهنگ,5,5,,09333289032,,,وکیل آباد راست,,,unknown,normal,import,,,media_1790604467212.csv
مهدیار,فرهنگی,3,3,,09151007013,09359777933,38441558,کوهسنگی,کوهسنگی,نوید وکیلیان / یگانه گلمکانی,unknown,normal,import,نیمه1402: 1; غدیر1403: 6; نیمه1403: 2; غدیر1404: 1; غدیر1405: 2,,media_1790604467212.csv
فرزاد,فروتن,3,3,,09153241917,09156504158,32230863,ابوطالب,کامیاب 46،پلاک 20,الهام خماریان,unknown,normal,import,,,"media_1790604467093.csv, media_1790604467135.csv"
محمدحسن,فروتن,5,5,,09152800990,09156201197,35130813,ابوطالب,مطهری 17چهارراه دوم سمت راست پلاک66,آقای سجاد حدادیان,unknown,normal,import,,,media_1790604467212.csv
محمد یاسین,فروتن کیا,5,5,,09153037340,09355596886,38922202,وکیل آباد راست,بلوار داشنجو دانشجو 25 پلاک 495,از طریق مسجد نقویه,unknown,normal,import,نیمه1402: 2; نیمه1403: 2; غدیر1404: 3; غدیر1405: 5,,"media_1790604467093.csv, media_1790604467212.csv"
امیرمحمد,فرودی,6,6,,09044798198,09156226542,,حومه,,آقا یوسف مصری,unknown,normal,import,,,media_1790604467212.csv
حسین,فرودی سررود,4,4,,09151005907,09050723577,5137413628,ابوطالب,خواجه ربیع یوسف زاده 39 چهارراه اول سمت راست قطعه دوم پلاک 28,تلگرام,unknown,normal,import,,,media_1790604467212.csv
پارسا,فروزنده پور,5,5,,09158179527,09158080627,,ابوطالب,خیام شمالی کوی امیر ذوالفقار21 پ42,,unknown,normal,import,نیمه1402: 2; غدیر1403: 2; غدیر1405: 5,,media_1790604467212.csv
امیر عباس,فروغی,4,4,,09153216339,09151161515,,آبکوه,,معلم کلاس اول,unknown,normal,import,,,media_1790604467212.csv
پارسا,فروغی پور,6,6,,09158090012,09155021796,36096675,فرامرز,فرامرز14,خانم پاشایی,class_seeker,normal,import,,خواهان کلاس,media_1790604467212.csv
محمد الیاس,فضائل,2,2,,09352230590,09029205835,38812061,رضاشهر,هاشمیه79کوهسار5پلاک10,اسدزاده,unknown,normal,import,,,"media_1790604467093.csv, media_1790604467135.csv"
حسین,فضایل اصغرزاده,6,6,,09151111165,09152386522,37605742,سجاد,بلوار سجاد، پامچال ، پامچال 6 پلاک 102، واحد 3,خانم ایزدپناه,unknown,normal,import,نیمه1403: 3; غدیر1404: 4,,media_1790604467212.csv
امیر یوسف,فضایلی,4,4,,09151150983,09155091461,38462177,کوهسنگی,ابکوه 17 شرکت کامپیوتر پارس اقای فضایلی,خانم رجایی,unknown,normal,import,,,"media_1790604467093.csv, media_1790604467135.csv"
امیرعلی,فضایلی,2,2,,09153145937,09155091946,38447453,کوهسنگی,بهشتی 53 پلاک 24,هییت محبان حضرت زینب سلام الله علیها,unknown,normal,import,,,"media_1790604467093.csv, media_1790604467135.csv"
ماهان,فضایلی راد,2,2,,09919646128,09156958103,38429314,احمدآباد,احمدآباد، رضا 3، پلاک 140، واحد 1,سرکار خانم دانشور,unknown,normal,import,,,"media_1790604467093.csv, media_1790604467135.csv"
محمد,فعال,6,6,,09156264018,09158058521,,ابوطالب,توس7 کوی امیر,,unknown,normal,import,غدیر1405: 5,,media_1790604467212.csv
محمد جواد,فقانی,3,3,,09150764660,09157035638,37238425,ابوطالب,شهید کریمی. کریمی10.پ 138واحد 4,دوستان,unknown,normal,import,,,"media_1790604467093.csv, media_1790604467135.csv"
امیرحسین,فلاح,5,5,,09150516089,09153081289,37267339,ابوطالب,ابوطالب یک خیاطی 6پلاک 5 زنگ 2,ملکی نظری,unknown,normal,import,,,media_1790604467212.csv
کیان,فلاح,4,4,,09155075637,09153174951,,رضاشهر,رضاشهر,,unknown,normal,import,غدیر1403: 3; غدیر1405: 2,,media_1790604467212.csv
امیرحسین,فلاحتی,1,1,,09158835861,09379452977,,رضاشهر,,قاسم فلاحتی,unknown,normal,import,,,media_1790604467212.csv
آریا,فلاحی,4,4,,09105522386,09366046800,,حومه,طلاب,حدادیان,unknown,normal,import,غدیر1405: 2,,media_1790604467212.csv
محمد یاسین,فلسفیان,3,3,,09156940469,09358421846,,وکیل آباد چپ,هفت تیر 13,جشن غدیر هفت تیر 21,unknown,normal,import,غدیر1403: 1; نیمه1403: 1,,media_1790604467212.csv
محمد,فنایی,3,3,,09389820978,09159241772,,ابوطالب,مطهری شمالی66 صفدری نژاد14,مهدی نیازی,class_seeker,normal,import,غدیر1405: 4,خواهان کلاس,media_1790604467212.csv
امیر محمد,فهمیده,2,2,,09023002584,09023002584,,ابوطالب,,خواهر,unknown,normal,import,,,media_1790604467212.csv
محمدکیا,فهمیده,5,5,,09152455059,09152455059,,ابوطالب,مطهری شمالی21,,unknown,normal,import,غدیر1403: 2; نیمه1403: 4; غدیر1404: 1; غدیر1405: 3,,media_1790604467212.csv
والا رضا,فولادکار,3,3,,09155040358,09155040358,38682766,وکیل آباد چپ نزدیک,پیروزی 59 پلاک 14,خواهر,unknown,normal,import,,,"media_1790604467093.csv, media_1790604467135.csv"
علی,فولادی,5,5,,09151089780,09151089780,,آبکوه,,,unknown,normal,import,,,media_1790604467212.csv
کیان,فولادی,4,4,,09388965775,,,وکیل آباد چپ,دانشجو,جشن غدیر هفت تیر 21,unknown,normal,import,غدیر1403: 2; نیمه1403: 2,,media_1790604467212.csv
علی,فکور,1,1,,09020075962,09155592235,,ابوطالب,,جعفری,unknown,normal,import,,,media_1790604467212.csv
محمدمهدی,فکور,5,5,,09153016015,09153246593,38695945,وکیل آباد چپ,پیروزی 64/1 _ پلاک 17 _ واحد 2,نیک نژاو,unknown,normal,import,نیمه1403: 3,,media_1790604467212.csv
ابوالفضل,فیروز شریف,5,5,,09153196681,09374334273,,حومه,وحید13,,unknown,normal,import,غدیر1405: 2,,media_1790604467212.csv
علیرضا,فیروزه چی,3,3,,09355599395,09153698864,,سجاد,جانباز,,class_seeker,normal,import,غدیر1405: 3,خواهان کلاس,media_1790604467212.csv
علی,فیروزی,5,5,,09155119104,09155227915,37250720,ابوطالب,مطهری20 چهارراه اول سمت چپ پ169,,unknown,normal,import,نیمه1402: 2; نیمه1403: 5; غدیر1404: 2; غدیر1405: 3,,media_1790604467212.csv
محمد حسین,فیض آبادی,5,5,,09156248852,09156248851,,وکیل آباد چپ,برونسی,دوست,unknown,normal,import,غدیر1405: 6,,media_1790604467212.csv
امیرعلی,فیضی,1,1,,09151112152,09153110597,36091705,وکیل آباد راست نزدیک,معلم 12 سروش 16 پ148 ط2,خانم قاسمی,class_seeker,normal,import,,خواهان کلاس | حضوری,"media_1790604467093.csv, media_1790604467135.csv"
محمدیونس,فیضی,3,3,,09151219920,09155656284,33423860,امام رضا,خیابان 17شهریور.عنصری شرقی.خیابان یاران.یاران 28.اولین درب سمت راست.زنگ طبقه بالا,استاد راهنما خانم تقدمی,unknown,normal,import,,,"media_1790604467093.csv, media_1790604467135.csv"
سید امیر علی,قاآنی بامی,4,4,,09155030954,09151080898,36050352,وکیل آباد راست,امامت 27 .پلاک 106 زنگ دوم یا سوم,خانم حسنی,unknown,normal,import,,,media_1790604467093.csv
پوریا,قائمی,5,5,09151509463,09155513087,09151509463,,آبکوه,بلوار مجد مجد 17 پلاک 168 طبقه اول,مدیریت دبستان شهید دهسنگی,unknown,normal,import,,,"media_1790604467093.csv, media_1790604467135.csv"
محمد عرفان,قائمی راد,3,3,,09155174402,09352168885,32287204,آبکوه,دانشگاه 8(امام خمینی 7)-سجادی 2-پلاک 24-زنگ 5,نگار حیدری,unknown,normal,import,,,"media_1790604467093.csv, media_1790604467135.csv"
امیرحسین,قابل,6,6,,09152012230,09307256291,37313327,ابوطالب,مطهری شمالی43 پلاک16,راضیه قابل,unknown,normal,import,,,"media_1790604467093.csv, media_1790604467135.csv"
امیرحسین,قادری,6,6,,09150586788,09396184367,,کوهسنگی,بهشتی,خانم کوهستانی,unknown,normal,import,غدیر1404: 3,,media_1790604467212.csv
سلمان,قادری,3,3,,09155039914,09154050548,38923008,وکیل آباد راست نزدیک,دانجشو29 نبش مهران 25 پلاک 535 زنگ اول,قندچی,unknown,normal,import,,,"media_1790604467093.csv, media_1790604467135.csv"
سینا,قادری,5,5,,09153030215,09153096572,37648615,فرامرز,بلوار فردوسی خ مهدی 10 پ 230 طبقه اول,معلم سال قبل خانم کلاهی,unknown,normal,import,,,media_1790604467093.csv
محمدحسین,قادری,4,4,,09302684975,09380518373,,قاسم آباد الهیه,الهیه,خانم شریعتی,unknown,normal,import,نیمه1403: 6; غدیر1404: 3,,media_1790604467212.csv
امیر صالح,قاسمی,6,6,,09370729272,09154044252,,وکیل آباد راست,بلوار معلم,پاشایی,unknown,normal,import,غدیر1403: 3; نیمه1403: 4; غدیر1404: 4,,media_1790604467212.csv
امیر عباس,قاسمی,5,5,,09151111396,09158941396,37233403,ابوطالب,مطهری شمالی 23/6 پ5,,unknown,normal,import,,,media_1790604467212.csv
امیرعلی,قاسمی,2,2,09364204504,09021710726,09371329645,,امام رضا,پروین اعتصامی,شمسی,unknown,normal,import,نیمه1403: 6; غدیر1405: 4,,media_1790604467212.csv
حسام,قاسمی,5,5,,09037573593,09378839368,,آبکوه,,برادران صائب,unknown,normal,import,,,media_1790604467212.csv
حسین,قاسمی,4,4,,09365923827,09903887588,38230759,رضاشهر,سرفرازان13 راضی 1/4 پ13,خانم فارسی,unknown,normal,import,,,"media_1790604467093.csv, media_1790604467135.csv"
حسین,قاسمی,6,6,,09152296452,09152296452,,حومه,طلاب,,unknown,normal,import,نیمه1403: 6,,media_1790604467212.csv
رضا,قاسمی,3,3,,09151108729,09151244382,38479482,آبکوه,میدان سعدی نرسیده به دانشگاه 17 پلاک 277 طبقه 2,مرتضی قاسمی,unknown,normal,import,,,"media_1790604467093.csv, media_1790604467135.csv"
سلمان,قاسمی,3,3,,09355958188,09355958188,,حومه,طلاب/گاز/مجلسی/وحدت/امت/چمن/مصلی,محبوبه کاظمی,class_seeker,normal,import,,خواهان کلاس,media_1790604467212.csv
علیرضا,قاسمی,5,5,,09156842293,09151103911,,احمدآباد,پاستور,خانم اقبالی,class_seeker,normal,import,غدیر1405: 5,خواهان کلاس,media_1790604467212.csv
محمدطاها,قاسمی,4,4,,09153105998,09155126729,,احمدآباد,نبش عدالت6,محمدصادق میری,class_seeker,normal,import,غدیر1405: 2,خواهان کلاس,media_1790604467212.csv
کوروش,قاسمی,1,1,,09154002513,09154002513,,فرامرز,,خانم شریعتی,unknown,normal,import,,,media_1790604467212.csv
سید حسین,قاسمی ثانی,4,4,,09155087602,09155087602,,قاسم آباد الهیه,الهیه,علی علیپور,unknown,normal,import,غدیر1405: 5,,media_1790604467212.csv
محمد علی,قاسمی طوسی,4,4,,09155118016,09151046919,37632339,فرامرز,بلوار فردوسی .فردوسی 13 .ثمانه 1 پلاک 116 زنگ1,خانم حفیظی,unknown,normal,import,,,"media_1790604467093.csv, media_1790604467135.csv"
محمد مهدی,قاسمی مقدم,3,3,,09357538725,09156515271,,امام رضا,فدائیان اسلام,حدادیان,unknown,normal,import,غدیر1405: 4,,media_1790604467212.csv
محمد,قاسمی پناه,3,3,,09157280823,09151632110,,ابوطالب,توس 1,دوست علی خوشباف,unknown,normal,import,غدیر1403: 2,,media_1790604467212.csv
محمد صادق,قاسمی پناه,5,5,,09151630847,09054312253,37120134,ابوطالب,عبادی 30 جواهری 11 آراسته 8 پ104,خوش باف,unknown,normal,import,نیمه1402: 5; غدیر1403: 2; نیمه1403: 2; غدیر1404: 2; غدیر1405: 2,,media_1790604467212.csv
محمدآرمین,قاسمیان,4,4,,09151231752,09191231752,37316515,ابوطالب,مطهری شمالی 8 اندرخ 3 پلاک 15 واحد 2,مرجان آل عباسیان,unknown,normal,import,,,media_1790604467093.csv
امیرمهدی,قاسمیان نیک,5,5,,09158179782,09383029059,,رضاشهر,نوفل شاتو,,unknown,normal,import,نیمه1403: 6; غدیر1404: 1; غدیر1405: 5,,media_1790604467212.csv
محمدحسین,قاضی,6,6,,09302589683,09302589683,,ابوطالب,عبادی 43,آقایی,unknown,normal,import,نیمه1403: 4,,media_1790604467212.csv
علیرضا,قاضی خانی,3,3,,09155007161,09153053962,,وکیل آباد چپ نزدیک,بلوار وکیل آباد بین 26 و 28 پلاک 680 زنگ سوم,خانم قاسمی,class_seeker,normal,import,,خواهان کلاس | حضوری,"media_1790604467093.csv, media_1790604467135.csv"
محمدحسان,قاضی خانی,6,6,,09152502344,09153226800,38419191,احمدآباد,ابوذرغفاری13.پلاک115.طبقه سوم,الهه بروجردی / الهه ریاضی / سجاد گوهرشادی,class_seeker,normal,import,,خواهان کلاس,media_1790604467212.csv
محمد حسن,قامدی,4,4,,09351516027,,,,,,unknown,normal,import,,,media_1790604467212.csv
ایلیا,قانعی,4,4,,09151063513,09391351745,,ابوطالب,عبادی,,unknown,normal,import,غدیر1405: 1,,media_1790604467212.csv
سید علیرضا,قانعی,3,3,,09151005139,09156562563,38931311,وکیل آباد راست نزدیک,دانشجو 22 پلاک49زنگ 2,امیرحسین چمنی,unknown,normal,import,,,"media_1790604467093.csv, media_1790604467135.csv"
مهدیار,قبادی,6,6,,09153240125,09366624212,38813229,وکیل آباد چپ,هاشمیه87 پ51 ط1,احسان قبادی,class_seeker,normal,import,غدیر1403: 6; غدیر1404: 3,خواهان کلاس,media_1790604467212.csv
کیان,قبول,1,1,,09128630035,09151126919,37111024,آبکوه,مجد37 پ32 زنگ3 ط2,,unknown,normal,import,,ماموریت ویژه2,"media_1790604467093.csv, media_1790604467135.csv"
صالح,قدم یاری,6,6,,09377443885,,,امام رضا,پنجراه پایین خیابان آیت الله صدوقی9 رزاقی12 پ48,,unknown,normal,import,,,media_1790604467212.csv
محمدرضا,قدم یاری,,12 سال و مدرسه نمیره,,09381945488,,,کوهسنگی، پارس6,,,unknown,normal,import,,,media_1790604467092.csv
علیرضا,قدیری,6,6,,09151029724,09025763074,,آبکوه,مجد5,,unknown,normal,import,غدیر1403: 4,,media_1790604467212.csv
عماد,قدیری,5,5,,09155796211,09151029724,37244735,ابوطالب,کریمی3 پ78 طبقه پایین,آسیه تقوی,class_seeker,normal,import,نیمه1402: 1; غدیر1403: 2; غدیر1404: 2; غدیر1405: 5,خواهان کلاس,media_1790604467212.csv
عماد,قدیری,5,5,,09025763075,,,ابوطالب,,رییسی,unknown,normal,import,,,media_1790604467212.csv
مهدیار,قدیری,2,2,,09155061955,09154052435,,کوهسنگی,,قدیری,unknown,normal,import,غدیر1405: 6,,media_1790604467212.csv
سعید,قرایی مقدم,2,2,,09151104079,09379342966,36037584,وکیل آباد راست,بلوار معلم .خیابان سروش .سروش22 پلاک141 واحد 3,سمانه باقری بایگی,unknown,normal,import,,,media_1790604467093.csv
امیرحسین,قربان زاده,3,3,,09105199280,09367978573,,حومه,مصلی,,unknown,normal,import,غدیر1404: 4; غدیر1405: 5,,media_1790604467212.csv
علی عطا,قربان زاده,4,4,,09155585800,09156525800,,رضاشهر,رودکی,قربانزاده / علی تحریرچی / محمدیوسف اقطاعی / امیرمهدی یگانه,unknown,normal,import,غدیر1404: 1,,media_1790604467212.csv
محمدجواد,قربان زاده,4,4,,09155245596,09366868416,38436863,ابوطالب,ابوطالب13 پ28,,unknown,normal,import,غدیر1404: 1,,media_1790604467212.csv
حسین,قربان نژاد,5,5,,09157695086,09944270867,37241578,ابوطالب,قرنی 33 پلاک 21,محسن قربان نژاد,class_seeker,normal,import,غدیر1403: 4; نیمه1403: 2; غدیر1404: 3; غدیر1405: 3,خواهان کلاس,media_1790604467212.csv
علی,قربان نژاد,2,2,,09105199280,09367978573,,حومه,مصلی,,unknown,normal,import,غدیر1404: 4; غدیر1405: 5,,media_1790604467212.csv
محمد,قربان نژاد,5,5,,09105199280,09367978573,,حومه,مصلی,,unknown,normal,import,غدیر1404: 4; غدیر1405: 5,,media_1790604467212.csv
حبیب,قربان پور فارس,5,5,,09156596434,,,ابوطالب,عبدالمطلب45,جشن غدیر هفت تیر 21,unknown,normal,import,غدیر1403: 1,,media_1790604467212.csv
آروین,قربانی,2,2,,09152235205,09157229381,,قاسم آباد الهیه,,مدرسه,unknown,normal,import,نیمه1403: 6,,media_1790604467212.csv
امیرمهدی,قربانی,4,4,,09151040957,09156133585,38211330,وکیل آباد چپ,سرافرازان رهایی 4/4پلاک 30,علیزاده / آقای پورزکی,unknown,normal,import,نیمه1402: 1; غدیر1403: 7,,media_1790604467212.csv
علی,قربانی,5,5,,09152235205,09157229381,,قاسم آباد الهیه,الهیه,مدرسه,unknown,normal,import,نیمه1403: 6,,media_1790604467212.csv
محمد علی,قربانی,4,4,,09339441477,09339441477,,ابوطالب,چهارراه ابوطالب,همکلاسی,unknown,normal,import,غدیر1405: 6,,media_1790604467212.csv
محمدطاها,قربانی,5,5,,09155088095,09154245737,,وکیل آباد چپ,اقبال23 پ41,,unknown,normal,import,نیمه1402: 4; غدیر1403: 2; نیمه1403: 2; غدیر1405: 5,,media_1790604467212.csv
مهرسام,قربانی,3,3,,09352935353,09152184645,,کوهسنگی,حکیم نظامی,دوست محمدامین ارتضاء,unknown,normal,import,غدیر1405: 4,,media_1790604467212.csv
یاسین,قربانی,4,4,,09152081214,09159053180,38848490,وکیل آباد چپ,هاشمیه 73 نوزده بهمن 15 پلاک 7 واحد 4 / 9362280769,دوست امیرعلی بیغم (اطلاعات دوستش رو زدم),unknown,normal,import,نیمه1402: 1; غدیر1403: 6; نیمه1403: 1; غدیر1404: 1,,media_1790604467212.csv
سید فرید,قریشی,2,2,,09153197587,,,,,,unknown,normal,import,,,media_1790604467212.csv
امیرعلی,قزوینی,1,1,,09151112772,09155192860,38407036,آبکوه,سناباد32نبش چهارراه اول پلاک16 طبقه3,خانم چرمچی,unknown,normal,import,,,"media_1790604467093.csv, media_1790604467135.csv"
امیرعلی,قسیمی,6,6,09155230367,09155230367,09156918457,,وکیل آباد چپ,کوثر جنوبی 19پلاک3,آقای رسولی پور,unknown,normal,import,نیمه1402: 3,,media_1790604467212.csv
یزدان,قشلاقی,5,5,,,09157348683,,ابوطالب,موسوی قوچانی (جدایی پدر و مادر و زندگی با مادربزرگ),خانم تاجر برای کلاس احکام نوه ها / مهدی رفائی,class_seeker,normal,import,,خواهان کلاس,media_1790604467212.csv
محمدرضا,قشنگ,4,4,,09045105609,09150296572,,آبکوه,,لینک دعوت در گروه مهدویت,unknown,normal,import,,,media_1790604467212.csv
سجاد,قضایی,2,2,,09151105130,09336651656,,سجاد,فلسطین,,unknown,normal,import,,,media_1790604467212.csv
محمدرضا,قلعه نوی,5,5,,09150102232,09155002232,,آبکوه,کلاهدوز35 تورج21 ارکیده2 پ507,,unknown,normal,import,غدیر1404: 1,,media_1790604467212.csv
امیر یوسف,قلم شاهی,5,5,,09154300300,,,وکیل آباد چپ,هاشمیه,,unknown,normal,import,,,media_1790604467212.csv
سید علی,قلم شاهی,3,3,,09155100018,09151044382,,وکیل آباد چپ,کوثر,,unknown,normal,import,غدیر1405: 4,,media_1790604467212.csv
امیرمهدی,قلی زاده,4,4,,09155069277,09159040802,,ابوطالب,خیام 60 پلاک 57 زنگ اول,علی معتمدی 09155833655 / سید مهدی موسوی,class_seeker,normal,import,نیمه1403: 5,خواهان کلاس,media_1790604467212.csv
محمدمهدی,قلی زادگان مروی,5,5,,09153583470,09373769016,36091578,وکیل آباد راست نزدیک,جلال56پلاک218,زهرا,unknown,normal,import,,,"media_1790604467093.csv, media_1790604467135.csv"
امیر حسین,قلیچ زاده,5,5,09152093802,09150092045,09155132045,,آبکوه,میدان صاحب الزمان,محمدحسین فرزانه,class_seeker,normal,import,,خواهان کلاس,media_1790604467212.csv
ابوالفضل,قمریان,6,6,,09155108560,09154748560,,وکیل آباد راست,دندانپزشکان,هانیه راستی,unknown,normal,import,نیمه1403: 6; غدیر1404: 1,,media_1790604467212.csv
سید علی اصغر,قمی,3,3,09152475784,09152475784,09150667251,,ابوطالب,عبادی 30/کرامتی 14/ پلاک25,آقای غفوریان,unknown,normal,import,,,"media_1790604467093.csv, media_1790604467135.csv"
والا,قناد,6,6,,09153159939,09151157741,,سجاد,,اقای حسینی,unknown,normal,import,,,media_1790604467212.csv
امیر طاها,قنادان,4,4,,09153339045,,,,,,unknown,normal,import,,,media_1790604467212.csv
اریا,قنادپور,4,4,,09301925288,09392946200,37283674,ابوطالب,عبادی 43پژن 7 پلاک 79 طبقه دوم,سالاری,unknown,normal,import,,,"media_1790604467093.csv, media_1790604467135.csv"
کیان,قنبرزاده,5,5,,09153086880,09105626620,38416479,کوهسنگی,نامجو12 پ31 (شاید فامیلی خنجرزاده باشد),,unknown,normal,import,,,media_1790604467212.csv
امیر علی,قنبرزاده دربان,4,4,09361342971,09158204387,09159216800,,وکیل آباد راست,دانش آموز39,پاشایی,unknown,normal,import,غدیر1403: 6; نیمه1403: 2; غدیر1404: 1,,media_1790604467212.csv
امیر,قنبری,4,4,,09130792663,09130791452,33336343,احمدآباد,خ خانه اصفهان خ امام خمینی کوچه 22 بهمن بن بست روحنده,نجمه باقری,unknown,normal,import,,,"media_1790604467093.csv, media_1790604467135.csv"
محمدرضا,قنبری,6,6,,09366046800,09378568636,,حومه,طلاب,حدادیان,unknown,normal,import,غدیر1405: 2,,media_1790604467212.csv
مهدی,قنبری,5,5,,,09150569095,,,,سید مهدیار زمانیان,unknown,normal,import,,,media_1790604467212.csv
محمدارمیا,قندهاری نژاد,5,5,,09155171068,09151201858,37295418,آبکوه,بلوار مجد مجد21 بعداز چهارراه چهرم سمت راست پلاک 96,مدرسه دهسنگی,unknown,normal,import,,,"media_1790604467093.csv, media_1790604467135.csv"
امیرعلی,قندچی,2,2,,09153075789,,,احمدآباد,بابک,,unknown,normal,import,غدیر1405: 5,,media_1790604467212.csv
حسن,قهاندیزی,6,6,,09394835808,09154464469,,رضاشهر,پیروزی 20,,unknown,normal,import,,,media_1790604467212.csv
محمد متین,قهرمان,5,5,,09152244879,09154141422,,امام رضا,آخوند 32,جشن هفت تیر21,unknown,normal,import,نیمه1402: 1; غدیر1403: 4; غدیر1404: 1,,media_1790604467212.csv
محمدرضا,قهرمانی,6,6,,09105716202,09019606913,,ابوطالب,عبدالمطلب,,unknown,normal,import,غدیر1405: 4,,media_1790604467212.csv
سید محمد حسین,قوسی,2,2,,09153124037,09034641099,37334330,ابوطالب,عبادی 69.پلاک 20. زنگ وسط,طیبه رضایی,unknown,normal,import,,,"media_1790604467093.csv, media_1790604467135.csv"
محمد خواجه,قوچان عتیق,5,5,,09155245268,,,,,محمد مهدی نباتی,unknown,normal,import,,,media_1790604467212.csv
امیرعلی,قوی پنجه,6,6,09017992434,09305100442,09394190892,,فرامرز,توس33.شقایق2.حافظ1/1.پلاک 16,صفیه خردمند,unknown,normal,import,نیمه1402: 2,,media_1790604467212.csv
شهبد,قیاس شاهزاد,5,5,,09153162765,09151145367,38459169,احمدآباد,احمد اباد خیابان رضا 7 پلاک 50 طبقه دوم,دبستان شهید منوچهر رزاقی,unknown,normal,import,,,media_1790604467212.csv
علیرضا,قیصری,4,4,09158247057,09158941612,09158247057,,ابوطالب,عبدالمطلب 7هنرور10پ 108ط سوم قیصری,درگروه دیدم ...پسرم اسفند وارد 7سالگی میشن مهدالر ضا ع میرن اگه اشکالی نداره شرکت کنن,unknown,normal,import,,,media_1790604467212.csv
محمد کسرا,قیصری,3,3,,09151103154,09151046145,32288825,آبکوه,چمران 8 پلاک 7زنگ 9,محمدسروش زارع,unknown,normal,import,,,"media_1790604467093.csv, media_1790604467135.csv"
محمدعلی,لالوی,5,5,,09153172822,,37111494,ابوطالب,عبدالمطلب58 بزم آرا3 پ25,,unknown,normal,import,,,media_1790604467212.csv
الناز,لزگی,3,3,,09159239001,09154124977,37590043,ابوطالب,ایثارگران 21/4پلاک42,الناز,unknown,normal,import,,,media_1790604467093.csv
یاسین,لسانی,5,5,,09151044583,09154290783,37050546,ابوطالب,موسوی قوچانی 11/3- پ 19_ ط1,فضای مجازی,unknown,normal,import,,,media_1790604467212.csv
آرین,لشکری زاده,5,5,,09155575113,09155575113,38406807,سجاد,فلسطین 15چهارراه اول سمت راست پلاک 21,معلم کلاس اول خانم اسدی,unknown,normal,import,,,media_1790604467212.csv
محمدمهدی,لشگری زاده,3,3,,09151062500,09108180313,38708536,رضاشهر,پیروزی یک بین کسایی 6 و 8 پلاک 37/1,کانال معرفی مجالس آقای پورعطا,unknown,normal,import,نیمه1402: 1; نیمه1403: 1; غدیر1405: 2,,"media_1790604467093.csv, media_1790604467135.csv, media_1790604467212.csv"
ابوالفضل,لشگریان,6,6,,09105514101,09105514101,,حومه,,,unknown,normal,import,,,media_1790604467212.csv
امیر علی,لطفی,5,5,,09153162779,09151189093,,وکیل آباد چپ,هدایتی,,unknown,normal,import,,,media_1790604467212.csv
علی اکبر,لطفی,4,4,,09151159040,,,ابوطالب,مطهری شمالی 18,دوست محمد طحان / جشن غدیر هفت تیر 21,unknown,normal,import,غدیر1403: 1,,media_1790604467212.csv
محمد حسن,لطفی,,7,,09152305788,09151043125,37254973,ابوطالب,مطهری شمالی 16پلاک 49,اقای مهدوی زاده,unknown,normal,import,,,"media_1790604467093.csv, media_1790604467135.csv"
هانی,لطفی,6,6,,09156221181,09156221180,38810258,وکیل آباد چپ,هاشمیه55بن بست اول سمت راست پلاک 134,مریم خالقی,unknown,normal,import,نیمه1402: 4; غدیر1403: 2,,media_1790604467212.csv
آرتا,لطیفی,5,5,,09151848189,09153871480,38901288,وکیل آباد راست نزدیک,دانشجوی 4 پلاک74طبقه4,خاطره غلامزاده,unknown,normal,import,,,"media_1790604467093.csv, media_1790604467135.csv"
محمد ایلیا,لطیفی,5,5,,09153129680,09158275320,36110989,,,ایلیا,unknown,normal,import,,,media_1790604467212.csv
محمد کمیل,لوکیان,5,5,,09151140820,09155824672,37645403,فرامرز,فرامرز3رسالت3پلاک15طبقه2,خانواده ی ساجدی / الیاس خالقی,unknown,normal,import,نیمه1402: 2,,media_1790604467212.csv
سینا,لیالی,6,6,,09154767874,09159121897,5137252926,ابوطالب,توس 33شقایق یک بهار4درب اول سمت چپ واحد2,فرشته لیالی,unknown,normal,import,غدیر1403: 3,,media_1790604467212.csv
آدرین,لیلی,5,5,,09159046443,09156009317,38640864,ابوطالب,مطهری24,جشن هفت تیر21 / 9151009317,unknown,normal,import,نیمه1402: 3; غدیر1403: 2,,media_1790604467212.csv
محمد آرتا,ماشویی,6,6,,09153754980,09394556162,38230306,وکیل آباد چپ,کوثرجنوبی15 / 9362041087 / 9150503021,خانم افضلی / خانم شمس,unknown,normal,import,نیمه1402: 3; غدیر1403: 7; نیمه1403: 4; غدیر1404: 3,,media_1790604467212.csv
علی,متشکر حسینی,5,5,,09155001476,09153129572,38459579,احمدآباد,ابوذر,چرمچی,unknown,normal,import,نیمه1402: 2; غدیر1403: 6; نیمه1403: 2; غدیر1405: 5,,media_1790604467212.csv
مهدیار,متشکر حسینی,4,4,,09352225020,,,امام رضا,میدان ده دی,جشن هفت تیر21,unknown,normal,import,نیمه1402: 4; غدیر1403: 4,,media_1790604467212.csv
محمدمهدی,متقین,5,5,,09358973239,09375342363,36088790,وکیل آباد راست,امامت72,تقی زادگان,unknown,normal,import,نیمه1402: 3; غدیر1403: 1; غدیر1404: 4; غدیر1405: 5,,media_1790604467212.csv
بنیامین,متین نیا,5,5,,09155144685,09151048303,38596395,امام رضا,امام,آقای شمسی,unknown,normal,import,نیمه1402: 2; نیمه1403: 2,,media_1790604467212.csv
محمد,مجیدی,3,3,,09394677151,09152299753,38414684,کوهسنگی,کوهسنگی ،بلوار نامجو ،نامجو 21،کوچه ی پوریا پلاک695,یک دوست,unknown,normal,import,نیمه1402: 4; غدیر1403: 1; نیمه1403: 1; غدیر1404: 3; غدیر1405: 4,,media_1790604467212.csv
محمدباقر,مجیدی,2,2,,09369381899,09364027701,37327560,ابوطالب,مطهری شمالی44پلاک32زنگ اول,سیدجوادمجیدی,unknown,normal,import,,,"media_1790604467093.csv, media_1790604467135.csv"
محمدیاسین,مجیدی,5,5,,09155119868,09151116873,,ابوطالب,ابوطالب,جشن غدیر هفت تیر 21,unknown,normal,import,غدیر1403: 1; غدیر1404: 2; غدیر1405: 5,,media_1790604467212.csv
نیکان,مجیدی,3,3,,09155113599,09155113599,38413930,احمدآباد,احمد آباد رضا 14 پلاک 82,مهدیار ربانی,unknown,normal,import,,,"media_1790604467093.csv, media_1790604467135.csv"
امیرعباس,مجیدیان,3,3,,09156489017,09355619530,,امام رضا,امام رضا 72 پ74,,unknown,normal,import,,مرضیه درودی,"media_1790604467093.csv, media_1790604467135.csv"
مهدیار,محبوب,5,5,,09334145028,09155583047,2131784,وکیل آباد چپ,هاشمیه 67 پلاک 22 واحد6,گروه پایگاه صاحب الزمان,unknown,normal,import,نیمه1402: 2; غدیر1405: 5,,media_1790604467212.csv
ارشیا,محبی,3,3,,09151101708,09155221409,,احمدآباد,ابوذر غفاری25,پسرخاله الیاس خالقی,unknown,normal,import,غدیر1405: 5,,media_1790604467212.csv
رهام,محبی,6,6,,09158088099,09154388099,37689910,آبکوه,بلوار ارشاد خ توفیق بین 9و11پلاک 19,آقای قندچی,unknown,normal,import,نیمه1402: 3; نیمه1403: 6,,media_1790604467212.csv
محمد محسن,محبین,4,4,,09154752672,09152150615,38580662,احمدآباد,گنبدسبزآخوندخراسانی25 پلاک1219,صفوی / صادق طیرانی / خانم تفکری,unknown,normal,import,نیمه1403: 2,,media_1790604467212.csv
محمدمهدی,محبین,4,4,,09155082976,09153178375,38580662,امام رضا,میدان گنبدسبزانتهای آخوندخراسانی18پلاک1/11منزل محبین,خانم زادسر,unknown,normal,import,غدیر1403: 7; غدیر1404: 2,هردمبیلی,"media_1790604467093.csv, media_1790604467135.csv, media_1790604467212.csv"
محمدطاها,محتشم,4,4,,09368264306,09370098842,,ابوطالب,,خانم حائری,unknown,normal,import,,,media_1790604467212.csv
سبحان,محدث,5,5,,09033262713,09153048261,,فرامرز,جانباز11,خانم طوسی,unknown,normal,import,غدیر1405: 6,,media_1790604467212.csv
کیان,محرمی,3,3,,09159119902,09151180496,37537768,ابوطالب,هدایت21/1 پ203 واحد همکف,,unknown,normal,import,نیمه1402: 5; غدیر1403: 1; غدیر1404: 1; غدیر1405: 4,,media_1790604467212.csv
امیرعباس,محسنی,4,4,,09158025863,09154051393,,ابوطالب,کریمی35 پ26,,unknown,normal,import,نیمه1402: 5,,media_1790604467212.csv
علی,محسنی,4,4,,09356379720,,,,,,unknown,normal,import,,,media_1790604467212.csv
مهدی,محسنی,3,3,,09156918084,09154886017,37310906,ابوطالب,مطهری شمالی 48 نبش چهارراه اول سمت راست پ13ط3,,unknown,normal,import,,,media_1790604467212.csv
محمد طاها,محسنی نژاد,6,6,,09101182497,09101182497,,وکیل آباد چپ,اقبال لاهوری,مدرسه,unknown,normal,import,,,media_1790604467212.csv
سید ماهان,محصل,4,4,,09155008690,09151164922,,وکیل آباد چپ,هفت تیر گلشن,دوست ماهان محصل,unknown,normal,import,نیمه1402: 3; غدیر1404: 1,,media_1790604467212.csv
امیر,محمد بهشتى نیا,3,3,,09153380913,,37615765,سجاد,سجاد بزرگمهرهشت پلاک 108 طبقه سوم زنگ شش داروخانه مدیکال,خندان,unknown,normal,import,,,media_1790604467093.csv
محمد مهدی,محمد پور,6,6,,09159010204,09159020204,,حومه,,ندارم,unknown,normal,import,,,media_1790604467212.csv
امیرحسین,محمدزاده,5,5,,09154200450,09158104493,37294451,ابوطالب,مطهری شمالی 21/4,الهام کاتب / خانم یوسفی,unknown,normal,import,غدیر1403: 2; نیمه1403: 3,,media_1790604467212.csv
امیریوسف,محمدزاده,6,6,,09337456362,09151101147,38475187,احمدآباد,احمدآباد.رضا1...پلاک20,زینب عرفانی,unknown,normal,import,,,media_1790604467212.csv
سامیار,محمدزاده,4,4,,09375551514,09356592290,32242551,ابوطالب,هاشمی نژاد20/2 واحدی11 پ95,,unknown,normal,import,,,media_1790604467212.csv
علی,محمدزاده,1,1,,09354689030,09150395962,,امام رضا,,,unknown,normal,import,,,media_1790604467212.csv
محمدحسین,محمدزاده,4,4,,09155036425,09308875900,38510412,امام رضا,امام خمینی 84 پلاک 7,,class_seeker,normal,import,نیمه1402: 1,خواهان کلاس,media_1790604467212.csv
امیرعلی,محمدپور,6,6,,09154837416,,,,,,unknown,normal,import,,,media_1790604467212.csv
حامد,محمدپور,5,5,,09363257911,09363257911,,کوهسنگی,عدل خمینی73,,unknown,normal,import,غدیر1404: 3,,media_1790604467212.csv
محمدعلی,محمدپور نجار,6,6,,09153591427,09153591427,37298286,آبکوه,خیابان آبکوه 13 تکتم,کانال حسینیه,unknown,normal,import,غدیر1403: 2; نیمه1403: 2,,media_1790604467212.csv
امیر محمود,محمدی,4,4,,,,,وکیل آباد راست,اموزگار 8,,unknown,normal,import,,,media_1790604467212.csv
امیرحسین,محمدی,1,1,,09156875727,09105611375,,حومه,,,unknown,normal,import,,,media_1790604467212.csv
امیرحسین,محمدی,6,6,,09031030856,,,فرامرز,,,unknown,normal,import,,,media_1790604467212.csv
امیرعلی,محمدی,4,4,,09190394798,09190826147,,وکیل آباد چپ,هفت تیر21 ارشاد,,unknown,normal,import,غدیر1403: 5,,media_1790604467212.csv
امیرعلی,محمدی,5,5,,09156928656,09027130418,,آبکوه,سناباد,نوید,unknown,normal,import,,,media_1790604467212.csv
سید علی,محمدی,3,3,,09156593730,09374954566,37258025,ابوطالب,شهید طبا طبایی 24 بعد چهارراه دوم پلاک 150,مریم بخشی / حدادیان,unknown,normal,import,,,"media_1790604467093.csv, media_1790604467135.csv"
علی,محمدی,4,4,,09374954566,,,امام رضا,عبادی2 محمدزاده15 پ5,حدادیان,unknown,normal,import,,,media_1790604467135.csv
علی,محمدی,6,6,,09355283190,09158213398,38420244,کوهسنگی,کوهسنگی جهان آرا8-چهارراه اول سمت راست بین امید6و8پلاک72,زهراقاسمی,unknown,normal,import,غدیر1404: 3,,media_1790604467212.csv
علیرضا,محمدی,5,5,,09151014531,09156835967,37232489,ابوطالب,عبدالمطلب30حائری18پلاک38زنگ3منزل محمدی,فاطمه سرافراز,unknown,normal,import,,,"media_1790604467093.csv, media_1790604467135.csv"
علیرضا,محمدی,5,5,,09151193858,09105753858,36036344,وکیل آباد راست,امامت32 پلاک86 واحد اول,گروه مادران مدرسه لبیک,unknown,normal,import,,,media_1790604467212.csv
محمد متین,محمدی,2,2,,09105130039,09158363753,33870256,امام رضا,خیابان قائم،قائم 8،پلاک 55,مادر,unknown,normal,import,,,"media_1790604467093.csv, media_1790604467135.csv"
محمد پرهام,محمدی,5,5,,09154031387,,,,,,unknown,normal,import,,,media_1790604467212.csv
محمدطاها,محمدی,6,6,,09056591139,09376732434,,حومه,طلاب/گاز/مجلسی/وحدت/امت/چمن/مصلی,,unknown,normal,import,,,media_1790604467212.csv
مصطفی,محمدی,6,6,,09154226916,09363658947,,وکیل آباد چپ,,زهرا نصیری,unknown,normal,import,,,media_1790604467212.csv
مهرشاد,محمدی,5,5,,09015276212,09159104265,38518795,امام رضا,امام خمینی 68اولین میلان سمت راست پلاک 159,دوقلو,unknown,normal,import,غدیر1403: 2; نیمه1403: 3; غدیر1405: 5,,media_1790604467212.csv
سبحان,محمدی ارشد,5,5,,09366040267,09011449621,38466582,کوهسنگی,کوهسنگی همت11 پ229,,class_seeker,normal,import,نیمه1402: 2; غدیر1403: 1; نیمه1403: 1; غدیر1404: 1; غدیر1405: 4,خواهان کلاس,media_1790604467212.csv
امیرحسین,محمدی صدیق,6,6,,09150695254,09150695254,,وکیل آباد چپ,اقبال,مدرسه,unknown,normal,import,,,media_1790604467212.csv
همایون,محمدی مطلق,6,6,,09155591789,09362031915,,حومه,سیدی,,unknown,normal,import,غدیر1405: 3,,media_1790604467212.csv
سینا,محمدی مقدم,6,6,,09156208568,09156208567,38641887,وکیل آباد چپ,صیاد شیرازی55 رحیم زاده7 ساختمان تارا,,class_seeker,normal,import,نیمه1402: 1; غدیر1404: 3; غدیر1405: 1,خواهان کلاس,media_1790604467212.csv
پویان,محمدی مقدم,5,5,,09151070768,09158832695,38469869,آبکوه,میدان راهنمایی دستغیب 6 میلان شهید یزدانیان پلاک 47,,unknown,normal,import,,اقای محمودی,"media_1790604467093.csv, media_1790604467135.csv"
امیرمحمد,محمدی مقدم کتلر,6,6,,09339606107,09385346618,38230145,رضاشهر,خیابان سرافرازان رهایی5 شهید حیدری 5 پلاک 16,ربابه عطاپور,unknown,normal,import,,,media_1790604467212.csv
محمد ماهان,محمدی مهرا,2,2,,09127496585,09127465946,,ابوطالب,امام خیام جنوبی کوی11 پلاک 18 درب برقی,نذر غدیر,unknown,normal,import,,,media_1790604467093.csv
رضا,محمدیان,3,3,,09155002432,09151026129,33491330,امام رضا,مشهد بلوار جمهوری جمهوری 9بعد از چهاراه اول پلاکذ129,محسن حامد,unknown,normal,import,,,"media_1790604467093.csv, media_1790604467135.csv"
علیرضا,محمدیان,5,5,,09155078926,09046584793,05135592164,آبکوه,امام رضا 37 پلاک34,عماد هدایت زاده,class_seeker,normal,import,غدیر1403: 7,خواهان کلاس,"media_1790604467093.csv, media_1790604467135.csv, media_1790604467212.csv"
محمد ارمیا,محمدیان,5,5,,09157073097,09155102095,,وکیل آباد چپ,هاشمیه 91,مصطفی غزنوی,unknown,normal,import,غدیر1403: 1; غدیر1404: 3,,media_1790604467212.csv
محمدرضا,محمدیان,4,4,,09151011280,09377793343,,رضاشهر,زکریا 22,جشن هفت تیر21,unknown,normal,import,نیمه1402: 1; غدیر1403: 3; نیمه1403: 1; غدیر1404: 2; غدیر1405: 2,,media_1790604467212.csv
سید ابوالفضل,محمود زاده,4,4,,09154004183,,,,,,unknown,normal,import,,,media_1790604467212.csv
سید محمدحسن,محمود زاده,5,5,,09157350280,,,,,,unknown,normal,import,,,media_1790604467212.csv
امیرارسلان,محمود سلطانی,6,6,09142240895,09142240895,09142240895,,امام رضا,بهار 14پلاک 3,ازطریق لینک,unknown,normal,import,,,media_1790604467212.csv
محمد,محمودی,6,6,,09155599867,,37239553,وکیل آباد چپ,میدان هفت تیر موسسه حضرت خدیجه,,unknown,normal,import,,,media_1790604467212.csv
نیکان,محمودی,6,6,,09127320648,,,وکیل آباد راست,صارمی16,جشن هفت تیر21,unknown,normal,import,نیمه1402: 4,,media_1790604467212.csv
سید امیرعباس,محمودی هاشمی,3,3,,09159134775,09159134775,37234142,ابوطالب,چهارراه ابوطالب خیاطی1 بن بست اول سمت چپ پ111,امیرحسین چمنی (پسردایی) / آقای اکبری,class_seeker,normal,import,نیمه1402: 1; غدیر1403: 1; نیمه1403: 4; غدیر1404: 1,خواهان کلاس,"media_1790604467093.csv, media_1790604467135.csv, media_1790604467212.csv"
سید عطا,محمودی هاشمی,6,6,,09151571520,09155036478,,وکیل آباد چپ,هاشمیه,,unknown,normal,import,نیمه1403: 4; غدیر1404: 3,,media_1790604467212.csv
سید مهدیار,محمودی هاشمی,6,6,,09159084955,09015354955,36052801,وکیل آباد راست,سید رضی فرهنگ 20پلاک 28زنگ اول,محمد طاها حسین زاده,unknown,normal,import,نیمه1402: 3; غدیر1403: 1,,"media_1790604467093.csv, media_1790604467135.csv, media_1790604467212.csv"
رضامحمدنژاد,محمونژاد,4,4,,09228586454,09155212899,05138416647,احمدآباد,احمدآبادعدالت 15پلاک2زنگ1,نذرغدیر,unknown,normal,import,,,media_1790604467093.csv
ارمین,مختاری,5,5,,09150409670,09150409670,,قاسم آباد الهیه,,دوستان,unknown,normal,import,,,media_1790604467212.csv
امیرعلی,مختاری,3,3,,,09159140176,,امام رضا,17شهریور یاران17 پ74,,unknown,normal,import,,ماموریت ویژه2,"media_1790604467093.csv, media_1790604467135.csv"
محمد صالح,مختاری,5,5,,09902802916,09156237708,37290077,ابوطالب,ابوطالب 26نوایی3پلاک 17زنگ 6,مدرسه شهید دهستگی,unknown,normal,import,,,"media_1790604467093.csv, media_1790604467135.csv"
محمد مهدی,مخدومی,6,6,,09366344646,09155172063,,وکیل آباد چپ,هنرستان2 پ9,زیارت نیا,unknown,normal,import,غدیر1403: 2,,media_1790604467212.csv
سید محمدمهدی,مخملباف,4,4,,09198016545,09150469302,,ابوطالب,مطهری 58,خانم لقمانی,unknown,normal,import,غدیر1403: 1,,media_1790604467212.csv
محمد یاسین,مدالیان,1,1,,09155805934,09157157155,,کوهسنگی,,اسدی / مدالیان,unknown,normal,import,,,media_1790604467212.csv
یاسین,مدالیان,2,2,09153586251,09155596056,09153586251,,کوهسنگی,بهشتی 34 پلاک 51 زنگ 6,مدنی طلب,unknown,normal,import,نیمه1402: 1; نیمه1403: 2; غدیر1404: 2,,media_1790604467212.csv
حسین,مدرس,4,4,,09151244139,09155573149,,کوهسنگی,بهشتی13,خانم درمحمدی,unknown,normal,import,نیمه1403: 6; غدیر1404: 2; غدیر1405: 5,,media_1790604467212.csv
علیرضا,مدرسی,4,4,,09155193556,09015578100,,وکیل آباد چپ,هاشمیه2,محمدرضا مدرسی,unknown,normal,import,غدیر1405: 6,,media_1790604467212.csv
محمدامین,مدقق,2,2,,09155190755,,37254202,آبکوه,سناباد 45ابن رضا5پلاک 20زنگ دوم,خانم عاطفه اسکندری,unknown,normal,import,,,"media_1790604467093.csv, media_1790604467135.csv"
مهدیار,مدیر,4,4,,09155106071,,37673646,سجاد,سجاد2 گلریز 4 یاس 2 پلاک 78 واحد 3,سرکار خانم تقدمی,unknown,normal,import,,,media_1790604467212.csv
رامان,مدیریان,6,6,,09151094809,09151094809,,قاسم آباد الهیه,,خانم,unknown,normal,import,,,media_1790604467212.csv
امین,مرادزاده,4,4,,09354179710,09163172466,05136032372,,,محمد صادق طیرانی,unknown,normal,import,,,media_1790604467212.csv
حسین,مرادزاده,6,6,,09153331659,09358365933,,حومه,,همکار,unknown,normal,import,,,media_1790604467212.csv
آرین,مرادی,4,4,,09158259099,,,وکیل آباد چپ,دلاوران20,دوست سید مهدیار لطفی,unknown,normal,import,غدیر1403: 1,,media_1790604467212.csv
رضا,مرادی,6,6,,09365746653,,,ابوطالب,آقا یوسف,,unknown,normal,import,,,media_1790604467212.csv
محمد حسین,مرادی,6,6,,09037511214,09037511214,,حومه,سیدی,,unknown,normal,import,,,media_1790604467212.csv
مرتضی,مرادی کارشک,5,5,,09358421862,09352867526,,ابوطالب,کوی امیر امیر 16 پلاک 80,,unknown,normal,import,,,"media_1790604467093.csv, media_1790604467135.csv"
محمد حسین,مرادیان مشهدی,6,6,,09154495996,09154715209,,امام رضا,امام خمینی,,unknown,normal,import,نیمه1403: 6; غدیر1404: 4; غدیر1405: 6,,media_1790604467212.csv
محمد نیما,مرتاض,4,4,,09159967420,09159967421,37131997,ابوطالب,عبدلمطلب 10 پلاک 33 طبقه 4,منتظران ظهور,unknown,normal,import,,,"media_1790604467093.csv, media_1790604467135.csv"
سیدمحمدجواد,مرتضوی,1,1,,09151041403,09151041402,,احمدآباد,,,unknown,normal,import,,,media_1790604467212.csv
پرهام,مرشدی,6,6,,09151022051,09014803767,38848762,وکیل آباد چپ,هاشمیه74 (9158097099),رسولی پور,unknown,normal,import,,,media_1790604467212.csv
امیرعلی,مرشدی شعرباف,6,6,,09152241826,09151040542,37231534,ابوطالب,بلوارشهیدکریمی.کریمی29پلاک23واحد5,لپه ئیان,unknown,normal,import,نیمه1402: 4; غدیر1403: 6; نیمه1403: 3; غدیر1404: 3,,media_1790604467212.csv
امیرعلی,مرندی,6,6,,09387997024,09387997024,,وکیل آباد چپ,,دوست,unknown,normal,import,,,media_1790604467212.csv
وحیدرضا,مروج,4,4,,09367031353,09152232265,,ابوطالب,عبدالمطلب38,جشن شهر قصه ها میدان احمدآباد,unknown,normal,import,غدیر1404: 3; غدیر1405: 5,,media_1790604467212.csv
محمد حسین,مروه,4,4,,09151174934,09153771557,,آبکوه,غفاری,,class_seeker,normal,import,,خواهان کلاس,media_1790604467212.csv
محمدعلی,مروی مهاجر,4,4,,09156008205,09157378205,,آبکوه,اصاحب الزمان16 سنوبر 5 پلاک70,الهه حسینی,unknown,normal,import,غدیر1404: 2; غدیر1405: 2,,media_1790604467212.csv
محمدرشاد,مرکانی,3,3,,09155099497,09159898279,,رضاشهر,خاقانی,خانم درمحمدی,unknown,normal,import,نیمه1403: 6; غدیر1404: 2; غدیر1405: 5,,media_1790604467212.csv
امیرعباس,مزینانی,3,3,,09196706812,09196706832,,ابوطالب,مطهری شمالی,,unknown,normal,import,غدیر1405: 1,,media_1790604467212.csv
محمد عارف,مساحی,6,6,,09159159157,09153251961,38460391,ابوطالب,ابوطالب 19 فرعی اول سمت راست پ40,,unknown,normal,import,,,"media_1790604467093.csv, media_1790604467135.csv"
میثم,مسرت,5,5,,09151034980,,37125607,ابوطالب,بین قرنی 24 و 26 ابزار مسرت,,unknown,normal,import,,,media_1790604467212.csv
محمدمهدی,مسعودی,5,5,,09357107933,09151034940,,ابوطالب,,خانم خردپیشه,unknown,normal,import,غدیر1404: 2; غدیر1405: 6,,media_1790604467212.csv
علیرضا,مشایخی,6,6,09386154162,09354300077,09152010369,,ابوطالب,کامیاب20,مهدیار مشایخی (پدر),class_seeker,normal,import,,خواهان کلاس,media_1790604467212.csv
محمدرضا,مشایخی,6,6,,09155024215,09159252790,38424440,وکیل آباد چپ,هفت تیر ویلا9,خانم ناقدی,unknown,normal,import,نیمه1402: 3; غدیر1404: 3,,media_1790604467212.csv
امیر حسین,مشایخی پور,4,4,,09155045464,09156473880,38594260,امام رضا,امام رضا 59 بعد از چهارراه اول سمت راست پ38 واحد3,,unknown,normal,import,غدیر1405: 6,,"media_1790604467093.csv, media_1790604467135.csv, media_1790604467212.csv"
علیرضا,مشتاقی,5,5,,09158286305,09367701780,,فرامرز,,......,unknown,normal,import,,,media_1790604467212.csv
سید معین,مشرف,4,4,,09153242843,09151086694,,کوهسنگی,بهشتی,,unknown,normal,import,غدیر1405: 2,,media_1790604467212.csv
محمد کیان,مشمول,6,6,,09153224852,,,کوهسنگی,,پیر نیا,unknown,normal,import,,,media_1790604467212.csv
امیرحسین,مشهدی,6,6,,09151064392,09353463166,37280332,کوهسنگی,بلوار نامجو_نامجو23 پلاک 43,سرکار خانم عبداللهی,unknown,normal,import,غدیر1403: 6; نیمه1403: 3,,media_1790604467212.csv
سید علی,مشهدی,5,5,,09159165375,09159175375,,سجاد,خیام,خانم میرزایی,unknown,normal,import,نیمه1403: 4,,media_1790604467212.csv
سید محمد,مشهدی,5,5,,09156433292,09158143404,37270937,آبکوه,کلاهددز36صادقی13 اسفندیانی12پلاک32,حسینیه اهل بیت,unknown,normal,import,غدیر1403: 2; نیمه1403: 4,,media_1790604467212.csv
مهدیار,مشهدی,4,4,,09151095521,09353592790,,ابوطالب,مطهری شمالی62,جشن هفت تیر21,unknown,normal,import,نیمه1402: 3; غدیر1403: 6,,media_1790604467212.csv
محمد حسین,مشهدیان,4,4,,09151141761,09156010060,38585853,امام رضا,امام خمینی 70بعد از چهارراه چهارم پلاک 78,حمیده مشهدیان / کافیان,unknown,normal,import,,,"media_1790604467093.csv, media_1790604467135.csv"
امیروالا,مشکات رضوی,4,4,,09151240432,09153072887,,رضاشهر,دهخدا10,دوست ماهان مهرداد,unknown,normal,import,غدیر1404: 2,,media_1790604467212.csv
سید امیر ارشیا,مشکات رضوی,5,5,,09151014905,09156836083,35018593,وکیل آباد راست,بلوار فارغ التحصیلان- فارغ التحصیلان 8- نبش فرشچیان 5/8 پلاک 41 طبقه اول,مصطفی مقدس,unknown,normal,import,نیمه1402: 2; غدیر1403: 2,,media_1790604467212.csv
امیرحسین,مصباح موسوی,4,4,09352453333,09122270192,09154201807,,آبکوه,بلوار سازمان آب شهید صادقی 19پلاک 156,خانوم محدث / خانم عدالتیان / خانم محدث,unknown,normal,import,غدیر1403: 1; غدیر1404: 2; غدیر1405: 5,,media_1790604467212.csv
سید محمد مهدی,مصباح موسوی,4,4,09154201807,09122270192,09154201807,,آبکوه,بلوار سازمان آب شهید صادقی 19پلاک156,میثم ثانوی / نگین عدالتیان,unknown,normal,import,,,"media_1790604467093.csv, media_1790604467135.csv"
حسین,مصباحی,5,5,,09363227551,09361201576,38417724,کوهسنگی,دکتر بهشتی26 پلاک 75 طبقه دوم,,unknown,normal,import,نیمه1403: 2,,media_1790604467212.csv
علی,مصباحی,5,5,,09154021035,09026446461,,کوهسنگی,خ بهار. بلوار شهیدان عامل. ارشادالرضا,در یک گروه دوستانه دیدم,unknown,normal,import,,,"media_1790604467093.csv, media_1790604467135.csv"
محمدمتین,مصباحی,6,6,,09152324050,09154083730,33416570,امام رضا,بلوار جمهوری. جمهوری 19 .مهر زاد 4 . پلاک 112,خانم طوسی,unknown,normal,import,نیمه1402: 4; غدیر1403: 7; غدیر1405: 6,,"media_1790604467093.csv, media_1790604467135.csv, media_1790604467212.csv"
محمدصدرا,مصدق,2,2,,,09157097534,,کوهسنگی,کوهسنگی,,unknown,normal,import,,,media_1790604467212.csv
علی اکبر,مصدق خندان,6,6,,09153257288,09151237892,,رضاشهر,رضوی14 پ30,علیرضا وحیدیان,unknown,normal,import,,,media_1790604467212.csv
محمدحسین,مصدق خندان,6,6,,09155039776,09153011914,,آبکوه,قاضی 3,علیرضا وحیدیان,unknown,normal,import,,,media_1790604467212.csv
صدرا,مصطفوی نژاد,2,2,,,,38414065,کوهسنگی,بهشتی 18 پ115 زنگ 2,,unknown,normal,import,,جزیره گنج,"media_1790604467093.csv, media_1790604467135.csv"
محمد صالح,مصطفی پور,4,4,,09029112055,09029112055,,وکیل آباد چپ,,عسگری,unknown,normal,import,,,media_1790604467212.csv
امیرحسین,مظاهری,4,4,,09151069565,09351069565,,امام رضا,بهار 14پلاک 3,مهدی مهدوی,unknown,normal,import,نیمه1403: 6,,media_1790604467212.csv
محمد صالح,مظاهری,6,6,,09158119265,,,,,,unknown,normal,import,,,media_1790604467212.csv
محمدرضا,مظاهری,4,4,,09156006343,,,احمدآباد,ابوذر غفاری,امیرعلی سالار ابراهیمی,unknown,normal,import,,,"media_1790604467093.csv, media_1790604467135.csv"
سید محمدحسین,مظلوم مقدم,4,4,,09363704388,09154207001,,فرامرز,فرامرزعباسی4,عاطفه اسکندری,unknown,normal,import,غدیر1405: 2,,media_1790604467212.csv
سید محمدمهدی,مظلومان,4,4,,09153216725,09151243702,,احمدآباد,,امیر علی سالار ابراهیمی / حسین زواریان,unknown,normal,import,,,media_1790604467212.csv
سید سینا,مظلومی توتونچی,6,6,,09155155781,09156115781,37239348,ابوطالب,ابوطالب 12، نجارقرقی3، کرمانی 5، پلاک 33، طبقه دوم,خانم فخلعی,class_seeker,normal,import,نیمه1403: 3,خواهان کلاس,media_1790604467212.csv
محمدمهدی,معافیان,5,5,,09157604240,09155117910,,وکیل آباد چپ,نماز15 رادان6,,unknown,normal,import,غدیر1404: 2,,media_1790604467212.csv
امیرعلی,معاون افشاری,2,2,09151826993,09151826993,09151826993,,آبکوه,قاضی طباطبایی 5 پلاک15,دخانچی,unknown,normal,import,,,"media_1790604467093.csv, media_1790604467135.csv"
علیرضا,معتمدی,5,5,,09156622787,09391225401,,ابوطالب,توس33,علیرضا قاضی خانی,unknown,normal,import,غدیر1403: 3; نیمه1403: 3; غدیر1404: 3,,media_1790604467212.csv
مرتضی,معتمدی,3,3,,09155069277,09159040802,,ابوطالب,خیام 60 پلاک 57 زنگ اول,علی معتمدی 09155833655 / سید مهدی موسوی,class_seeker,normal,import,نیمه1403: 5; غدیر1404: 1; غدیر1405: 1,خواهان کلاس,media_1790604467212.csv
پارسا,معدنی,2,2,,09151826535,09155198279,38782997,رضاشهر,رضاشهر دعبل خزایی2پلاک81زنگ پایین,خانم طاهره معدنی,unknown,normal,import,,,media_1790604467093.csv
مهراد,معرفتی,4,4,09352537237,09353537237,09365704709,,ابوطالب,عبدالمطلب22,جشن هفت تیر21,unknown,normal,import,نیمه1402: 1; غدیر1403: 1; نیمه1403: 1,,media_1790604467212.csv
سید محمدحسین,معصوم زاده,3,3,,09157068157,09159188157,,آبکوه,,مصباح,unknown,normal,import,,,media_1790604467212.csv
سید مصطفی,معلم,4,4,,09374306347,09120337096,,ابوطالب,عبادی69,جشن میدان احمدآباد شهر قصه,unknown,normal,import,غدیر1404: 3,,media_1790604467212.csv
سید محمد علی,معلمی,6,6,,09157571535,09152015414,37282238,سجاد,کلاهدوز 29 تورج 15 پلاک 101 واحد 1,واتساپ,unknown,normal,import,نیمه1402: 1; غدیر1403: 6; غدیر1404: 2,,"media_1790604467093.csv, media_1790604467135.csv, media_1790604467212.csv"
محمدمتین,معلمی,4,4,,09127532664,,,امام رضا,امام خمینی82 پ119,,unknown,normal,import,,,media_1790604467212.csv
محسن,معلومی,4,4,,09155138610,09153771557,,آبکوه,آبکوه1,حجت اله مروا,class_seeker,normal,import,غدیر1404: 2,خواهان کلاس,media_1790604467212.csv
ابوالفضل,معمارزاده,5,5,,09916761032,09156972350,33415041,امام رضا,عنصری شرقی نسترن 6پلاک 13,فامیل سجاد حدادیان,class_seeker,normal,import,غدیر1403: 2; نیمه1403: 2; غدیر1404: 1,خواهان کلاس,media_1790604467212.csv
علیرضا,معینی,5,5,09352453333,09122270192,09154201807,,وکیل آباد راست,دانشجو,خانوم محدث / خانم عدالتیان / خانم محدث,unknown,normal,import,غدیر1403: 1; غدیر1404: 2; غدیر1405: 5,,media_1790604467212.csv
علیرضا,معینی,5,5,,09156858609,09362081146,5138939546,وکیل آباد راست,دانشجو 12پلاک16زنگ دوم,خانم مصباح,unknown,normal,import,غدیر1403: 1,,media_1790604467212.csv
محمدرضا,معینی,1,1,09352453333,09122270192,09154201807,,وکیل آباد راست,دانشجو,خانوم محدث / خانم عدالتیان / خانم محدث,unknown,normal,import,غدیر1403: 1; غدیر1404: 2; غدیر1405: 5,,media_1790604467212.csv
مهدیار,معینی فر,6,6,,09153771477,09153145198,33861556,احمدآباد,قائم 24 پلاک 174واحد 5,خانم رضایی,unknown,normal,import,,,"media_1790604467093.csv, media_1790604467135.csv"
طاها,معینی پارسا,6,6,,09151253517,09374995809,38836860,رضاشهر,کوثرجنوبی18پلاک 13,جواد معینی,unknown,normal,import,,,media_1790604467212.csv
حسین,مقبل,4,4,,09158003566,09334443566,,فرامرز,,خانم خرد پیشه,unknown,normal,import,نیمه1403: 6,,media_1790604467212.csv
امیر علی,مقدس,6,6,,09365232213,,,,,,unknown,normal,import,,,media_1790604467212.csv
امیرعلی,مقدس,2,2,,09155154103,09151255521,37294598,آبکوه,خیابان آبکوه-بلوارمجد-مجدیک-پلاک13-واحد4,قلک غدیر,unknown,normal,import,,,"media_1790604467093.csv, media_1790604467135.csv"
منیر,مقدس,3,3,,09153235307,09153235307,37272451,ابوطالب,انتهای محسن کاشانی 73 نبش حسن باشی 13,,unknown,normal,import,,,media_1790604467093.csv
محسن,مقدسان,3,3,,09153246373,09153380406,37244163,ابوطالب,عبادی12 تعبدی10 پ6,,unknown,normal,import,نیمه1402: 4; غدیر1403: 1; غدیر1404: 1,,media_1790604467212.csv
امیرعلی,مقدسی,3,3,,09353711056,09355357431,38580328,امام رضا,مشهد فداییان اسلام 11قباد11,,unknown,normal,import,,,"media_1790604467093.csv, media_1790604467135.csv"
محمدطاها,مقدم,6,6,,09153058198,09156614153,38695051,وکیل آباد راست,نبش وکیل آباد 37 ، پلاک 5 (سیدرضی),سیدمهدی موسوی,class_seeker,normal,import,,خواهان کلاس,media_1790604467212.csv
امیرحسین,مقدوری,6,6,,09158040018,09158005292,,وکیل آباد چپ,هفت تیر15,خانم مقدوری,unknown,normal,import,غدیر1403: 6; نیمه1403: 3,,media_1790604467212.csv
حیدر,مقیمیان یزد,6,6,,09154247253,09157904714,,امام رضا,هفده شهریور,محیا کافیان,unknown,normal,import,نیمه1403: 6,,media_1790604467212.csv
محمد علی,ملوندی,4,4,,09158995649,09392228285,38422844,کوهسنگی,نامجو 21 اولین بن بست سمت راست پلاک 544,فاطمه نوری,unknown,normal,import,نیمه1402: 1; غدیر1403: 6; نیمه1403: 1; غدیر1404: 2; غدیر1405: 2,,media_1790604467212.csv
آیهان,ملک,1,1,,09153000397,09158074228,,کوهسنگی,,,unknown,normal,import,,,media_1790604467212.csv
امیرارسلان,ملک نژاد,3,3,,09155259816,09159077822,37330747,ابوطالب,عبادی50 پلاک 61 طبقه دوم,کانال,unknown,normal,import,نیمه1402: 1; نیمه1403: 1; غدیر1404: 1; غدیر1405: 1,,media_1790604467212.csv
محمد امین,ملکوتی,4,4,,09158778400,09159734434,37298558,ابوطالب,بلوار مجد ،مجد 25 ،چهارراه اول سمت چپ،بعد از دبستان ،پلاک 26 ،زنگ 3,گروه مدرسه,unknown,normal,import,,,media_1790604467093.csv
ماهان,ملکی,6,6,,09362424929,09159230160,,ابوطالب,ابوطالب61,هما شریف مقدم,unknown,normal,import,غدیر1405: 6,,media_1790604467212.csv
محمدرضا,ملکی,3,3,,09105007321,09152002481,,آبکوه,سناباد سنایی3,دبستان,unknown,normal,import,غدیر1405: 1,,media_1790604467212.csv
محمد مهدیار,ممرآبادی,6,6,,09044159523,09391913476,,وکیل آباد چپ,صارمی36,محمد تقدمی,class_seeker,normal,import,نیمه1402: 3; غدیر1403: 6; نیمه1403: 3; غدیر1404: 2,خواهان کلاس,media_1790604467212.csv
سید امیرعطا,منبتی,3,3,,09155075637,09153174951,,سجاد,فلسطین 11,,unknown,normal,import,غدیر1403: 3; غدیر1405: 1,,media_1790604467212.csv
سید حسین,منبتی,3,3,,09151582401,09151236811,,وکیل آباد چپ,پیروزی,کانال خوشمزه ها,unknown,normal,import,غدیر1405: 6,,media_1790604467212.csv
سید محمدجواد,منتخب,5,5,,09151192320,09377644050,38593407,امام رضا,امام خمینی 44 ،پلاک25،رنگ5,خانم فرزانه حنایی,class_seeker,normal,import,,خواهان کلاس | حضوری,"media_1790604467093.csv, media_1790604467135.csv"
محمد,منتظری,6,6,09301560125,09154079793,09301560125,,ابوطالب,عبدلمطلب 7 هنرور 5 سعادت جو12 پ 126,,unknown,normal,import,غدیر1403: 7; نیمه1403: 5,,media_1790604467212.csv
علی,منشی زاده,6,6,,09151581127,09155146706,,وکیل آباد چپ,,یکی از دوستان,unknown,normal,import,,,media_1790604467212.csv
حسین,منظم,5,5,,09153139051,09151679792,35029149,وکیل آباد چپ,وکیل اباد اقبال لاهوری 15 پلاک 5 واحد 9 طبقه پنجم,گروه تشریفات,unknown,normal,import,,,media_1790604467093.csv
سامیار,منعم,6,6,,09395491887,09151030336,35216825,حومه,گلبهار,حامد آل هاشمی,unknown,normal,import,,,media_1790604467212.csv
سید ابوالفضل,منعم,6,6,,09158066009,09373427095,37238681,ابوطالب,سه راه کاشانی.پارک کودک,دوستم,unknown,normal,import,,,media_1790604467212.csv
امیرعلی,مهاجر,4,4,,09156586248,09156586247,38373242,ابوطالب,توس34,دوست محمدصدرا رجبی,unknown,normal,import,غدیر1404: 2; غدیر1405: 2,,media_1790604467212.csv
سید علی,مهان پور,6,6,,09388755546,09358364522,37253740,ابوطالب,کریمی,محمد محسنی,unknown,normal,import,,,media_1790604467212.csv
سید علی,مهانپور,1,1,,09388755546,09358364522,37253740,آبکوه,روبروی سناباد 7 ، پلاک 58,محمد محسنی,unknown,normal,import,,,"media_1790604467093.csv, media_1790604467135.csv"
امیرعلی,مهدوی,3,3,,09153105561,09354302213,,احمدآباد,احمد آباد,,unknown,normal,import,,,media_1790604467212.csv
مصطفی,مهدوی,5,5,,09154143498,09155143498,,رضاشهر,,زهرا انصاری,unknown,normal,import,,,media_1790604467212.csv
محمد,مهدویان,5,5,,09015773282,,,کوهسنگی,,,unknown,normal,import,,,media_1790604467212.csv
محمدرضا,مهدویان,4,4,,09150527972,09150527973,,آبکوه,مجد,فضای محازی,unknown,normal,import,غدیر1403: 1; غدیر1405: 2,,media_1790604467212.csv
محمد حسین,مهدویان دلاوری,6,6,,09153212848,09151212252,36031024,وکیل آباد راست نزدیک,جلال 68 پلاک 271 طبقه ی دوم,محمد حسین محمدزاده,unknown,normal,import,نیمه1403: 4,,"media_1790604467093.csv, media_1790604467135.csv, media_1790604467212.csv"
امیرحسین,مهدی بیک,5,5,,09367239076,09337882945,دوقلو,احمدآباد,ناصرخسرو19/4,همسایه محل جشن ناصرخسرو 19/4,unknown,normal,import,غدیر1405: 1,,media_1790604467212.csv
محمدعلی,مهدی زاده,3,3,,09151119020,09157358992,36060239,آبکوه,کلاهدوز 50 داخل 50/1پلاک 69 واحد1 / 9157358992,محدث / مدالیان / پسرعمو علی مهدی زاده,unknown,normal,import,غدیر1403: 1; نیمه1403: 1; غدیر1404: 2,,media_1790604467212.csv
احسان,مهربان,6,6,,09153086257,09155448857,36662288,فرامرز,جانباز 7، تلاش 13، هژبر 2 پلاک 159,,unknown,normal,import,,,media_1790604467212.csv
یاسین,مهربان,3,3,,09158233526,09159752586,,ابوطالب,عبالمطلب 15,,unknown,normal,import,,,media_1790604467212.csv
ماهان,مهرداد,3,3,,09155117449,09155226129,38760094,رضاشهر,پیروزی3 رودکی 14 پلاک 35/1 زنگ اول,سید الهه حسینی / مهلا طوسی,unknown,normal,import,نیمه1403: 6; غدیر1404: 2; غدیر1405: 2,,media_1790604467212.csv
رادین,مهرگان,1,1,,09151024704,09156940836,32714166,ابوطالب,مسلم جنوبی18،شهید دریغ5 پ1 زنگ3,سیده الهام صلاحی,unknown,normal,import,,,media_1790604467093.csv
محمد مرصاد,موحد,4,4,,09379598481,09307494965,38521913,کوهسنگی,امام خمینی 47، پلاک 75/1، واحد 2,سید رضا,unknown,normal,import,,,"media_1790604467093.csv, media_1790604467135.csv"
احمد,موحدی,3,3,,09152083297,09151245897,,ابوطالب,,,unknown,normal,import,,,media_1790604467212.csv
سید علیرضا,موحدی تبریزی,4,4,,09155194434,,38721145,رضاشهر,رضوی35,محمدرضا واحدی,unknown,normal,import,,,"media_1790604467093.csv, media_1790604467135.csv"
محمدحسین,موحدی پور,5,5,,09057068319,09151068319,,وکیل آباد چپ,هاشمیه35 پ8,,unknown,normal,import,نیمه1402: 2; غدیر1403: 3,,media_1790604467212.csv
پرهام,موسمی,2,2,,09392528901,09155590700,,کوهسنگی,بهشتی44,خانم درمحمدی,unknown,normal,import,نیمه1403: 6; غدیر1404: 2; غدیر1405: 5,,media_1790604467212.csv
سید احمدرضا,موسوی,6,6,09039464077,09378672776,09197262477,,وکیل آباد راست,وکیل آباد 87,مدیر مدرسه,unknown,normal,import,غدیر1404: 4,,media_1790604467212.csv
سید امیرحسین,موسوی,4,4,,09159239383,09154506209,37286859,آبکوه,مجد 28 مولایی 6 پلاک 9,,unknown,normal,import,نیمه1402: 1; غدیر1403: 1; نیمه1403: 1; غدیر1404: 2,,"media_1790604467093.csv, media_1790604467135.csv, media_1790604467212.csv"
سید امیرمهدی,موسوی,4,4,,09151198552,,36079446,فرامرز,فرامرز12,سیده زهرا نورایی,unknown,normal,import,,,"media_1790604467093.csv, media_1790604467135.csv"
سید امیرمهدی,موسوی,5,5,,09361955016,,,فرامرز,فرامرز53,دوست محمدمهدی لطیفی,unknown,normal,import,غدیر1405: 5,,media_1790604467212.csv
سید دانیال,موسوی,5,5,,09151037005,09331037005,37273465,ابوطالب,سه راه کاشانی موحدین15 پ76,,unknown,normal,import,نیمه1402: 2; نیمه1403: 3,,media_1790604467212.csv
سید رضا,موسوی,3,3,,09158758604,09158758604,37526634,ابوطالب,ایثارگران 25،،،شهیدابراهیمی 6،،،انتهای میلان سمت راست پلاک 92,بی بی زینب طباطبایی,unknown,normal,import,,,"media_1790604467093.csv, media_1790604467135.csv"
سید رضا,موسوی,6,6,,09334520267,,,,,,unknown,normal,import,,,media_1790604467212.csv
سید عرفان,موسوی,5,5,,09300536959,,,,,,unknown,normal,import,,,media_1790604467212.csv
سید محمد امین,موسوی,3,3,,09389511046,09155246744,36087560,آبکوه,سناباد 13 مولوی6 پلاک 75 زنگ,مریم باعدی,unknown,normal,import,,,media_1790604467212.csv
سید محمد حسن,موسوی,4,4,09154803877,09394668156,09354142256,,رضاشهر,طالقانی بهارستان11,کانال مجالس مذهبی,unknown,normal,import,نیمه1402: 1; غدیر1403: 3,,media_1790604467212.csv
سید محمدجواد,موسوی,5,5,,09158084819,09158366345,37235990,ابوطالب,کریمی35 پ31,,class_seeker,normal,import,غدیر1404: 3; غدیر1405: 5,خواهان کلاس,media_1790604467212.csv
سید محمدرضا,موسوی,5,5,,09372755042,09371078409,,حومه,طلاب/گاز/مجلسی/وحدت/امت/چمن/مصلی,فریده رضوی,unknown,normal,import,غدیر1404: 2,,media_1790604467212.csv
سید محمدطاها,موسوی,6,6,,,09358077818,,وکیل آباد راست,دانشجو17,دوست علی اکبر خواجوی,unknown,normal,import,,,media_1790604467212.csv
سید مهدی,موسوی,5,5,,09158989756,09155236224,37240601,ابوطالب,کریمی,,unknown,normal,import,غدیر1405: 4,,media_1790604467212.csv
سیدحسین,موسوی,5,5,,09900851342,09056443088,,ابوطالب,,امیر علی جنگی,unknown,normal,import,,,media_1790604467212.csv
سیدعلی,موسوی,2,2,,09158839851,09155051300,,احمدآباد,رضا,اکبری,unknown,normal,import,غدیر1405: 6,,media_1790604467212.csv
سیدمحمد,موسوی,5,5,,09151099015,,32252187,ابوطالب,عبادی47 پژمان14 در سفید آخر کوچه سمت راست زنگ اول,,unknown,normal,import,,ماموریت ویژه2,"media_1790604467093.csv, media_1790604467135.csv"
طاها,موسوی,2,2,,09353389399,,5138848737,وکیل آباد چپ نزدیک,کوثر شمالی بین 35و 37 پلاک 3واحد 2,محمد صادق سرفراز,unknown,normal,import,,,"media_1790604467093.csv, media_1790604467135.csv"
علیرضا,موسوی,5,5,,09035372061,09365572866,,فرامرز,فرامرز32,,unknown,normal,import,غدیر1405: 5,,media_1790604467212.csv
محمد دانیال,موسوی,5,5,,09151017735,09016951917,,سجاد,,آقای برکات,class_seeker,normal,import,,خواهان کلاس,media_1790604467212.csv
محمد صالح,موسوی,6,6,,09017134325,09154130974,,حومه,طلاب/گاز/مجلسی/وحدت/امت/چمن/مصلی,خانم سلطانی,unknown,normal,import,,,media_1790604467212.csv
محمدصادق,موسوی,6,6,,,09386393873,,وکیل آباد چپ,,,unknown,normal,import,,,media_1790604467212.csv
محمدیاسین,موسوی,5,5,,09155050806,09156010806,,امام رضا,هفده شهریور13 نبش توسلی 14 پ 42,وارسته,unknown,normal,import,,,media_1790604467212.csv
محمدمهدی,موسوی احمدی,4,4,,09031328967,09353592979,,ابوطالب,,حاج آقای تقوی,unknown,normal,import,,,media_1790604467212.csv
سید علی اکبر,موسوی اصفهانی,5,5,,09354123051,09158123051,,ابوطالب,عبادی 40,جشن هفت تیر21,unknown,normal,import,نیمه1402: 3,,media_1790604467212.csv
سید محمد علی,موسوی جزایری,5,5,,09155143080,09353688502,38413488,احمدآباد,خ کوهسنگی 9 عدالت 19 پ 6 واحد 1,سید صادق موسوی جزائری,unknown,normal,import,غدیر1405: 1,,"media_1790604467093.csv, media_1790604467212.csv"
سید مهدی,موسوی حجازی,4,4,,09158073428,,38546911,امام رضا,کوشش 7 پلاک 114,فواد علی شیخ نظامی,unknown,normal,import,,,"media_1790604467093.csv, media_1790604467135.csv"
سید محمد رضا,موسوی پور,5,5,,09155095641,09155095641,38785797,رضاشهر,بلوار رضوی .رضوی 16 دهخدا 7 پلاک 244/1,حسین فلاح کریمی,unknown,normal,import,,,media_1790604467093.csv
سید شهاب,موسوی کاخکی,6,6,,09905321962,09159112435,,امام رضا,,,unknown,normal,import,نیمه1403: 6; غدیر1404: 4,,media_1790604467212.csv
امیرطاها,موسویان,3,3,,09150604828,09155577260,38419823,آبکوه,نبش کلاهدوز30 پ253,,class_seeker,normal,import,نیمه1402: 5; غدیر1404: 1,خواهان کلاس,media_1790604467212.csv
امیرحسن,مویدی,6,6,,09942446473,09155146341,,آبکوه,,اسلامی,unknown,normal,import,غدیر1403: 2; نیمه1403: 6,,media_1790604467212.csv
محمد حسین,مویدیان,3,3,,09153161644,09153218890,38471726,آبکوه,سناباد45 عبدالرضا5 پ20,احسان پورعطا,unknown,normal,import,,,"media_1790604467093.csv, media_1790604467135.csv"
مهدیار,مکفی,4,4,,09151250938,09377475448,38931211,وکیل آباد راست,دانش آموز 20 پلاک 13/1,مریم مکفی,unknown,normal,import,,,media_1790604467212.csv
سید علیرضا,مکی,4,4,,09155047104,09157157104,,امام رضا,,علیرضا خاور / اقطاعی,unknown,normal,import,,,media_1790604467212.csv
کوروش,میر,6,6,,09153208689,09159107147,36038152,وکیل آباد راست,سید رضی 13.پلاک 236,دوستم,unknown,normal,import,,,media_1790604467212.csv
امیروالا,میر احمدی,3,3,,09151154598,09153580128,,احمدآباد,ابوذر 40,دوست علیرضا صحافیان,unknown,normal,import,نیمه1402: 1; غدیر1403: 1; نیمه1403: 4; غدیر1404: 2,,media_1790604467212.csv
سید محمود,میر رضایی,3,3,,09151228996,09151228996,,آبکوه,,خانم هدایت زاده,unknown,normal,import,,,media_1790604467212.csv
سیدرادوین,میراسماعیلی,6,6,,09155134068,09120259271,37235182,سجاد,خیام جنوبی 10خیابان گلایل پلاک37واحد3,خاله بچه ها,class_seeker,normal,import,نیمه1402: 2,خواهان کلاس,"media_1790604467093.csv, media_1790604467212.csv"
سیدحسین,میرحافظ,5,5,09375999320,09010500635,09154352922,,ابوطالب,"بلوارکامیاب،کامیاب62,کوچه مجلسی14,پلاک103,واحد5",خانم یوسفی,unknown,normal,import,نیمه1402: 2; غدیر1404: 3,,media_1790604467212.csv
ابوالفضل,میرزائیان قوژد,5,5,,09154188533,,,رضاشهر,فرخی,خانم حاتمی,unknown,normal,import,غدیر1403: 6; غدیر1404: 3,,media_1790604467212.csv
محمد حسین,میرزایی,5,5,,09151239967,09151239967,37264038,ابوطالب,عبادی 40مقابل نیکنام 5پلاک 62زنگ بالا,مهدی پور,unknown,normal,import,,,"media_1790604467093.csv, media_1790604467135.csv"
محمدصالح,میرزایی,5,5,,09152372330,09154251500,37230173,آبکوه,کلاهدوز 33 پلاک 1/8 طبقه 2,از طریق پیام در ایتا ملیحه خانوم,unknown,normal,import,,,"media_1790604467093.csv, media_1790604467135.csv"
مهزیار,میرزایی,6,6,,,09153069597,,احمدآباد,ابوذر,دوست محمدجواد عرب,unknown,normal,import,نیمه1403: 4,,media_1790604467212.csv
ابوالفضل,میرزایی صفی آباد,5,5,,09156204434,09155144434,,سجاد,خیام جنوبی,آقای شیخ نظامی,unknown,normal,import,غدیر1405: 5,,media_1790604467212.csv
سید محمد حسین,میرزرابی,5,5,09159675819,09151064055,09027648834,,امام رضا,هفده شهریور,محمد صالح صائب,unknown,normal,import,غدیر1405: 6,,media_1790604467212.csv
محمدجواد,میرزرابی,1,1,,09353658055,,,حومه,طلاب/گاز/مجلسی/وحدت/امت/چمن/مصلی,میرزرابی,unknown,normal,import,,,media_1790604467212.csv
امیرعباس,میرشجاعان,5,5,,09151024854,,,سجاد,فلسطین قدس24,,unknown,normal,import,,,media_1790604467212.csv
سید طاها,میرشیبانی,3,3,,09392395591,09386373221,38924021,وکیل آباد راست,دانش اموز 38پلاک 485/1,آقای خزایی,unknown,normal,import,غدیر1404: 1; غدیر1405: 1,,media_1790604467212.csv
سید امیر مهدی,میرمفیدی,2,2,,09155157897,09151233491,37285451,آبکوه,بلوار مجد مجد 21چهارراه دوم سمت راست پلاک121,از طریق اطلاع رسانی در واتساپ,unknown,normal,import,,,"media_1790604467093.csv, media_1790604467135.csv"
امیراردلان,میرنژاد,5,5,,09153254298,09155007900,,احمدآباد,بعثت,پسرخاله الیاس خالقی,unknown,normal,import,غدیر1405: 5,,media_1790604467212.csv
میثم,میرنژاد,4,4,09156184612,09156184612,09058211580,,وکیل آباد چپ نزدیک,پیروزی28/4 پ83,مهدوییون,unknown,normal,import,,,"media_1790604467093.csv, media_1790604467135.csv"
سید الیاس,میرهاشمی,6,6,,09380703321,09155006825,,وکیل آباد چپ,,خانم حاجی زاده,unknown,normal,import,نیمه1403: 6,,media_1790604467212.csv
ابوالفضل,میری,4,4,,09158070616,09150685881,38420323,کوهسنگی,خ کوهسنگی خ جهان آرا 5 پلاک214,محمد صادق میری,unknown,normal,import,غدیر1403: 7; نیمه1403: 1; غدیر1404: 2,,media_1790604467212.csv
حامد,میری,5,5,,09154884206,09309012665,,آبکوه,دوستان,,unknown,normal,import,,,media_1790604467212.csv
ماهان,میری,5,5,09154414562,09151114562,09154414562,,وکیل آباد راست,دانش آموز1.پلاک 298.طبقه 6,میری,unknown,normal,import,نیمه1402: 2; غدیر1403: 3; نیمه1403: 2,,media_1790604467212.csv
محمدعلی,میلانی,4,4,,09120748808,09120748808,,امام رضا,,اقطاعی / آقای یگانه,unknown,normal,import,,,media_1790604467212.csv
مصطفی,مینائی,6,6,,09154563449,,,حومه,,طبرسی شمالی طباطبائی 36 پلاک 68,unknown,normal,import,,,media_1790604467212.csv
محمد یاسین,میهنی,3,3,,09153146011,09153250980,37628376,سجاد,بلوار سازمان اب شهید صادقی 12 توفیق 9 پلاک 28 زنگ 2 میهنی,اقای میر جلیلی,unknown,normal,import,,,"media_1790604467093.csv, media_1790604467135.csv"
امیرعلی,ناجی,5,5,,09151135558,09155167443,,وکیل آباد راست,امامت3,شیخ نظامی,class_seeker,normal,import,غدیر1405: 5,خواهان کلاس,media_1790604467212.csv
محمد امین,نادعلی زاده,6,6,,09158104874,09158241585,38825445,وکیل آباد چپ,کوثر جنوبی 17پلاک 58 زنگ اول,آقای رسولی,unknown,normal,import,غدیر1404: 4,,media_1790604467212.csv
عرفان,ناشری,6,6,,09151097253,09105557293,37265727,ابوطالب,قرنی28 پ29,,unknown,normal,import,نیمه1402: 2; غدیر1403: 2; نیمه1403: 2,,media_1790604467212.csv
عباس,ناصری,6,6,,09304101668,09382237103,,,,خاله جونم,unknown,normal,import,,,media_1790604467212.csv
محمد پویان,ناصری فر,6,6,09155226894,09151226894,09013280060,,وکیل آباد چپ,هفت تیر ویلا,,class_seeker,normal,import,نیمه1402: 4; غدیر1403: 2; غدیر1404: 4,خواهان کلاس,media_1790604467212.csv
امیرعلی,ناصری کلاتی,6,6,,09155582633,09370042722,37513778,ابوطالب,عبدالمطلب12,,unknown,normal,import,نیمه1402: 4; غدیر1403: 6; نیمه1403: 4; غدیر1404: 4,,media_1790604467212.csv
محمدسالار,ناطق,4,4,,09152022647,09331789659,,کوهسنگی,,معلم,unknown,normal,import,نیمه1403: 2,,media_1790604467212.csv
محمدطاها,ناطقی,5,5,,09151103956,09151245618,38812507,وکیل آباد چپ,هاشمیه31 پلاک29 طبقه سوم,مراسم های قبلی,unknown,normal,import,نیمه1402: 2; غدیر1403: 3; نیمه1403: 4; غدیر1404: 3; غدیر1405: 5,,media_1790604467212.csv
سید امیرعباس,ناظری,4,4,,09151231804,09014870786,,سجاد,,خانم بختیاری,unknown,normal,import,,,media_1790604467212.csv
پارسا,ناظری,4,4,,09900656580,,,وکیل آباد چپ,,,unknown,normal,import,,,media_1790604467212.csv
علی,ناظری نسب,3,3,,09374468268,09357413740,32217109,ابوطالب,خیابان عبادی عبادی 37 کوچه امیر روبروی امیر 5 پلاک 28,دوستم,unknown,normal,import,,,"media_1790604467093.csv, media_1790604467135.csv"
امیر عباس,نامشخص,6,6,,09153145320,,,آبکوه,,,unknown,normal,import,,,media_1790604467212.csv
امیرعلی,نامشخص,6,6,,09156221931,09156221931,,,,مسعود تقی زاده,unknown,normal,import,,,media_1790604467212.csv
سجاد,نامشخص,4,4,,09154741168,,,,,,unknown,normal,import,,,media_1790604467212.csv
سید محمدرضا,نامشخص,6,6,,09367724146,,,امام رضا,,,unknown,normal,import,,,media_1790604467212.csv
محمد حسین,نامشخص,4,4,,09361701977,,,,,,unknown,normal,import,,,media_1790604467212.csv
محمدرضا,نامشخص,3,3,,09151254263,,,,,,unknown,normal,import,,,media_1790604467212.csv
مسیح,نامشخص,6,6,,09151572500,,,,,,unknown,normal,import,,,media_1790604467212.csv
محمدمهدی,نایبی,4,4,09153250557,09153250557,09153250557,,وکیل آباد راست,امامت 13.پلاک 84.طبقه 5,,unknown,normal,import,,,media_1790604467212.csv
محمد طاها,نباتی,5,5,,09372790773,09372790773,,ابوطالب,,مدرسه ایوب نصیرزاده,unknown,normal,import,,,media_1790604467212.csv
محمدسجاد,نباتی,5,5,,09151061890,09158912040,36031153,وکیل آباد راست نزدیک,سیدرضی 63 ، شهید قاسمی 70 ، پلاک 271,چنل مراسمات مذهبی,unknown,normal,import,,,"media_1790604467093.csv, media_1790604467135.csv"
سید علی,نبوی موسوی,5,5,09934881394,09151227436,09157067436,,امام رضا,خمینی49,جشن هفت تیر21,unknown,normal,import,نیمه1402: 1; غدیر1403: 3; نیمه1403: 3; غدیر1405: 5,,media_1790604467212.csv
محمدعلی,نبی,3,3,,09153102872,09153001966,36010114,وکیل آباد چپ,وکیل آباد17معاد12پلاک196واحد5منزل نبی,استادم خانم حاتمی,unknown,normal,import,نیمه1403: 1,,media_1790604467212.csv
طاها,نبی پور,5,5,,09339626671,09358890285,,حومه,مفتح,محمدیان,unknown,normal,import,نیمه1403: 6; غدیر1404: 3,,media_1790604467212.csv
سید محمد مهدی,نجات حسینی,4,4,,09151233203,09152460148,37121230,ابوطالب,کاشانی 46 پلاک 123 زنگ 6,,unknown,normal,import,غدیر1403: 3; نیمه1403: 1; غدیر1404: 2; غدیر1405: 2,,media_1790604467212.csv
سید محمدحسین,نجات حسینی,4,4,,09157587462,09150038833,,امام رضا,,حسین بهزاد,unknown,normal,import,,,media_1790604467212.csv
علی,نجات زاده,2,2,,09151230971,09150070927,38471725,آبکوه,آبکوه16، ایرج 3، پلاک 20,پیامک در واتساپ,unknown,normal,import,,,"media_1790604467093.csv, media_1790604467135.csv"
ابوالفضل,نجاتی,4,4,,09153594290,09158575563,33428479,احمدآباد,خیابان فداییان اسلام . چمن 24. پلاک 23,خواهرم,unknown,normal,import,,,media_1790604467093.csv
مهبد,نجاتی عدالتیان,5,5,,09153044700,09151111345,38468063,آبکوه,بخارایی 15-پلاک 57-(قطعه سوم جنوبی)-طبقه اول,آقای صادق فرهنگی,unknown,normal,import,,,"media_1790604467093.csv, media_1790604467135.csv"
حسین,نجار شهری,3,3,09395227570,09390303818,09395227570,,امام رضا,"بلوار فرودگاه پروین اعتصامی23/پ25,واحد6",خانم یادگاری,unknown,normal,import,غدیر1403: 1; غدیر1404: 1; غدیر1405: 2,,media_1790604467212.csv
حسین,نجاری شهری,3,3,09395227570,09390303818,09395227570,,امام رضا,"بلوار فرودگاه پروین اعتصامی23/پ25,واحد6",خانم یادگاری,unknown,normal,import,غدیر1403: 1; غدیر1404: 1,,media_1790604467212.csv
آدرین,نجفی,4,4,,09156141872,09156141940,دوقلو,وکیل آباد چپ,هفت تیر21,,unknown,normal,import,غدیر1403: 1,,media_1790604467212.csv
سید محمدیاسین,نجفی,2,2,09038308488,09366684203,09910907435,,وکیل آباد چپ,پیروزی 61,جشن هفت تیر21 / آقای موسوی / سید حسین نجفی,unknown,normal,import,نیمه1402: 4; غدیر1403: 1; نیمه1403: 6; غدیر1405: 3,,media_1790604467212.csv
محمد رسول,نجفی,5,5,,09025241981,09058034160,,حومه,,میرزایی,unknown,normal,import,,,media_1790604467212.csv
محمدکیان,نجفی,4,4,,09363348276,09036287249,,ابوطالب,کوی امیر نبش ذوالفقار22 پ141,,unknown,normal,import,غدیر1405: 5,,media_1790604467212.csv
یزدان,نجفیان,6,6,,09155036112,09151021735,,وکیل آباد راست,چهارراه ستاری,نگار کمال فر,unknown,normal,import,غدیر1403: 3; نیمه1403: 4; غدیر1404: 4,,media_1790604467212.csv
علیرضا,نجیب برقی,6,6,,09158040018,09158005292,,وکیل آباد چپ,هفت تیر15,خانم مقدوری,unknown,normal,import,غدیر1403: 6; نیمه1403: 2,,media_1790604467212.csv
امیرشایان,نخعی,2,2,,09157048646,09152500035,,احمدآباد,کلاهدوز1,تلگرام,unknown,normal,import,غدیر1405: 1,,media_1790604467212.csv
محمدصالح,نشاط,4,4,,09151119173,09157468528,38534041,امام رضا,17شهریور 1٫1 کوچه شهید عبدی 3 پلاک 23,عفت امیر نکویی,unknown,normal,import,,,"media_1790604467093.csv, media_1790604467135.csv"
عباس,نشیبی,4,4,,09017302910,09154139811,37272624,آبکوه,میدان تختی مطهری جنوبی 18 نرسیده ب تقاطع دوم پلاک 73 طبقه همکف,خانم یوسفی / آقای توکلی نژآد,unknown,normal,import,نیمه1402: 1; غدیر1403: 1; نیمه1403: 1; غدیر1404: 1; غدیر1405: 2,,media_1790604467212.csv
عمید,نصرابادی,4,4,,09155179905,09153027165,38700286,رضاشهر,بلوار دلاوران بین دلاوران 12و14مجتمع چشم انداز,خانم عرفانیان,unknown,normal,import,,,"media_1790604467093.csv, media_1790604467135.csv"
فردوس,نصرت,4,4,,09945998412,,,ابوطالب,,رییسی,unknown,normal,import,,,media_1790604467212.csv
امیرحسن,نصیرالدینی,3,3,09155687583,09154255118,,,احمدآباد,رضا (9354339844),رضا امیدوار طهرانی,unknown,normal,import,نیمه1403: 2,,media_1790604467212.csv
ارین,نصیرى خراسانى,2,2,,09105793669,09015676129,دوقلو,وکیل آباد راست,امامت 17,,unknown,normal,import,غدیر1405: 6,,media_1790604467212.csv
علی,نصیری,3,3,,09153243147,09157023183,37121780,آبکوه,کلاهدوز35 تورج21 پ15 واحد1,,unknown,normal,import,غدیر1403: 3,,media_1790604467212.csv
ماهان,نصیری,6,6,,09153020622,09153386166,37234015,آبکوه,مجد 25 چهارراه اول سمت چپ بین قرنی 18/1 و 18/3 پلاک 23 زنگ دوم,ریحانه کریمی فر,unknown,normal,import,,,media_1790604467212.csv
محمد,نظام دوست,5,5,,09152564498,,33493512,امام رضا,بلوار جمهوری22 عرفانی17 پ1/255,,unknown,normal,import,,,media_1790604467212.csv
هدیه,نظام دوست قصری,3,3,,09158358361,09152214153,37534449,ابوطالب,آیت الله عبادی 104ایثارگران 24/5پلاک 3طبقه2,خانم پیرنیا,unknown,normal,import,,,media_1790604467093.csv
مهدی,نظامی,5,5,,09154817081,,,وکیل آباد راست,دانش آموز,جشن غدیر هفت تیر 21,unknown,normal,import,غدیر1403: 2,,media_1790604467212.csv
ابوالفضل,نظری,6,6,,09155131134,09153250511,5138840583,وکیل آباد چپ,کوثر جنوبی 20 پلاک 81 طبقه 3 واحد 3,آقای رسولی پور / خانم لقمانی,class_seeker,normal,import,غدیر1403: 4; نیمه1403: 3; غدیر1405: 5; نیمه1402: 3,خواهان کلاس,media_1790604467212.csv
امین,نظری,5,5,,09158786430,09331254630,,امام رضا,,مقیمیان,unknown,normal,import,,,media_1790604467212.csv
حامد,نظری,5,5,,09151101588,09154089616,,امام رضا,17 شهریور,فاطمه مغمیان یزد,unknown,normal,import,نیمه1403: 6,,media_1790604467212.csv
سروش,نظری اندوه جردی,5,5,,09151006514,09158931363,38789785,رضاشهر,رضوی8,معلم کلاس,unknown,normal,import,,,media_1790604467212.csv
ابوالفضل,نظری فاز,4,4,,09158976244,09156459126,دوقلو,ابوطالب,ابوطالب23 پلاک70 طبقه سوم,خانم پهلوان 9356344669,unknown,normal,import,نیمه1402: 1; غدیر1403: 2; نیمه1403: 4; غدیر1405: 2,,media_1790604467212.csv
امیرحسین,نظری مرویان,6,6,,09159060200,09336546768,38714799,رضاشهر,پیروزی 2/1 جنب یگان ویژه مجتمع مسکونی کوهسنگی بلوک D4 طبقه هفتم واحد 2,خانم رضایی,unknown,normal,import,,,"media_1790604467093.csv, media_1790604467135.csv"
صالح,نظیری,5,5,,09157089816,09158247638,دوقلو,حومه,طبرسی,جشن غدیر هفت تیر 21,unknown,normal,import,غدیر1403: 2; غدیر1404: 3,,media_1790604467212.csv
امیرحسین,نعمتی,5,5,,09156442124,,,رضاشهر,پیروزی 61,جشن غدیر هفت تیر 21,unknown,normal,import,غدیر1403: 2,,media_1790604467212.csv
سید سبحان,نعمتی,4,4,,09151217409,09151217409,33433884,امام رضا,خیابان امام رضا علیه السلام امام رضا 44پلاک 141,فضای مجازی,unknown,normal,import,,,media_1790604467093.csv
سید یزدان,نعمتی خیرآبادی,3,3,09377346389,09155187485,09377346389,,,,سیدهمایون نعمتی خیرآبادی,unknown,normal,import,,,media_1790604467212.csv
مرتضی,نعیمی,6,6,,09158006671,,,,,مهمون اقای عطا,unknown,normal,import,,,media_1790604467212.csv
محمد,نعیمی موحد,5,5,,09397976639,09395266825,37668729,ابوطالب,خیام شمالی 46 بین شکری 2و4 جنب شیرینی سرای خیام پلاک 60 طبقه دوم,کمالی,unknown,normal,import,نیمه1402: 2; غدیر1403: 3; غدیر1405: 5,,media_1790604467212.csv
محمد صادق,نمازی,6,6,,09132572994,,,احمدآباد,,,unknown,normal,import,,,media_1790604467212.csv
محمد امین,نمدیان,6,6,,09153880325,09155050402,38827957,وکیل آباد چپ,هاشمیه 14. چهارراه اول. سمت چپ. پ 62/3,خانم سحر جلالی / 9155069254,unknown,normal,import,نیمه1402: 3; غدیر1403: 7; نیمه1403: 3; غدیر1405: 4,,media_1790604467212.csv
محمدحسین,نمک کوبی,4,4,,09354376009,09155123550,33432388,امام رضا,امام رضا50,,unknown,normal,import,نیمه1402: 5; غدیر1403: 6; نیمه1403: 1; غدیر1405: 2,,media_1790604467212.csv
محمد طاها,نوائی نوغانی,3,3,,09158009439,09156004185,37299460,آبکوه,ابکوه تربیت شمالی 2/3پلاک 4,فاطمه مقدس,unknown,normal,import,,,"media_1790604467093.csv, media_1790604467135.csv"
مصطفی,نوبهار,6,6,,09222483565,09305152950,,ابوطالب,,,unknown,normal,import,,,media_1790604467212.csv
آروین,نوربخش,4,4,09156484535,09387929136,09380733367,,آبکوه,راهنمایی12,جشن غدیر هفت تیر 21,unknown,normal,import,غدیر1403: 1,,media_1790604467212.csv
احمدرضا,نورسعید,6,6,,09393342754,09398807944,,وکیل آباد چپ,,حاجی زاده,unknown,normal,import,نیمه1403: 6,,media_1790604467212.csv
علیرضا,نورمحمدی,5,5,,09155228930,09158191109,38402244,احمدآباد,احمدآباد ملاصدرا 11پلاک 3طبقه3,مدرسه رزاقی,unknown,normal,import,غدیر1403: 3; نیمه1403: 3,,media_1790604467212.csv
امیرحسین,نورمحمدیار,,7,,09154500867,09156860867,37287057,ابوطالب,بلوارابوطالب بین ابوطالب 28و26پلاک230,آقای واحدی,unknown,normal,import,,,media_1790604467093.csv
حسین,نورمندی پور,5,5,,09153027685,09155113115,,رضاشهر,پیروزی8,اخوی زاده,unknown,normal,import,غدیر1405: 5,,media_1790604467212.csv
آرمان,نوروزی,2,2,,09332220310,09332220310,,حومه,طلاب,حنایی,unknown,normal,import,غدیر1405: 6,,media_1790604467212.csv
ابوالفضل,نوروزی,5,5,09158005642,09362476313,09158005642,,امام رضا,فلکه آب کنار بازار رضا,مدرسه مکرم,unknown,normal,import,غدیر1403: 3; نیمه1403: 3,,media_1790604467212.csv
زهیر,نوروزی,6,6,09395342522,09154011760,09153245200,,وکیل آباد راست,بلوار معلّم. صدف26. نبش شهید شیری3 پلاک 19.زنگ یک,سمانه خسروی,unknown,normal,import,نیمه1402: 4; غدیر1403: 7,,media_1790604467212.csv
محمد طاها,نوروزی,6,6,,09158529259,09396658166,37120569,آبکوه,کلاهدوز,,unknown,normal,import,,,media_1790604467212.csv
محمد طاها,نوروزی,6,6,,09385199300,09051413928,,حومه,طلاب/گاز/مجلسی/وحدت/امت/چمن/مصلی,محمد طاها نوروزی,unknown,normal,import,,,media_1790604467212.csv
محمد پارسا,نوروزی,6,6,,09398785439,09028487307,,حومه,,غدیر گیمز,unknown,normal,import,,,media_1790604467212.csv
محمد یاسین,نوروزی,5,5,,09151252482,09152022482,38404508,احمدآباد,بخارایی21,معلم کلاس اول خانم عبدالهی,class_seeker,normal,import,نیمه1402: 2; غدیر1403: 3; نیمه1403: 3; غدیر1404: 2; غدیر1405: 5,خواهان کلاس,media_1790604467212.csv
مرتضی,نوروزی,6,6,,09307649276,09944162122,,ابوطالب,ابوطالب,خانم کوهستانی,unknown,normal,import,نیمه1403: 4,,media_1790604467212.csv
امیرمحمد,نوروزیان,,8,,09151224522,09155039030,38798365,رضاشهر,رضاشهر -بلوار خاقانی -خاقانی 28-پلاک 168 زنگ اول,جلسات مهدویت,unknown,normal,import,,,"media_1790604467093.csv, media_1790604467135.csv"
محمدحسین,نوری,5,5,,09159098705,09305864122,,ابوطالب,بهجت16,,unknown,normal,import,غدیر1405: 6,,media_1790604467212.csv
محمدرضا,نوری,4,4,,09156207005,09156207006,38425542,کوهسنگی,کوهسنگی 30 پ118,,unknown,normal,import,,هردمبیلی,"media_1790604467093.csv, media_1790604467135.csv"
امیرعباس,نوریان,4,4,09156576946,09159041304,09388743751,,فرامرز,کوی امیرالمومنین_فدک13_فدک13/7_پلاک338,بهاره براتی گوارشک,unknown,normal,import,,,media_1790604467212.csv
سید پارسا,نوعی تیموری,6,6,,09363257658,09021574271,,کوهسنگی,معلم پارسا,,unknown,normal,import,,,media_1790604467212.csv
امیرحسین,نوید,4,4,,09153109144,09150675805,37611486,سجاد,سجاد نیلوفر 6 پ88,محمد حمید عطاریانی,unknown,normal,import,,جزیره گنج,"media_1790604467093.csv, media_1790604467135.csv"
بزرگمهر,نکاحی,5,5,,09159252343,09036200221,,کوهسنگی,بهشتی17,مهدویت,unknown,normal,import,نیمه1403: 5; غدیر1404: 2; غدیر1405: 3,,media_1790604467212.csv
یزدان,نکویی,2,2,,09363415980,09363415980,,امام رضا,,,unknown,normal,import,,,media_1790604467212.csv
شایان,نیاتی,4,4,,09153086811,09156866811,38682187,وکیل آباد چپ,هفت تیر 26 سمت راست بلوک 4 زنگ سوم از پایین سمت راست,امیر حسام درودی,unknown,normal,import,نیمه1402: 1,,media_1790604467212.csv
احمدرضا,نیاز مقدم,4,4,,09354747267,09155499161,,ابوطالب,هدایت,,unknown,normal,import,غدیر1405: 2,,media_1790604467212.csv
احمدرضا,نیازمند مقدم,4,4,,09365499161,09158983958,,ابوطالب,هدایت25,خانم آدرانی,unknown,normal,import,غدیر1404: 2,,media_1790604467212.csv
امیررضا,نیازکار,4,4,,,09155002576,,فرامرز,فرامرز 40 پ1,,unknown,normal,import,,جزیره گنج,"media_1790604467093.csv, media_1790604467135.csv"
نوید,نیازی آبقد,3,3,,09155008596,09151087311,37531662,ابوطالب,عبدالمطلب هنرور12 انتهای میلان سمت چپ پ166 ط4,,unknown,normal,import,,ماموریت ویژه2,"media_1790604467093.csv, media_1790604467135.csv"
امیر محمد,نیایی,6,6,,09155060342,09156895586,37275502,امام رضا,میدان شهدا کوچه رضویها رضوی 5 پلاک 30,خانم شادکام,unknown,normal,import,,,"media_1790604467093.csv, media_1790604467135.csv, media_1790604467212.csv"
محمدطاها,نیایی,4,4,,,,,حومه,المهدی 6,,unknown,normal,import,,,media_1790604467212.csv
محمد طاها,نیایی فروش,2,2,,09158007660,09157336919,37281777,ابوطالب,",میدان شهدا رضویها رضوی 5 محمد زاده 15 پلاک12 طبقه اول",امیر محمد نیایی,unknown,normal,import,,,"media_1790604467093.csv, media_1790604467135.csv"
آرمان,نیرومند,6,6,09376773336,09151114329,09376773336,,امام رضا,هفده شهریور شمالی یک پلاک 10,واتساپ,unknown,normal,import,,,media_1790604467212.csv
محمد حسین,نیرومند,5,5,09398471927,09378811345,09398471927,,وکیل آباد راست,دانش اموز,سرکار خانم ایستری,unknown,normal,import,نیمه1402: 2,,media_1790604467212.csv
پارسا,نیرومند,6,6,,09381483917,09381483916,,وکیل آباد چپ,,همکلاسی,unknown,normal,import,,,media_1790604467212.csv
محمدرضا,نیلی,5,5,,09151186857,09034964680,38559503,امام رضا,چهارراه استانداری،خیابان ثامن الائمه 10 پلاک 54 طبقه 4,محمدجواد نمینی,unknown,normal,import,نیمه1402: 2; غدیر1403: 2; نیمه1403: 6; غدیر1404: 3; غدیر1405: 5,,media_1790604467212.csv
امیرعباس,نیلی ثانی,5,5,,09151007228,09155036641,,وکیل آباد راست,وکیل آباد 43 صدف11 پ43,سید مهدی موسوی,class_seeker,normal,import,غدیر1403: 2,خواهان کلاس,media_1790604467212.csv
محمدعلی,نیک فرجام,4,4,,09368079590,09023031351,37510780,آبکوه,عبدالمطلب 7 هنرور 18 پلاک 14,مجالس مذهبی مشهد,unknown,normal,import,,,"media_1790604467093.csv, media_1790604467135.csv, media_1790604467212.csv"
محمدصالح,نیک منش,4,4,,09157000782,,,رضاشهر,سرافرازان 9،بهاران 12، پلاک 5،طبقه همکف,دوست مهدیار قربانعلی نژاد (9382423404),unknown,normal,import,نیمه1402: 1; غدیر1403: 1; نیمه1403: 1; غدیر1404: 2,,media_1790604467212.csv
آرتین,نیک نیان,6,6,,09155600255,09151011609,38927023,فرامرز,بلوار سجاد نیلوفر 5 پلاک 59 طبقه دوم,حوریه رضایی,unknown,normal,import,,,media_1790604467212.csv
محمد مهدیار,نیکبخت,3,3,09151043480,09153001391,09353701391,,آبکوه,خیابان شهید چمران ساختمان تالار شهر,مجموعه نکوداشت غدیر,unknown,normal,import,,,media_1790604467093.csv
علی,نیکنام,3,3,,09159965137,09155138128,,وکیل آباد راست,دانش آموز11,,unknown,normal,import,غدیر1405: 4,,media_1790604467212.csv
پرهام,نیکنام,3,3,,09397287608,09333712094,,ابوطالب,خیاطی10 پ43,,unknown,normal,import,غدیر1404: 1,,media_1790604467212.csv
سجاد,نیکنام حصار,5,5,,09352600957,09334213797,37239811,ابوطالب,ابوطالب1شهید خیاطی 10پلاک43,خدمتگزاران کوچک,unknown,normal,import,,,media_1790604467212.csv
آرتان,نیکورای,6,6,,09153200765,09370364198,38423376,کوهسنگی,کوهسنگی .دکتربهشتی 22 پلاک 121 زنگ بالا,خانم عبدالهی / دوقلو,unknown,normal,import,نیمه1403: 2; غدیر1404: 4,,media_1790604467212.csv
امیرعلی,نیکونام طوسی,6,6,,09155149566,09158063012,37291127,ابوطالب,چهارراه عامل بین 15 و 17 پ295,,unknown,normal,import,نیمه1402: 4; غدیر1403: 7; نیمه1403: 1; غدیر1404: 2; غدیر1405: 5,,media_1790604467212.csv
مهدیار,هاتفی حداد,5,5,,09399299148,09354072637,33817049,امام رضا,سیدی بولوار سپاه. مزدوری 29 انتهای میلان دست راست حاشیه 30 متری پلاک 10 زنگ 3,پیام از طریق گوشی,unknown,normal,import,,,"media_1790604467093.csv, media_1790604467135.csv"
علی,هاجری,4,4,,09397846988,09399239255,37525292,ابوطالب,شفا5 پ7,,unknown,normal,import,غدیر1404: 1,,media_1790604467212.csv
امیرحسین,هادلی,6,6,,09158165495,09158165495,32223395,ابوطالب,عبادی39پ573,همسایه,unknown,normal,import,نیمه1403: 3; غدیر1404: 3,,media_1790604467212.csv
امین رضا,هادی,4,4,,09155146997,09158976617,37684648,سجاد,خیام نسترن18 پ142 (همکلاسی متقاضی هم داره),محمدزاده / خانم صفاران,class_seeker,normal,import,نیمه1402: 1; غدیر1403: 1; نیمه1403: 1; غدیر1404: 1; غدیر1405: 1,خواهان کلاس,media_1790604467212.csv
محمدحسین,هادی نیا,6,6,,09153176506,,,ابوطالب,کریمی15,,unknown,normal,import,,,media_1790604467212.csv
حسین,هادی پور,6,6,,09153821967,09159828980,,سجاد,ارشاد,هادی پور,unknown,normal,import,نیمه1403: 3; غدیر1404: 4,,media_1790604467212.csv
امیر علی,هادیون,4,4,,09158011141,09352320694,,احمدآباد,,محمد یوسف اقطاعی,unknown,normal,import,,,media_1790604467212.csv
سید محمدجواد,هاشم نیا,5,5,09023523799,09154286481,09151250844,,وکیل آباد راست,سیدرضی35,جشن هفت تیر21,unknown,normal,import,نیمه1402: 1; غدیر1405: 5,,media_1790604467212.csv
سید سجاد,هاشمی,4,4,,09153241150,09151673179,,ابوطالب,مطهری شمالی17 / منزل پدربزرگش فلسطین هم میشه,خواهر آقای صداقت,class_seeker,normal,import,غدیر1403: 1; نیمه1403: 5,خواهان کلاس,media_1790604467212.csv
سید سجاد,هاشمی,5,5,,09156413402,09151227236,,حومه,طلاب,جوادی,unknown,normal,import,نیمه1403: 6,,media_1790604467212.csv
سید طاها,هاشمی,6,6,,09158901530,,,,,,unknown,normal,import,,,media_1790604467212.csv
سید علی,هاشمی,4,4,,09128336278,09128112236,38443465,کوهسنگی,احمدآباد ابوذر40پلاک 4زنگ دوم,خانم عرفانیان,unknown,normal,import,,,"media_1790604467093.csv, media_1790604467135.csv"
سید محمدکیان,هاشمی,5,5,,09105760315,09105760314,38440591,قاسم آباد الهیه,قاسم اباد,مدرسه ( معلم خانم اسدی ),unknown,normal,import,غدیر1403: 3,,media_1790604467212.csv
سید مهدی,هاشمی,5,5,,09151086822,09158293319,37051296,ابوطالب,موسوی قوچانی11 پ81 ط3,,unknown,normal,import,,,media_1790604467212.csv
سیدمحمدصالح,هاشمی,3,3,,09155096532,,35149603,حومه,الهیه50,مرتضی قاسمی,unknown,normal,import,,,"media_1790604467093.csv, media_1790604467135.csv"
عماد,هاشمی,5,5,,09157257370,09155187370,,رضاشهر,نوفل شاتو,خواهر,unknown,normal,import,نیمه1403: 1; غدیر1405: 5,,media_1790604467212.csv
امیرحیدر,هدایت زاده,6,6,,09128453770,09151221352,,کوهسنگی,کوهسنگی 25 پ1,,unknown,normal,import,غدیر1405: 6,,"media_1790604467093.csv, media_1790604467135.csv, media_1790604467212.csv"
محمدحسین,هدایتی,5,5,,09155075286,09113102126,,احمدآباد,,محمدرضا سالمی,unknown,normal,import,غدیر1403: 5,,media_1790604467212.csv
محمدطاها,هدایتی,5,5,,09355605987,09021103675,,وکیل آباد چپ,صیاد شیرازی,آقای آموزگار / پدر میاد سرکلاس میشینه,class_seeker,normal,import,,خواهان کلاس,media_1790604467212.csv
محمدمهدی,هدایتی,5,5,,09151042013,09351516027,36072340,وکیل آباد راست,دانش آموز41,خانم برکات / طباطبایی / میرزایی / سعادت,class_seeker,normal,import,نیمه1402: 1; غدیر1403: 6; نیمه1403: 3; غدیر1404: 2,خواهان کلاس,media_1790604467212.csv
احمد,هراتی مطلق,6,6,,09155575047,09159051993,36050945,وکیل آباد راست,امامت 45 پلاک 66 واحد 8,,unknown,normal,import,,,media_1790604467212.csv
امیرعلی,هروی,4,4,,09153581591,09355912368,,قاسم آباد الهیه,,علی خرازی,unknown,normal,import,,,media_1790604467212.csv
امیرعلی,هروی,4,4,,09153186880,09155061749,,وکیل آباد راست,امامت 17,سمیرا حائری,unknown,normal,import,غدیر1403: 1,,media_1790604467212.csv
علی,هزار,4,4,,09151063724,,,احمدآباد,,کاشانی,unknown,normal,import,,,media_1790604467212.csv
مهدی,همایون فر,3,3,,09159012983,09357589382,,قاسم آباد الهیه,امیریه,مجموعه خدمتگزاران,unknown,normal,import,نیمه1403: 5; غدیر1405: 1,,media_1790604467212.csv
ارتین,همایونی,6,6,,09155102890,09337727293,5136015092,وکیل آباد راست,دانش اموز 9پلاک 305/2زنگ وسط چپ,مادرم,unknown,normal,import,,,media_1790604467212.csv
طاها,همتی,6,6,,09152055025,09371325438,38663590,وکیل آباد راست,جلال70,سینا رسولی پور,unknown,normal,import,نیمه1402: 4; غدیر1403: 6; نیمه1403: 3,,media_1790604467212.csv
محمدرضا,هنرمند,4,4,09368021016,09368021016,09354609784,,ابوطالب,عبدالمطلب 30 حائری 6 پلاک 96 زنگ 5,ایتا,unknown,normal,import,نیمه1403: 6; غدیر1404: 1,,media_1790604467212.csv
محی الدین,هنرور,6,6,,09153050901,09155216004,38594827,کوهسنگی,بهشتی 9 پلاک 16 واحد 3,خانم امید نژاد,unknown,normal,import,نیمه1402: 4; غدیر1403: 7; نیمه1403: 5,,media_1790604467212.csv
محمدرضا,هنرپیشه,2,2,,09157091941,09153001055,38843576,وکیل آباد چپ,هاشمیه 67 پلاک 22واحد4,,unknown,normal,import,,,media_1790604467093.csv
محمدطاها,هوشمند,5,5,,09358973122,09150795133,36901618,ابوطالب,هدایت19 پ40,,unknown,normal,import,غدیر1404: 2,,media_1790604467212.csv
پارسا,واحد احمدیان,5,5,,09155175360,09158697081,37294484,آبکوه,کلاهدوز 36، اسفندیانی 4،اسفندیانی 4/3، داخل بن بست اول پلاک 72، طبقه 4,خانم اسدی,unknown,normal,import,غدیر1404: 3,,media_1790604467212.csv
پارسا,واحدی,6,6,,09398966969,09391611999,,رضاشهر,سرافرازان9 فکوری45 بهاران11,دوست علی نظری,unknown,normal,import,,,media_1790604467212.csv
پویان,واحدی,4,4,,09153163537,09152038898,38458484,احمدآباد,عارف 10 اولین کوچه سمت راست اولین ساختمان پ34 ط2,امیرعلی سیف زاده,unknown,normal,import,,هردمبیلی | ماموریت ویژه2 | سن چک شود,"media_1790604467093.csv, media_1790604467135.csv"
یاسین,واحدی,3,3,,,09353289309,,رضاشهر,دلاوران,دوست علیرضا فیروزه چی,class_seeker,normal,import,غدیر1405: 3,خواهان کلاس,media_1790604467212.csv
محمدرضا,واحدی حیدریان,4,4,,09155133590,09358046710,37137131,ابوطالب,مطهری شمالی 9 پلاک 23 طبقه دوم,,unknown,normal,import,,,"media_1790604467093.csv, media_1790604467135.csv"
محمدمحسن,واحدیان درگاهی,4,4,09155301509,09357998267,09395687118,,ابوطالب,کاشانی,کوهستانی,unknown,normal,import,غدیر1403: 1,,media_1790604467212.csv
سید امیرعلی,وارسته,3,3,,09153290923,09153298923,0000000000,ابوطالب,ابوطالب 1 بین شهید خیاطی 16 و 18 پلاک 441 طبقه اول,کانال مدرسه در گپ,unknown,normal,import,,,"media_1790604467093.csv, media_1790604467135.csv"
علی,وارسته,5,5,,09155209733,09155063299,,فرامرز,,,unknown,normal,import,,,media_1790604467212.csv
امیرعباس,وثوق,5,5,,09151101623,09151101623,,احمدآباد,خیام جنوبی26 پلاک 6,,unknown,normal,import,نیمه1403: 5,,media_1790604467212.csv
محمد امین,وثوق,3,3,,09151105074,09155184095,37120726,آبکوه,ابوطالب1نبش خیاطی 7پلاک 462,وحیده منتخبی,unknown,normal,import,,,media_1790604467093.csv
امیرعلی,وثوقی,6,6,,09155796211,09151029724,37246719,ابوطالب,کریمی3 پ78 طبقه پایین,,unknown,normal,import,,,media_1790604467212.csv
علیرضا,وحدتی نسب,4,4,09159157995,09157389885,09159157995,,ابوطالب,عبدالمطلب 14 کریمی 1 پلاک 98,یکی از دوستان,unknown,normal,import,,,media_1790604467212.csv
الیاس,وحید فیض آباد,5,5,,09365331005,09365331006,37627733,ابوطالب,بلوار توس ذوالفقار 30پلاک 72,کلاس قران,unknown,normal,import,,,media_1790604467212.csv
محمدجواد,وحیدی,6,6,,09155115750,09155220915,,سجاد,بزرگمهر,حسین هاشمی,class_seeker,normal,import,,خواهان کلاس,media_1790604467212.csv
محمد یاسین,وحیدیان,6,6,,09155009947,09151042160,,کوهسنگی,بهشتی32,علیرضا وحیدیان,unknown,normal,import,نیمه1402: 4; نیمه1403: 6,,media_1790604467212.csv
سید حسام الدین,وزیری,6,6,,09379265048,09151575703,,,,محمد متین ابراهیم پور,unknown,normal,import,,,media_1790604467212.csv
محمد حسین,وطن خواه,6,6,,09015135210,09365124255,,وکیل آباد چپ,,نعیمه تهرانی,unknown,normal,import,,,media_1790604467212.csv
سید محمدامین,وفایی,5,5,,09155187247,09333643435,,احمدآباد,,,class_seeker,normal,import,,خواهان کلاس,media_1790604467212.csv
علیرضا,وفایی,6,6,,09155208688,,,ابوطالب,مطهری جنوبی 14,دوست آدرین لیلی / جشن غدیر هفت تیر 21,unknown,normal,import,غدیر1403: 1,,media_1790604467212.csv
محمدمبین,وفایی,6,6,,09155200580,09155200580,,وکیل آباد راست,,,unknown,normal,import,,,media_1790604467212.csv
علی,ولی زاده,5,5,,09155790927,09153242636,,فرامرز,بلوارفردوسی مهدی 8 پلاک 144 زنگ 1,جشن هفت تیر21,class_seeker,normal,import,نیمه1402: 2; غدیر1403: 3; نیمه1403: 3; غدیر1404: 3; غدیر1405: 5,خواهان کلاس,media_1790604467212.csv
جواد,ولی زاده هاوستین,4,4,,09371308263,09387780208,37122077,ابوطالب,موسوی قوچانی 14موقنیان 7پلاک 35,,unknown,normal,import,,,media_1790604467212.csv
محمد مهدی,ولی پور,6,6,09363228561,09382027241,09363228561,,ابوطالب,موسوی قوچانی39,خانم آقایی,unknown,normal,import,نیمه1402: 4; غدیر1403: 2; نیمه1403: 5; غدیر1404: 4,,media_1790604467212.csv
امیرحسین,ولیداد,6,6,,09153621643,09155028394,38938343,وکیل آباد راست,دانشجو15 نرسیده به چهارراه اول پلاک1/85زنگ سوم,ازطریق یه گروه درایتا,unknown,normal,import,,,media_1790604467212.csv
امیرحسین,وکیلی زارچ,6,6,09395097675,09151001599,09156191393,,امام رضا,نبش امام خمینی 84 پلاک 4,معصومه بصیر شرقی,unknown,normal,import,,,media_1790604467212.csv
حسین,وکیلیان,4,4,,09151239154,09153113314,,کوهسنگی,بهشتی,,unknown,normal,import,غدیر1405: 2,,media_1790604467212.csv
امیرعلی,ویلانی,4,4,,09153001686,09153585946,37299351,آبکوه,خیابان مجد .مجد 14 .بعد از مسجد 5تن .پلاک 12 زنگ 1,مدرسه شهید رضا دهسنگی,unknown,normal,import,,,"media_1790604467093.csv, media_1790604467135.csv"
سینا,پارسا آرا,6,6,,09154205607,09154205605,,ابوطالب,عبدالمطلب22,دوست علی ولی زاده,unknown,normal,import,غدیر1405: 5,,media_1790604467212.csv
پرهام,پارسائیان,4,4,,09159257135,09151056252,,آبکوه,کلاهدوز38,دبستان رزاقی,class_seeker,normal,import,غدیر1403: 2; غدیر1404: 1,خواهان کلاس,media_1790604467212.csv
سبحان,پارسافر,4,4,,09151581176,09159118984,,امام رضا,سرشور 28. ک شهید مسئله گو سه راهی اول سمت راست.پ9.9 زنگ اول,خانم زاکیان,unknown,normal,import,غدیر1405: 1,,media_1790604467212.csv
فربد,پارسافرد,6,6,,09153192732,09396419429,,وکیل آباد چپ,دانشجو,یاسمین پارسا,unknown,normal,import,,,media_1790604467212.csv
پارسا,پارسایی منش,5,5,,09155139357,09159150928,,حومه,مفتح رستمی,زنگنه,unknown,normal,import,غدیر1405: 6,,media_1790604467212.csv
حسین,پاشائی نژاد,4,4,,09154121367,09151114080,,احمدآباد,ملاصدرا 12,خانم قاسمی,unknown,normal,import,غدیر1405: 6,,media_1790604467212.csv
علی,پاشایی,3,3,,09155043570,09153227762,38229184,وکیل آباد چپ نزدیک,سرافرازان52 خیابان خسروی1 خسروی1/3 پ4 واحد3,گروه دوستانه,unknown,normal,import,,,"media_1790604467093.csv, media_1790604467135.csv"
پویا,پاپولی,5,5,,09155174409,09154359030,38721781,احمدآباد,بولوار رضا بین رضای 22 و24 پلاک 235 زنگ وسط منزل ظریف,امیر علی و یوسف ابراهیمی,unknown,normal,import,,,"media_1790604467093.csv, media_1790604467135.csv"
محمدصالح,پاکدامن,4,4,,09155047026,09388493955,05138797975,رضاشهر,رضاشهر بلوار پیروزی بین خاقانی 28و 30پلاک 5جنب سوپر پاکدامن,فائزه مجاور,unknown,normal,import,,,"media_1790604467093.csv, media_1790604467135.csv"
محمد حسین,پاکدل,6,6,,09022609221,09159083558,,امام رضا,,,unknown,normal,import,,,media_1790604467212.csv
آراد,پایبست,3,3,,09151216970,09155571037,,وکیل آباد چپ,فرامرز36,جشن هفت تیر21 / جشن قانع منش / ایلیا یعقوبی,unknown,normal,import,نیمه1402: 4; غدیر1403: 6; نیمه1403: 1; غدیر1404: 1; غدیر1405: 1,,media_1790604467212.csv
ابوالفضل,پاینده فر,6,6,,09159141921,09035713874,,قاسم آباد الهیه,,خانم تهرانی,unknown,normal,import,غدیر1404: 3,,media_1790604467212.csv
محمد,پایین دهی,5,5,09157675739,09157675739,09917438716,,ابوطالب,قرنی 16_اکبری 26/2_پلاک 29_طبقه ی بالا,قاسم پایین دهی,unknown,normal,import,,,media_1790604467212.csv
محمد علی,پراییش,4,4,,09150767279,,,رضاشهر,,,unknown,normal,import,,,media_1790604467212.csv
محمدحسین,پرستو,5,5,,09159112734,09028391356,38444275,کوهسنگی,خ کوهسنگی 20 امیرکبیر 9 همت 3 پلاک 212,کانال مجالس مذهبی,unknown,normal,import,,,"media_1790604467093.csv, media_1790604467135.csv"
امیرحسین,پرهام نژاد,2,2,,09357700137,09157018780,32225659,ابوطالب,هاشمی نژاد 26 روبروی خزاعی 14پلاک59,حکیم زاده,unknown,normal,import,,,"media_1790604467093.csv, media_1790604467135.csv"
حسین,پرهان نژاد,5,5,,09391268527,,37241578,ابوطالب,ابوطالب1 خیاطی5,,unknown,normal,import,,,media_1790604467212.csv
محمد صادق,پرهیخته پور,4,4,,09155146634,09152296634,38694680,وکیل آباد راست,وکیل آباد37 قائم مقام9 پ53,حکیم زاده,unknown,normal,import,,,"media_1790604467093.csv, media_1790604467135.csv"
پرهام,پرویان,4,4,,09155598423,09356106785,,فرامرز,فرامرز40,خانم پوراسماعیلی,unknown,normal,import,غدیر1405: 1,,media_1790604467212.csv
امیرحسین,پروین پور,2,2,,09155088710,09365091419,37626818,فرامرز,"سمانه 11,پلا22,زنگ سه",محمد باقر پروین پور,unknown,normal,import,,,"media_1790604467093.csv, media_1790604467135.csv"
سیدمحمدحسین,پریزاد,5,5,,09155165312,09151569503,37292192,آبکوه,کلاهدوز19 پلاک1 زنگ سوم,سرکار خانم مرشدیان,unknown,normal,import,,,media_1790604467212.csv
امیر حسین,پشنگ,4,4,,09151175469,09155034824,,ابوطالب,,صائب,unknown,normal,import,,,media_1790604467212.csv
سید امیر,پشنگ,4,4,,09153040308,09365565896,,ابوطالب,هاشمی نژاد18,,unknown,normal,import,غدیر1403: 6; نیمه1403: 6,,media_1790604467212.csv
مهرسام,پلرودى مقدم,5,5,,09155067500,09156562757,36079292,وکیل آباد راست نزدیک,جلال ال احمد 61چهارراه اول دست راست جنب پلاک 94,طاهاتدینى,unknown,normal,import,,09159124515,"media_1790604467093.csv, media_1790604467135.csv"
علی,پنابادی,5,5,,09357742002,,,وکیل آباد راست,,سید حسن نجفی,unknown,normal,import,,,media_1790604467212.csv
امیرعلی,پناهی,2,2,,09151025359,09150038100,,وکیل آباد چپ,,خانم سپیده طوسی,unknown,normal,import,,,media_1790604467212.csv
امین,پنجاهی,4,4,,09155609602,09364542017,,ابوطالب,,محمد حسین چرمچی,unknown,normal,import,,,media_1790604467212.csv
امیرارسلان,پهلوانی,3,3,,09154405958,09303871577,32239649,وکیل آباد چپ نزدیک,صارمی 38/4 پ15 طبقه5,,class_seeker,normal,import,,هردمبیلی | خواهان کلاس | حضوری,"media_1790604467093.csv, media_1790604467135.csv"
حسین,پهلوانی,4,4,,09152659447,09921869881,372950001,ابوطالب,موسوی قوچانی 23برج شهریار واحد 1207,خانم وجیهه حقیقی,unknown,normal,import,,,media_1790604467212.csv
علی,پهنابادی,5,5,,09357742001,,,,,,unknown,normal,import,,,media_1790604467212.csv
محمد,پور ابرده,6,6,,09153002086,09356990518,37234027,ابوطالب,عبادی 40نیکنام 6 اراسته 3 پلاک 5,اقای محمد جواد شیخ بنادکی,unknown,normal,import,,,media_1790604467212.csv
محمد مهدی,پور احمدی,6,6,,09155175920,09916349630,38446101,کوهسنگی,بین دکتر بهشتی 26 و میدان کوشه ای پلاک 1/96 زنگ چهارم,خانم هدایت زاده,unknown,normal,import,نیمه1402: 3; غدیر1403: 2,,media_1790604467212.csv
محمد مهدی,پور احمدی,6,6,,09150594802,09385055920,,کوهسنگی,,خانم احتشام,unknown,normal,import,,,media_1790604467212.csv
محمدتیام,پور اکبر,6,6,,09013124242,,,وکیل آباد چپ,فکوری17 لاله14,سمانه رجبی,unknown,normal,import,نیمه1402: 4,,media_1790604467212.csv
محمدحسن,پور باقر,6,6,,09158066183,09156507567,33440289,آبکوه,صادقی6 میدان راهنمایی,گروه های واتساپ,unknown,normal,import,غدیر1403: 3; غدیر1404: 4,,media_1790604467212.csv
مهدی,پور بدخشان,6,6,,09157010205,,,فرامرز,جانباز7 منفرد2,جشن غدیر هفت تیر 21,unknown,normal,import,غدیر1403: 1; غدیر1404: 3; غدیر1405: 1,,media_1790604467212.csv
محمد,پورابرده,1,1,,09153002086,09356990518,37234027,ابوطالب,عبادی 40نیکنام 6 اراسته 3 پلاک 5,اقای محمد جواد شیخ بنادکی,unknown,normal,import,,,"media_1790604467093.csv, media_1790604467135.csv"
سید محمد,پوراسماعیل,3,3,,09151017090,,,آبکوه,صادقی 13 پ51,,unknown,normal,import,,جشن غدیر ابوطالب | ممتنع کرونا,"media_1790604467093.csv, media_1790604467135.csv"
سروش,پورحسینی,3,3,,09382461408,09157044454,,ابوطالب,موسوی قوچانی3 پ24,خانوم دانشور / آقای یاسینی,unknown,normal,import,نیمه1402: 4; غدیر1404: 1,,media_1790604467212.csv
سیدمحمدحسن,پورحسینی,2,2,,09151241009,09158232326,05132239691,ابوطالب,هاشمینژاد21/1 اسدی توسی پلاک 3/7 طبقه سوم چپ,توی یک کانال مذهبی دیدم,unknown,normal,import,,,"media_1790604467093.csv, media_1790604467135.csv"
قائم,پورحیدر گل خطمی,5,5,,09153191053,09031027105,38791182,رضاشهر,بلوار پیروزی. پیروزی 17.شهید محدثی فر 15. پلاک 29. زنگ دوم.منزل پورحیدر,محمد حسین چرمچی / سلمان اسلامی / حسین زواریان,unknown,normal,import,غدیر1403: 6,,media_1790604467212.csv
سید محمدامین,پورشهسوار,4,4,,09155684868,09358588389,,ابوطالب,میدان توحید,جناب علی علیپور,unknown,normal,import,غدیر1405: 5,,media_1790604467212.csv
امیرعباس,پورعطا,3,3,,09155230741,09155201721,38404795,احمدآباد,عبدالمطلب 44 حسین زاده 6 پلاک 38,جناب سجاد حدادیان,unknown,normal,import,,ماموریت ویژه2,"media_1790604467093.csv, media_1790604467135.csv"
محمد,پورفیض جاغرق,6,6,,09153219368,09153219368,,وکیل آباد راست,صدف,سعیدپاشایی,unknown,normal,import,غدیر1405: 1,,media_1790604467212.csv
محمد صادق,پورقاسمی,5,5,,09151739097,09159719458,,وکیل آباد چپ,کوهستان پارک,خانم صداقت,unknown,normal,import,غدیر1404: 2,,media_1790604467212.csv
امیررضا,پورمحمد,2,2,,09151002431,09156202431,36094370,فرامرز,فرامرز عباسی 27.پلاک 5.واحد 4,همکاران بیمارستان ام البنین,unknown,normal,import,,,media_1790604467093.csv
محمد مهدی,پوریزدیان,5,5,,09157990586,09152292599,37611450,فرامرز,جانباز 7 منفرد4,تفقد,unknown,normal,import,,,"media_1790604467093.csv, media_1790604467135.csv"
مهدی یار,پوریزدیان,4,4,,09150120654,09359354836,38695884,وکیل آباد راست دور,وکیل آباد 59 مقابل شریف 13 پلاک 68 طبقه سوم زنگ 32,خانم حمیده زمانی,unknown,normal,import,,,"media_1790604467093.csv, media_1790604467135.csv"
مهدیار,پوست چی,6,6,,09156945262,,,,,,unknown,normal,import,,,media_1790604467212.csv
محمد پرهام,پیرایش,3,3,,09155175957,09158026339,8765039,رضاشهر,پیروزی چهار رودکی هجده پلاک 54,سرکار خانم نجاتیان,unknown,normal,import,غدیر1403: 4; نیمه1403: 1; غدیر1404: 2,,media_1790604467212.csv
محمدعلی,پیرایش,4,4,,09366472361,09150767279,,رضاشهر,رضوی3,,unknown,normal,import,غدیر1403: 6; غدیر1404: 1; غدیر1405: 1,,media_1790604467212.csv
محمدحسین,پیروی,6,6,09158141375,09153141375,09155573827,,کوهسنگی,بهشتی36 (09158141375),خانم اسماعیلی / کاظم اکبری,class_seeker,normal,import,نیمه1403: 3; غدیر1405: 3,خواهان کلاس,media_1790604467212.csv
آرسام,پیش نماز,5,5,,09155150012,09155950012,37633028,فرامرز,بلوار فردوسی خیابان مهدی 13 ،حر14 ، پلاک 214 ، واحد 4,خانم فرزاد فر,unknown,normal,import,,,media_1790604467212.csv
پارسا,پیشاهنگ,3,3,,09123967133,09335794047,38428455,کوهسنگی,مشهد ، خیابان دکتر بهشتی 24 پلاک 90,اقای واحدی,unknown,normal,import,,,"media_1790604467093.csv, media_1790604467135.csv"
پارسا,پیشاهنگ,1,1,,09153163537,,38428455,احمدآباد,,,unknown,normal,import,,,media_1790604467135.csv
امیرحسین,پیله وران,5,5,,09155757628,09153060628,,قاسم آباد الهیه,مجیدیه 17,دوست سیدطاها میرشیبانی,unknown,normal,import,غدیر1405: 1,,media_1790604467212.csv
عبدالحسین,پیوندزاده,4,4,,09151118759,09105648782,,آبکوه,,عسگری,unknown,normal,import,,,media_1790604467212.csv
محمد امین,پیوندزاده,3,3,,09156235263,09153115263,,کوهسنگی,,اقای محدث,unknown,normal,import,نیمه1403: 6; غدیر1404: 2,,media_1790604467212.csv
یاسین,پیوندی,3,3,,09151070672,09153163193,,کوهسنگی,,,unknown,normal,import,,,media_1790604467212.csv
کوروش,چاه جویی,4,4,,09159217445,09159217445,,حومه,توس33,,unknown,normal,import,نیمه1403: 6,,media_1790604467212.csv
محمدحسین,چاوشی,5,5,,09155073849,09155073849,38585961,امام رضا,چهارراه بیسیم خیابان جهاد جهاد 3 پلاک 6 زنگ 1,خانم شکس,unknown,normal,import,,,"media_1790604467093.csv, media_1790604467135.csv"
علی سان,چاووشی,6,6,,09158067221,,,رضاشهر,بهارستان 7 پلاک 143,,unknown,normal,import,,,media_1790604467212.csv
محمد طاها,چاوکسوار,6,6,,09938520651,09380299318,,حومه,طلاب/گاز/مجلسی/وحدت/امت/چمن/مصلی,آقای محمدیان,unknown,normal,import,,,media_1790604467212.csv
الیاس,چرمچی,6,6,,09155171218,09155171218,36012804,وکیل آباد راست نزدیک,جلال ال احمد 6 چهار راه دوم سمت راست نبش شهید قاسمی 8 پلاک 22,,class_seeker,normal,import,غدیر1403: 6,خواهان کلاس,"media_1790604467093.csv, media_1790604467135.csv, media_1790604467212.csv"
صادق,چنارانی,4,4,,09158246750,09156233415,,حومه,بلوار دوم طبرسی,گزمه,unknown,normal,import,نیمه1403: 6; غدیر1404: 1; غدیر1405: 1,,media_1790604467212.csv
الیا,چناری,6,6,,09153004165,09382053315,37579238,ابوطالب,ابوطالب57/8 پ6 زنگ3,,unknown,normal,import,,,media_1790604467212.csv
طاها,چناری,4,4,,09152295413,09915524320,,آبکوه,بین مجد 29 و 31 پ74,,unknown,normal,import,,,media_1790604467212.csv
پیمان,چناری,6,6,,09151092522,,37294163,آبکوه,تورج مجد,,unknown,normal,import,,,media_1790604467212.csv
هومان,چهره گشا,2,2,,09153244707,,,حومه,طبرسی,,unknown,normal,import,غدیر1404: 4; غدیر1405: 6,,media_1790604467212.csv
محمد,چهکندی نژاد,3,3,,09369443256,09367252188,38518275,امام رضا,امام خمینی 73 پ10 زنگ اول,حاج آقای کمالی,class_seeker,normal,import,,هردمبیلی | خواهان کلاس,"media_1790604467093.csv, media_1790604467135.csv"
علی,چوبدار,2,2,,09355902767,09354618662,,ابوطالب,ابوطالب 15,,unknown,normal,import,,,media_1790604467212.csv
سجاد,چوپانی,6,6,,09153293087,,,حومه,,,unknown,normal,import,,,media_1790604467212.csv
علی,چکنه,6,6,,,09150338109,,کوهسنگی,نامجو 18,,unknown,normal,import,,,media_1790604467212.csv
محمدعلی,چیت سازیان,3,3,,09151243358,09358401340,38818248,وکیل آباد چپ نزدیک,هاشمیه 16 پ30 واحد12,,unknown,normal,import,,آقای واحدی | هردمبیلی | ماموریت ویژه2,"media_1790604467093.csv, media_1790604467135.csv"
رهام,ژیان,5,5,,09151018723,09153167400,38824666,وکیل آباد چپ,هاشمیه 4بین فرشته 2و4 پلاک 6زنگ102,گلچین,unknown,normal,import,,,media_1790604467212.csv
محمد,ژیان,6,6,,09151125097,09027437867,34523651,امام رضا,سرخس طالقانی 21,فاطمه تکشی,unknown,normal,import,,,"media_1790604467093.csv, media_1790604467212.csv"
محمدحسین,ژیان,4,4,,09153124539,09366165308,,آبکوه,کلاهدوز36,دوستان,unknown,normal,import,نیمه1403: 6; غدیر1404: 1; غدیر1405: 1,,media_1790604467212.csv
محمد یوسف,ژیانى رضایى,3,3,,09151045137,09155065493,38419428,احمدآباد,بخارایی9 پ54,,unknown,normal,import,,,"media_1790604467093.csv, media_1790604467135.csv"
محمدسپهر,ژیانی,6,6,,09155114180,09155206365,38919869,احمدآباد,راهنمایی5 پ20,آموزگار / خانم آذرباد مدرسه شهید رزاقی,unknown,normal,import,نیمه1403: 3,,media_1790604467212.csv
محمد فربد,کاتب,6,6,,09153054267,,,آبکوه,آبکوه,,class_seeker,normal,import,,خواهان کلاس,media_1790604467212.csv
امیر شایان,کاتب دامغانی,2,2,,09153259006,09358607021,37297019,آبکوه,مجد3 پ121 / 9150486197,تقی زادگان,class_seeker,normal,import,غدیر1405: 4,خواهان کلاس,media_1790604467212.csv
سیدمهدیار,کاخکی,2,2,,09153165625,09126657664,38448536,احمدآباد,ناصرخسرو 19/3. پ 10 واحد4,خانم دانشور,unknown,normal,import,,,"media_1790604467093.csv, media_1790604467135.csv"
آران,کاراژیان,4,4,,09156484535,09156484535,,احمدآباد,راهنمایی12,مدرسه رزاقی,unknown,normal,import,غدیر1403: 1; غدیر1404: 1; غدیر1405: 2,,media_1790604467212.csv
طاها,کاربزرگ,2,2,,09155109096,09153221429,38760013,رضاشهر,بلوار پیروزی - پیروزی 8 - فرخی 20 - پلاک 74 - طبقه اول,ارسال,unknown,normal,import,,,media_1790604467093.csv
رضا,کاردان,2,2,,09156535320,09154050313,,ابوطالب,توس1 طالبی4 پ80/1,,unknown,normal,import,غدیر1405: 2,,media_1790604467212.csv
سیدمهدی,کاردون قابل,4,4,,09372278940,09151244277,,قاسم آباد الهیه,,حوریه رضایی,unknown,normal,import,غدیر1404: 1,,media_1790604467212.csv
امیرحسین,کارشکی,6,6,,09368759687,09029451367,,کوهسنگی,جهان آرا,,unknown,normal,import,غدیر1405: 5,,media_1790604467212.csv
امیرارسلان,کارگر,4,4,,09151234234,09154214234,,وکیل آباد راست,قائم مقام فراهانی,دوست علیرضا علیشاهی,unknown,normal,import,غدیر1405: 3,,media_1790604467212.csv
امیر عباس,کاشانی نژاد,3,3,,09155178175,09156196066,38715298,رضاشهر,شهرک طالقانی,علی کاشانی,unknown,normal,import,غدیر1404: 1; غدیر1405: 4,,media_1790604467212.csv
امیرمهدی,کاشف کیوان,3,3,09151198630,09155571208,09150643238,,رضاشهر,خاقانی,محمد صداقت / امیرمهدی قرائی,unknown,normal,import,غدیر1403: 1; نیمه1403: 6; غدیر1404: 1; غدیر1405: 4,,media_1790604467212.csv
یوسف,کاظم عرب,4,4,,09153155303,09153228896,32212380,امام رضا,میدان شهدا هاشمی نژاد17پلا3,خانم رضایی,unknown,normal,import,نیمه1402: 2; نیمه1403: 6; غدیر1404: 1; غدیر1405: 1,,media_1790604467212.csv
امیرعباس,کاظم نیا,3,3,,09141107424,09156503032,05132250526,ابوطالب,عبادی37امیر2پلاک10,خانم شرق الدبن,unknown,normal,import,,,"media_1790604467093.csv, media_1790604467135.csv"
ارشام,کاظمی,6,6,,09153044669,,,وکیل آباد راست,امامت 47 پلاک 118,عطا حکیم زاده,class_seeker,normal,import,,خواهان کلاس,media_1790604467212.csv
سید حسین,کاظمی,3,3,,09153231460,09159172910,,کوهسنگی,امام خمینی 66,,unknown,normal,import,غدیر1404: 1,,media_1790604467212.csv
سید محمدرضا,کاظمی,4,4,,09155173265,09366284863,35214019,وکیل آباد راست,نبش سیدرضی 55(حاشیه سیدرضی)درب چوبی جنب بیمه،واحد3,,unknown,normal,import,,,media_1790604467212.csv
محمدحسین,کاظمی,4,4,,09389767727,09155174485,,ابوطالب,راه آهن,علی نظری,unknown,normal,import,غدیر1403: 1; غدیر1404: 3,,media_1790604467212.csv
مرتضی,کاظمی,5,5,,09303701244,09302209598,,قاسم آباد الهیه,,سید امیر حسینی,unknown,normal,import,,,media_1790604467212.csv
مرتضی,کاظمی,6,6,,09151159598,,,قاسم آباد الهیه,امامیه 15 پلاک 118,,unknown,normal,import,,,media_1790604467212.csv
کیامهر,کاظمی,3,3,,09155205163,09151069303,,کوهسنگی,,پاشایی,unknown,normal,import,,,media_1790604467212.csv
کیان,کاظمیان مقدم,4,4,,09154198196,09154198194,,وکیل آباد راست,,دبستان اوج علم,unknown,normal,import,,,media_1790604467212.csv
صالح,کامران,5,5,,09150732506,09365349989,,حومه,توس63,فربد کامیار,unknown,normal,import,نیمه1403: 6; غدیر1404: 2,,media_1790604467212.csv
امیر حسین,کامل,5,5,,09380986495,09398095235,,قاسم آباد الهیه,,,unknown,normal,import,,,media_1790604467212.csv
حسین,کاملان,2,2,,09153092180,09023092180,05137621600,سجاد,بیستون 7 ، پلاک 10 ، زنگ 3,چمنی,unknown,normal,import,,,"media_1790604467093.csv, media_1790604467135.csv"
علی,کامیاب,3,3,,09025024290,09155124290,,رضاشهر,,,unknown,normal,import,,,media_1790604467212.csv
فربد,کامیار,5,5,,09012532244,09157041786,,قاسم آباد الهیه,,ایلیا گنجعلی,unknown,normal,import,,,media_1790604467212.csv
مصطفی,کاوه ای,5,5,,09155020446,09156012682,38416656,کوهسنگی,کوهسنگی 10 پلاک 15 زنگ دوم,اقطاعی,unknown,normal,import,نیمه1402: 3; غدیر1403: 2; نیمه1403: 2,,media_1790604467212.csv
ارمیا,کاووسی,4,4,09035490388,09916601126,09035490388,,ابوطالب,ابوطالب15بین حجت11و13پلاک87,ازطرف خانم پهلوانی,unknown,normal,import,غدیر1405: 2,,media_1790604467212.csv
محمد,کباری,4,4,,09153011370,,38414065,وکیل آباد چپ نزدیک,بهشتی 18 پ115 زنگ 5,امیر علی تحریرچی,unknown,normal,import,,,"media_1790604467093.csv, media_1790604467135.csv"
فربد,کبریایی,5,5,,09942065631,,,,,,unknown,normal,import,,,media_1790604467212.csv
یوسف,کبوتری,6,6,,09151039690,09151233755,,ابوطالب,عبادی22,,unknown,normal,import,نیمه1402: 3,,media_1790604467212.csv
سبحان,کبیری,6,6,,09151135678,09153025083,,کوهسنگی,,خانم کیانی,unknown,normal,import,,,media_1790604467212.csv
سجاد,کبیری,4,4,,09151240091,09151116714,38476881,احمدآباد,رضا 34 پ1/54 زنگ 4,,unknown,normal,import,,,"media_1790604467093.csv, media_1790604467135.csv"
کیان,کبیری,3,3,,09137232019,09032371836,37638587,فرامرز,بلوار جانباز،جانباز 9،مجیدی 11،پلاک 21،زنگ سوم،,,unknown,normal,import,,,media_1790604467093.csv
علیرضا,کدخدا,3,3,,09358006123,09358006123,33660448,امام رضا,فداییان 20پلاک 46,,unknown,normal,import,,,"media_1790604467093.csv, media_1790604467135.csv"
امیرحسن,کرامتی,5,5,,09151245233,09157005082,,رضاشهر,پایداری,جواد حاجی احمدی / جواد صدیقی,class_seeker,normal,import,غدیر1404: 2; غدیر1405: 2,خواهان کلاس( خرازی رضاشهر 404,media_1790604467212.csv
علیرضا,کرامتی پور,4,4,,09156241120,09156241121,,کوهسنگی,نامجو,,unknown,normal,import,غدیر1405: 2,,media_1790604467212.csv
محمد سالار,کرباس فروشان,4,4,,09362558727,09941711480,,ابوطالب,,خانم نیک خوی,unknown,normal,import,غدیر1405: 6,,media_1790604467212.csv
سامیار,کرباسی,3,3,,09151005605,,,رضاشهر,پیروزی,,unknown,normal,import,,,media_1790604467212.csv
علی,کرخی,6,6,,09155018386,09158783891,37235620,ابوطالب,مطهری جنوبی28,,unknown,normal,import,,,media_1790604467212.csv
امیرعلی,کرمانی,1,1,,09142734425,09142021562,,شاندیز/طرقبه,,آخرتی,unknown,normal,import,,,media_1790604467212.csv
حسن,کرمانی,5,5,,09198615296,09153081683,,حومه,طلاب,سالاری,unknown,normal,import,نیمه1403: 6,,media_1790604467212.csv
امیر علی,کرمی,3,3,,09155127307,09157025071,38721430,رضاشهر,بلوار رضوی 3فرخی 2پلاک 156واحد 1,کلاس مهدویت,unknown,normal,import,,,"media_1790604467093.csv, media_1790604467135.csv"
شایان,کرمی,3,3,,09155117449,09155226129,,رضاشهر,خاقانی11/1,سید الهه حسینی,unknown,normal,import,نیمه1403: 6; غدیر1405: 2,,media_1790604467212.csv
امیررضا,کروچی,2,2,,09151008312,09151589807,,احمدآباد,بخارایی,,unknown,normal,import,غدیر1405: 4,,media_1790604467212.csv
آرتین,کریم خانی,5,5,,09152631322,09150573482,37678476,سجاد,گلریز1 یاسمن2/3 پ11,خانم کاشانی / خانم لقمانی,unknown,normal,import,غدیر1403: 1,,media_1790604467212.csv
علیرضا,کریم نژاد,4,4,,09365578595,09355974122,37290045,ابوطالب,ابوطالب 16 حسینی یاقوتی 2 پلاک 8 واحد 2,,unknown,normal,import,,سوسن نجارزاده | ماموریت ویژه2,"media_1790604467093.csv, media_1790604467135.csv"
امید,کریمی,6,6,,09152997488,,,ابوطالب,موسوی قوچانی,,unknown,normal,import,,,media_1790604467212.csv
سید امیرصدرا,کریمی,4,4,,09155303012,09155303011,,وکیل آباد چپ,,اقای حمید ظریف,unknown,normal,import,,,media_1790604467212.csv
سید علیرضا,کریمی,5,5,,09159083367,09359941649,,وکیل آباد چپ,هاشمیه75,دوست امیرعلی نازلی / مبین کریمی,class_seeker,normal,import,غدیر1403: 2; نیمه1403: 2; غدیر1404: 2; غدیر1405: 5,خواهان کلاس,media_1790604467212.csv
علیرضا,کریمی,,10,,09153024230,09153024230,37256979,آبکوه,تربیت شمالی 1/1 پ 43,علیپور,unknown,normal,import,,,"media_1790604467093.csv, media_1790604467135.csv"
محسن,کریمی,6,6,,09151133381,,,امام رضا,امام رضا 58 پ72,,unknown,normal,import,,,"media_1790604467093.csv, media_1790604467135.csv, media_1790604467212.csv"
محمد حسین,کریمی,2,2,,09038395488,09033143084,,آبکوه,,آقای وحید دولتخواه,unknown,normal,import,,,media_1790604467212.csv
محمد مهدی,کریمی,4,4,,09155107966,09155107966,,وکیل اباد راست,,یوسف اقطاعی / اسلامی,unknown,normal,import,غدیر1404: 1,,media_1790604467212.csv
مسیحا,کریمی,3,3,,,,,وکیل آباد چپ,سرو 19,,unknown,normal,import,,,media_1790604467212.csv
سبحان,کریمی احمداباد,2,2,,09356592488,09355167248,38230038,رضاشهر,سرافرازان.رهایی 5/2 پلا 48,مدنی طلب,unknown,normal,import,,,"media_1790604467093.csv, media_1790604467135.csv"
امیرحسین,کریمی سرابی,4,4,,09155018037,09358037712,33421683,کوهسنگی,بلوار نامجو-نامجو2-مجتمع مسکونی یاس-ساختمان نگین-واحد4,گروه مدرسه در واتساپ,unknown,normal,import,نیمه1403: 1,,"media_1790604467093.csv, media_1790604467135.csv, media_1790604467212.csv"
محمد رایان,کریمیان,4,4,,09159508606,09151409331,,وکیل آباد چپ,صیاد 21,سید معین افقهی زاده,unknown,normal,import,غدیر1403: 1,,media_1790604467212.csv
مارتیا,کشاورزیان,5,5,,09307595056,09304141585,00000,آبکوه,راهنمایی 11پلاک 4طبقه 1,کانال مدرسه,unknown,normal,import,,,media_1790604467093.csv
محمد حسن,کشمیری,1,1,09153005362,09153005362,09154065362,,فرامرز,ساجدی 5 فجر 13پلاک15 طبقه چهارم,لیلا ضیایی حسن ابادی,unknown,normal,import,,,media_1790604467093.csv
محمدطاها,کشمیری,4,4,,09156156804,09153068314,,احمدآباد,راهنمایی,,unknown,normal,import,غدیر1405: 4,,media_1790604467212.csv
کیان,کشمیری,5,5,,09158821248,09158821248,,ابوطالب,,,unknown,normal,import,غدیر1404: 2; غدیر1405: 5,,media_1790604467212.csv
سید محمدصالح,کظیمی,4,4,,09153009160,09154149160,37238778,آبکوه,صاحب الزمان,خانم هدایت زاده / 9303088782,unknown,normal,import,نیمه1403: 1; غدیر1404: 1; غدیر1405: 2,,media_1790604467212.csv
سیدعلی,کظیمی,6,6,,09159259644,,37123323,ابوطالب,حرعاملی 57 پلاک 56,آقای عمژیک,unknown,normal,import,,,"media_1790604467093.csv, media_1790604467135.csv"
حسین,کفاش,5,5,,09153003648,09372380377,37316446,ابوطالب,کامیاب9 سطوتی6پلاک32,بسیج,unknown,normal,import,نیمه1402: 3; غدیر1403: 3; نیمه1403: 2; غدیر1405: 5,,media_1790604467212.csv
حسین,کفشدار,6,6,,09195038372,09195038372,,,,عمه ام,unknown,normal,import,,,media_1790604467212.csv
مهدیار,کلاته عربی,3,3,,09389021447,09368878859,37678557,ابوطالب,خیام شمالی 50/6طبقه سوم پلاک 67,زارعی,unknown,normal,import,,,"media_1790604467093.csv, media_1790604467135.csv"
امیر عباس,کلاتی,4,4,,09335900760,09150472925,,فرامرز,,سمیه حاجی زاده,unknown,normal,import,غدیر1404: 1,,media_1790604467212.csv
داریوش,کلاسی,5,5,,09103362960,,,,,,unknown,normal,import,,,media_1790604467212.csv
سید مرتضی,کلالی,2,2,,09154007385,09156004095,38547145,آبکوه,سناباد پنجراه,,unknown,normal,import,غدیر1405: 6,,media_1790604467212.csv
سید رضا,کلالی نیا,5,5,,09155136983,09159924235,38547145,احمدآباد,چهارراه دکترا ابن سینا1پ21واحد 14,سرکار خانم دانشور / نوید فرزادفر / سرکارخانم صلاحی,unknown,normal,import,نیمه1403: 2; غدیر1404: 2; غدیر1405: 5,,media_1790604467212.csv
امیر محمد,کلانسر,4,4,,09385058813,,,ابوطالب,,,unknown,normal,import,,,media_1790604467212.csv
علیرضا,کمال آبادی,3,3,,09153210129,09155308715,38906283,وکیل آباد راست دور,معلم 71.ستاری22/1.پلاک 18.زنگ 2,خانم تقدمی,unknown,normal,import,,,"media_1790604467093.csv, media_1790604467135.csv"
حسین,کمالی,6,6,,09155085020,09370175021,,امام رضا,امام خمینی46,اکبری,unknown,normal,import,غدیر1405: 6,,media_1790604467212.csv
سجاد,کمالی,4,4,,09152178495,09356909281,,ابوطالب,حرعاملی 63,,unknown,normal,import,,,media_1790604467212.csv
محمدطاها,کمالی,5,5,,09153150521,,38419874,احمدآباد,ابوذر1 پ61,,unknown,normal,import,,,"media_1790604467093.csv, media_1790604467135.csv"
یاسین,کمالی,6,6,,09150039598,09158001924,,وکیل آباد راست,,سیدامیرحسینی,unknown,normal,import,,,media_1790604467212.csv
علیرضا,کهربایی,3,3,,09151002435,09156949145,,وکیل آباد راست,جلال آل احمد,قدیری,unknown,normal,import,غدیر1405: 6,,media_1790604467212.csv
علی,کهنی,3,3,,09157788638,09157788658,,فرامرز,فرامرز53,الهه اتابکی,unknown,normal,import,نیمه1403: 6,,media_1790604467212.csv
محمد رادین,کوزه ساز,2,2,,09155259693,09156246110,37252079,ابوطالب,ابوطالب1,خانوم دانشور,unknown,normal,import,,,"media_1790604467093.csv, media_1790604467135.csv"
امیرعلی,کوهستانی,2,2,,09151188020,09156014886,38443779,احمدآباد,سلمان فارسی 6 کوچه 6/4 پلاک 24 واحد1,کاظم اکبری,unknown,normal,import,,,"media_1790604467093.csv, media_1790604467135.csv"
محمدرضا,کوچک زاده,5,5,,09155194497,09151175904,38422492,احمدآباد,احمدآباد ابوذر 12پلاک 71 طبقه 4,دوستم,unknown,normal,import,,,"media_1790604467093.csv, media_1790604467135.csv"
رضا,کوچکی نیا,2,2,,09112421418,,32220381,امام رضا,فلکه آب اندرزگو 2 بعداز هتل آوازه پلاک133,از طریق کانال,unknown,normal,import,,,media_1790604467093.csv
رادین,کژخدایی,6,6,,09153001109,,,کوهسنگی,,,unknown,normal,import,,,media_1790604467212.csv
سجاد,کیان,5,5,,09155126957,,,کوهسنگی,,,unknown,normal,import,,,media_1790604467212.csv
طاها,کیان,1,1,,09155191048,,,احمدآباد,کفایی 3,,unknown,normal,import,,,"media_1790604467093.csv, media_1790604467135.csv"
علیرضا,کیانی,6,6,,09157085200,,,,,,unknown,normal,import,,,media_1790604467212.csv
محمدصالح,کیشی,4,4,,09307278797,09159229325,,ابوطالب,عبادی80 سه راهی سمت چپ پ26,,unknown,normal,import,,,media_1790604467212.csv
مهراب,کیوان,3,3,,09365803046,09196276290,,احمدآباد,راهنمایی,,unknown,normal,import,غدیر1405: 2,,media_1790604467212.csv
یاسین,کیوان,6,6,,09151186550,09155069079,,وکیل آباد راست,,,unknown,normal,import,,,media_1790604467212.csv
محمد,کیوانی,5,5,,09151002606,09393705088,,وکیل آباد راست,صدف 26,,unknown,normal,import,نیمه1402: 3; غدیر1403: 1; نیمه1403: 3; غدیر1404: 1,,media_1790604467212.csv
کیان,گرامی,4,4,,09386929391,,,,,,unknown,normal,import,,,media_1790604467212.csv
سید کیارش,گرامیان,6,6,,09156575918,09156575917,37654514,ابوطالب,خیام شمالی چراغچی38لعل2پلاک 21/1طبقه 4,جمال مالدار,unknown,normal,import,نیمه1403: 5,,media_1790604467212.csv
حسین,گروسی,4,4,,09191892636,09394413648,,امام رضا,,از طریق کانال,unknown,normal,import,,,media_1790604467212.csv
محمدحسین,گزمه,5,5,09214016331,09118661611,09111762181,,آبکوه,سناباد 45,خانم بیضایی,unknown,normal,import,,,"media_1790604467093.csv, media_1790604467135.csv"
ابوالفضل,گل ختمی,4,4,,09151052319,,37242562,ابوطالب,عبدالمطلب8 پ25,,unknown,normal,import,غدیر1404: 2,,media_1790604467212.csv
ماهان,گل فخرابادی,6,6,,09156940217,09387299605,,وکیل آباد راست,جلال ال احمد,پریسا زرقامی,unknown,normal,import,,,media_1790604467212.csv
فرهان,گل پرور,5,5,,09153036879,,,وکیل آباد چپ,هفت تیر 21,جشن غدیر هفت تیر 21,unknown,normal,import,غدیر1403: 1,,media_1790604467212.csv
طاها,گلدانی,,7,,09153203250,09155007618,38904506,وکیل آباد راست دور,صدف2پلاک 87,,unknown,normal,import,,,"media_1790604467093.csv, media_1790604467135.csv"
عرفان,گلمکانی,3,3,,09155137115,09154017115,38486923,آبکوه,خیابان فرامرز عباسی .خیابان رسالت انتهای رسالت 17,حکیم زاده,unknown,normal,import,,,"media_1790604467093.csv, media_1790604467135.csv"
علی اصغر,گنابادی نژاد,5,5,,09151130025,09150010025,,کوهسنگی,کوهسنگی 8,جشن غدیر هفت تیر 21,unknown,normal,import,غدیر1403: 2,,media_1790604467212.csv
محمد ایلیا,گنجعلی,6,6,,09368691856,09044703671,,وکیل آباد چپ,,خانم حاجی زاده,unknown,normal,import,,,media_1790604467212.csv
محمد کیان,گواه,1,1,,09155205163,09151069303,,وکیل آباد چپ,,پاشایی,unknown,normal,import,,,media_1790604467212.csv
عماد,گوهری,4,4,,09395226793,09364137481,,حومه,مدرسه سزاور رحمت,,unknown,normal,import,,,media_1790604467212.csv
ابوالضل,گیفانی,6,6,,09376400275,09368478276,,قاسم آباد الهیه,,عمه,unknown,normal,import,,,media_1790604467212.csv
امیر صدرا,یاسی,4,4,,09055080384,09153169791,,ابوطالب,بلوار شفا مجتمع یاس,زینب پاک سرشت,unknown,normal,import,غدیر1404: 2,,media_1790604467212.csv
سید محمدطاها,یاسینی,5,5,,09153166628,09155836893,,سجاد,,سید ایمان یاسینی,unknown,normal,import,,,media_1790604467212.csv
امیرمیثم,یاقوتی,5,5,,09303367866,,,وکیل آباد راست,امامت 40 پ33,آقای حداد مقدم 09105783082 / مهدی موسوی,class_seeker,normal,import,,خواهان کلاس,media_1790604467212.csv
سبحان,یاوری,5,5,,09157621358,09158166346,,احمدآباد,,سرکارخانم احمدی معلم دوم,unknown,normal,import,,,media_1790604467212.csv
سید نیما,یاوری,5,5,,09386929391,,,,,,unknown,normal,import,,,media_1790604467212.csv
پارسا,یاوری,3,3,,09155009803,09352399307,,آبکوه,دستغیب35,,unknown,normal,import,غدیر1403: 1; غدیر1404: 1; غدیر1405: 1,,media_1790604467212.csv
علیرضا,یزدان پرست,5,5,,09151108806,09151108806,35090199,وکیل آباد چپ دور,لادن 27 پ10 ط همکف,حاج آقای آدرانی,unknown,normal,import,,ماموریت ویژه2,"media_1790604467093.csv, media_1790604467135.csv, media_1790604467212.csv"
شهریار,یزدان پناه,5,5,,09151913979,09156327158,38582462,امام رضا,میدان امام خمینی خیابان فیاض بخش 8 پلاک 6 طبقه اول,کیان هاشمی,unknown,normal,import,غدیر1403: 3; نیمه1403: 5; غدیر1405: 5,,media_1790604467212.csv
امیرعباس,یزدانخواه,2,2,,09153177472,,,احمدآباد,امام خمینی,پسرخاله الیاس خالقی,unknown,normal,import,غدیر1405: 5,,media_1790604467212.csv
امیرحسین,یزدانی,4,4,,09155252143,09304346806,,قاسم آباد الهیه,,از گروه ایتا,unknown,normal,import,,,media_1790604467212.csv
علی اصغر,یزدانی,6,6,,09154003684,09153259103,,قاسم آباد الهیه,,ایتا,unknown,normal,import,,,media_1790604467212.csv
پدرام,یزدانی,4,4,,09016404664,09155052160,32239711,وکیل آباد راست دور,فارغ التحصیلان 16/2 پ1,,class_seeker,normal,import,,جزیره گنج | هردمبیلی | خواهان کلاس | حضوری,"media_1790604467093.csv, media_1790604467135.csv"
طاها,یزدی نژاد,2,2,,09151044391,09151184613,37123108,آبکوه,سازمان آب.صادقی 27.نگهبانی دوم.( فاز3B)ساختمان نرگس.طبقه اول.واحد 5.یزدی نژاد,مجمع نکوداشت غدیر,unknown,normal,import,,,media_1790604467093.csv
آرشان,یزدیانی,6,6,,09032089175,09155048422,,وکیل آباد چپ,,,unknown,normal,import,,,media_1790604467212.csv
ابوالفضل,یساقی,5,5,09158012519,09337398171,09033196624,,وکیل آباد راست,معلم 17 سروش34 / (بررسی بشه چهارمه یا پنجم؟!),آقای پیرودین / آقای گوهرشادی / خانم زهرا شالیکار,class_seeker,normal,import,غدیر1403: 6,خواهان کلاس,media_1790604467212.csv
آرمان,یعقوبی,5,5,,09151112873,09159000284,,وکیل آباد راست,صدف17 پ73,,class_seeker,normal,import,,خواهان کلاس,media_1790604467212.csv
ارمان,یعقوبی,6,6,,09032992728,09154405090,33414359,امام رضا,فداییان اسلام25سلیمان منش6پلاک332طبقه اول,معین افقهی زاده,unknown,normal,import,,,"media_1790604467093.csv, media_1790604467135.csv"
ایلیا,یعقوبی,2,2,,09153147387,,38830435,وکیل آباد راست,امامت 3 بعد از چهارراه اول پلاک39,,unknown,normal,import,,,"media_1790604467093.csv, media_1790604467135.csv"
عطا,یعقوبی,5,5,,09153590168,,,,,,unknown,normal,import,,,media_1790604467212.csv
کیان,یعقوبی,4,4,,09368282024,09368282024,37576071,ابوطالب,ابوطالب 57 مسجد نخودک سمت راست پلاک 55,خانم پیرنیا,unknown,normal,import,,,media_1790604467093.csv
محمد حسین,یعقوبیان,4,4,,09151217715,09158049053,,فرامرز,جانباز,کبیری,unknown,normal,import,غدیر1405: 1,,media_1790604467212.csv
فواد,یوسف زاده,5,5,,09365504810,09155362813,,وکیل آباد چپ,لادن12,جشن هفت تیر21,unknown,normal,import,نیمه1402: 1; غدیر1403: 3; نیمه1403: 1,,media_1790604467212.csv
محمد حسین,یوسف زاده,5,5,,09154205846,09151090362,5133654017,آبکوه,خیابان سناباد .روبروی سناباد 37 پلاک 346 - واحد 1,جناب آقای واحدی,class_seeker,normal,import,نیمه1402: 2; نیمه1403: 3; غدیر1404: 3,خواهان کلاس,"media_1790604467093.csv, media_1790604467135.csv, media_1790604467212.csv"
مهدیار,یوسف زاده,4,4,,09150409616,,,احمدآباد,,دانیال یوسف زاده,unknown,normal,import,نیمه1403: 2,,media_1790604467212.csv
امیرحسین,یوسف زاده فنایی,4,4,,09155038897,09153089053,38532870,امام رضا,خیابان ملک الشعرا بهار روبروی استانداری پلاک 157,زهرا علما,unknown,normal,import,,,"media_1790604467093.csv, media_1790604467135.csv"
عماد,یوسفی,2,2,,09155174249,09155584988,05136089302,وکیل آباد راست نزدیک,سیدرضی19 بعد از چهارراه اول پ204/1ط1,در گروه دبستان دخترانه مطرح شده بود,unknown,normal,import,,,"media_1790604467093.csv, media_1790604467135.csv"
محمد مهدی,یوسفی,6,6,,09155005428,,,رضاشهر,,,unknown,normal,import,,,media_1790604467212.csv
محمدحسین,یوسفی,5,5,,09155201721,09153041961,38404795,احمدآباد,احمد آباد، بابک 8، پلاک 18، طبقه 4,پورعطا,unknown,normal,import,,,"media_1790604467093.csv, media_1790604467135.csv"
محمدرضا,یوسفی,5,5,,09054157181,09050635549,,امام رضا,امام رضا38,,unknown,normal,import,غدیر1405: 6,,media_1790604467212.csv
پویا,یوسفی,4,4,,09915978017,,,,,عباس زاده / حمید ظریف,unknown,normal,import,,,media_1790604467212.csv
محمدحسین,یوسفی راد,4,4,,09153241996,09157071743,37243349,ابوطالب,مطهری 17/5 پ109/111,,unknown,normal,import,,جزیره گنج,"media_1790604467093.csv, media_1790604467135.csv"
محمد,یوسفی مقدم,4,4,,09915607801,09159929450,37244791,ابوطالب,خیابان عبادی 40،نیکنام 10،پلاک 1/65,خانم قمی,unknown,normal,import,,,"media_1790604467093.csv, media_1790604467135.csv"
ابوالفضل,یوسفیان,3,3,,09309956362,09364136064,,فرامرز,جانباز,,unknown,normal,import,,,media_1790604467212.csv
یاسین,یوسفیان,5,5,,09156882958,,,,,,unknown,normal,import,,,media_1790604467212.csv
امیرمهدی,یگانه,2,2,,09154258385,09154258385,5137689564,امام رضا,بلوار شهید رستمی.رستمی 12بلوک 17پلاک 7طبقه اول,مجمع نکوداشت,unknown,normal,import,,,"media_1790604467093.csv, media_1790604467135.csv"
